{
 "win": "c2020-03",
 "ctl": "c2020-03-ctrl500",
 "source_pool": 1910,
 "scale": 3.8276553106212425,
 "kbear": true,
 "screens": {
  "L만": {
   "winner_pass": 57,
   "ctrl_pass": 64,
   "winner_retain_pct": 28.5,
   "ctrl_removed_pct": 87.2,
   "lift": 2.22,
   "precision_natural_pct": 47.1,
   "doppelganger_outcome": {
    "준위너(상승했으나 위너미달)": 64
   },
   "sys_real_winner": {
    "n": 57,
    "median": 61.904761904761905,
    "mean": 91.84638407074371
   },
   "sys_real_doppelganger": {
    "n": 64,
    "median": 9.534667798860518,
    "mean": 22.00098548234458,
    "worst10": -3.700183668005911
   },
   "ev_per_pick_natural": 54.90336332977226,
   "ev_per_pick_pop": 35.18503857426494
  },
  "L+선행상승>=50": {
   "winner_pass": 44,
   "ctrl_pass": 13,
   "winner_retain_pct": 22.0,
   "ctrl_removed_pct": 97.4,
   "lift": 8.44,
   "precision_natural_pct": 77.2,
   "doppelganger_outcome": {
    "준위너(상승했으나 위너미달)": 13
   },
   "sys_real_winner": {
    "n": 44,
    "median": 88.20139695299123,
    "mean": 116.81593415756448
   },
   "sys_real_doppelganger": {
    "n": 13,
    "median": 56.312625250501,
    "mean": 71.24652219024125,
    "worst10": -2.0477815699658675
   },
   "ev_per_pick_natural": 106.42291037554341,
   "ev_per_pick_pop": 92.63159484348257
  },
  "L+선행상승>=50+I": {
   "winner_pass": 28,
   "ctrl_pass": 8,
   "winner_retain_pct": 14.0,
   "ctrl_removed_pct": 98.4,
   "lift": 8.73,
   "precision_natural_pct": 77.8,
   "doppelganger_outcome": {
    "준위너(상승했으나 위너미달)": 8
   },
   "sys_real_winner": {
    "n": 28,
    "median": 86.25954198473282,
    "mean": 125.42899686762028
   },
   "sys_real_doppelganger": {
    "n": 8,
    "median": 78.6259541984733,
    "mean": 90.30663666738867,
    "worst10": 40.31770045385778
   },
   "ev_per_pick_natural": 117.62402793423547,
   "ev_per_pick_pop": 107.08257050841273
  }
 },
 "survivor_corrected": {
  "delisted_total": 108,
  "evaluable": 108,
  "screen_pass": 38,
  "pass_codes": [
   "141070",
   "221610",
   "182690",
   "090740",
   "126870",
   "056000",
   "096640",
   "078650",
   "015540",
   "030790",
   "148140",
   "181340",
   "136510",
   "062860",
   "299910",
   "268600",
   "038340",
   "214870",
   "071460",
   "072520",
   "226440",
   "023460",
   "044060",
   "290380",
   "024810",
   "096040",
   "151910",
   "014200",
   "054630",
   "057880",
   "001140",
   "208340",
   "052670",
   "222810",
   "204630",
   "008110",
   "139050",
   "217620"
  ],
  "dead_sys_real": {
   "median": -15.762273901808788,
   "mean": -0.11584727344652355,
   "worst10": -29.968394253170032
  },
  "precision_survivor_only_pct": 77.2,
  "precision_corrected_pct": 46.3,
  "ev_pop_survivor_only": 92.63159484348257,
  "ev_pop_corrected": 65.88284206893113,
  "reject_breakdown": {
   "★약세(시스템OFF·매수X)": 5,
   "거래정지(가격동결·체결불가)": 45,
   "RS<80": 16,
   "선행상승<50": 4
  },
  "detail": [
   {
    "code": "141070",
    "name": "맥스로텍",
    "delisting_date": "2021-09-16",
    "reason": "발행한 어음 또는 수표가 주거래은행에 의하여 최종부도로 결정되거나 거래은행에 의한 거래정지",
    "buy_date": "2020-09-15",
    "buy_px": 2050.0,
    "prior_up_pct": 71.3,
    "rs": 81.8,
    "sys_real_pct": 31.7,
    "sys_why": "④-35%트레일"
   },
   {
    "code": "221610",
    "name": "자안바이오",
    "delisting_date": "2022-01-05",
    "reason": "발행한 어음 또는 수표가 주거래은행에 의하여 최종부도로 결정되거나 거래은행에 의한 거래정지",
    "buy_date": "2020-05-26",
    "buy_px": 21350.0,
    "prior_up_pct": 331.5,
    "rs": 92.0,
    "sys_real_pct": -2.8,
    "sys_why": "★약세스위치"
   },
   {
    "code": "182690",
    "name": "테라셈",
    "delisting_date": "2022-10-17",
    "reason": "감사의견 거절(감사범위 제한)",
    "buy_date": "2020-05-26",
    "buy_px": 3800.0,
    "prior_up_pct": 301.7,
    "rs": 99.4,
    "sys_real_pct": 4.5,
    "sys_why": "★약세스위치"
   },
   {
    "code": "090740",
    "name": "연이비앤티",
    "delisting_date": "2022-10-17",
    "reason": "기업의 계속성 및 경영의 투명성 등을 종합적으로 고려하여 상장폐지기준에 해당한다고 결정",
    "buy_date": "2020-05-26",
    "buy_px": 5370.0,
    "prior_up_pct": 336.2,
    "rs": 87.2,
    "sys_real_pct": 0.6,
    "sys_why": "★약세스위치"
   },
   {
    "code": "126870",
    "name": "뉴로스",
    "delisting_date": "2022-10-26",
    "reason": "감사의견 거절(감사범위 제한 및 계속기업 존속능력 불확실성)",
    "buy_date": "2021-02-01",
    "buy_px": 6020.0,
    "prior_up_pct": 194.6,
    "rs": 80.1,
    "sys_real_pct": -20.3,
    "sys_why": "③-15%재해"
   },
   {
    "code": "056000",
    "name": "코원플레이",
    "delisting_date": "2023-03-30",
    "reason": "감사의견 거절(감사범위 제한 및 계속기업가정 불확실성)",
    "buy_date": "2020-05-26",
    "buy_px": 3100.0,
    "prior_up_pct": 600.6,
    "rs": 86.5,
    "sys_real_pct": -1.1,
    "sys_why": "★약세스위치"
   },
   {
    "code": "096640",
    "name": "멜파스",
    "delisting_date": "2023-07-17",
    "reason": "기업의 계속성 및 경영의 투명성 등을 종합적으로 고려하여 상장폐지기준에 해당한다고 결정",
    "buy_date": "2021-03-23",
    "buy_px": 2225.0,
    "prior_up_pct": 296.4,
    "rs": 81.5,
    "sys_real_pct": -16.0,
    "sys_why": "③-15%재해"
   },
   {
    "code": "078650",
    "name": "지나인제약",
    "delisting_date": "2023-07-21",
    "reason": "감사의견 거절(감사범위 제한 및 계속기업가정 불확실성)",
    "buy_date": "2021-05-28",
    "buy_px": 49813.0,
    "prior_up_pct": 116.6,
    "rs": 84.4,
    "sys_real_pct": -17.2,
    "sys_why": "③-15%재해"
   },
   {
    "code": "015540",
    "name": "에코바이브",
    "delisting_date": "2023-11-07",
    "reason": "감사의견 의견거절 2년 계속",
    "buy_date": "2020-06-23",
    "buy_px": 8130.0,
    "prior_up_pct": 85.4,
    "rs": 80.7,
    "sys_real_pct": -16.6,
    "sys_why": "③-15%재해"
   },
   {
    "code": "030790",
    "name": "비케이탑스",
    "delisting_date": "2024-05-13",
    "reason": "감사의견 의견거절 2년 계속",
    "buy_date": "2020-11-25",
    "buy_px": 18150.0,
    "prior_up_pct": 217.0,
    "rs": 80.0,
    "sys_real_pct": -22.6,
    "sys_why": "③-15%재해"
   },
   {
    "code": "148140",
    "name": "비디아이",
    "delisting_date": "2024-06-07",
    "reason": "기업의 계속성 및 경영의 투명성 등을 종합적으로 고려하여 상장폐지기준에 해당한다고 결정",
    "buy_date": "2020-05-29",
    "buy_px": 145345.0,
    "prior_up_pct": 52.8,
    "rs": 98.0,
    "sys_real_pct": -37.0,
    "sys_why": "③-15%재해"
   },
   {
    "code": "181340",
    "name": "이즈미디어",
    "delisting_date": "2024-07-10",
    "reason": "감사범위 제한",
    "buy_date": "2021-01-13",
    "buy_px": 4324.0,
    "prior_up_pct": 195.2,
    "rs": 80.3,
    "sys_real_pct": 183.7,
    "sys_why": "④-35%트레일"
   },
   {
    "code": "136510",
    "name": "스마트솔루션즈",
    "delisting_date": "2024-07-25",
    "reason": "감사의견 거절",
    "buy_date": "2021-06-03",
    "buy_px": 5039.0,
    "prior_up_pct": 219.5,
    "rs": 80.9,
    "sys_real_pct": 52.8,
    "sys_why": "④-35%트레일"
   },
   {
    "code": "062860",
    "name": "티엘아이",
    "delisting_date": "2024-11-14",
    "reason": "기업의 계속성 및 경영의 투명성 등을 종합적으로 고려하여 상장폐지기준에 해당한다고 결정",
    "buy_date": "2020-06-17",
    "buy_px": 6000.0,
    "prior_up_pct": 51.4,
    "rs": 90.5,
    "sys_real_pct": 60.0,
    "sys_why": "④-35%트레일"
   },
   {
    "code": "299910",
    "name": "애닉",
    "delisting_date": "2025-02-14",
    "reason": "기업의 계속성 및 경영의 투명성 등을 종합적으로 고려하여 상장폐지기준에 해당한다고 결정",
    "buy_date": "2021-02-03",
    "buy_px": 44562.0,
    "prior_up_pct": 231.2,
    "rs": 81.1,
    "sys_real_pct": -22.0,
    "sys_why": "③-15%재해"
   },
   {
    "code": "268600",
    "name": "셀리버리",
    "delisting_date": "2025-03-07",
    "reason": "감사의견 거절(감사범위 제한 및 계속기업 가정 불확실성)",
    "buy_date": "2020-05-26",
    "buy_px": 21258.0,
    "prior_up_pct": 347.5,
    "rs": 93.9,
    "sys_real_pct": 3.5,
    "sys_why": "★약세스위치"
   },
   {
    "code": "038340",
    "name": "MIT",
    "delisting_date": "2025-03-28",
    "reason": "기업의 계속성 및 경영의 투명성 등을 종합적으로 고려하여 상장폐지기준에 해당한다고 결정",
    "buy_date": "2020-06-04",
    "buy_px": 9045.0,
    "prior_up_pct": 319.6,
    "rs": 86.0,
    "sys_real_pct": -23.1,
    "sys_why": "③-15%재해"
   },
   {
    "code": "214870",
    "name": "한울BnC",
    "delisting_date": "2025-03-31",
    "reason": "감사의견 거절(감사범위 제한 및 계속기업가정 불확실성)",
    "buy_date": "2020-05-26",
    "buy_px": 75554.0,
    "prior_up_pct": 409.2,
    "rs": 82.1,