{
 "src": "c2020-03",
 "guard_noI": {
  "final": 1.2358172960069003,
  "cagr": 0.0990283853934697,
  "mdd": -0.30766291416654346,
  "uw_max": 318,
  "sharpe": 0.4886175247870927,
  "yrs": 2.242299794661191
 },
 "guard_I": {
  "final": 1.2358172960069003,
  "cagr": 0.0990283853934697,
  "mdd": -0.30766291416654346,
  "uw_max": 318,
  "sharpe": 0.4886175247870927,
  "yrs": 2.242299794661191
 },
 "kospi": {
  "final": 1.4407978784048596,
  "cagr": 0.17688036505748284,
  "mdd": -0.3570889779916473,
  "uw_max": 186,
  "sharpe": 0.8642002917204683,
  "yrs": 2.242299794661191
 },
 "flow_codes": 737,
 "flow_from": "2023-11-28",
 "delta_cagr_pp": 0.0,
 "trades": 75,
 "winrate": 0.30666666666666664
}