{
 "순+스위치": {
  "final": 0.7007953103387186,
  "metrics": {
   "final": 0.7007953103387186,
   "cagr": -0.14662838307573944,
   "mdd": -0.3833642864168013,
   "uw_max": 552,
   "sharpe": -0.5117291203608745,
   "yrs": 2.242299794661191
  }
 },
 "순+스위치無": {
  "final": 0.9879499146927383,
  "metrics": {
   "final": 0.9879499146927383,
   "cagr": -0.005392036405426626,
   "mdd": -0.5072408377267011,
   "uw_max": 488,
   "sharpe": 0.1216138107892537,
   "yrs": 2.242299794661191
  }
 },
 "총(비용0)+스위치": {
  "final": 0.8056492921893866,
  "metrics": {
   "final": 0.8056492921893866,
   "cagr": -0.09187866352173657,
   "mdd": -0.3091529800153878,
   "uw_max": 328,
   "sharpe": -0.2760464538886156,
   "yrs": 2.242299794661191
  }
 }
}