{
 "눌림목·≥5천억(클린)": {
  "final": 0.7970457671495765,
  "bull_sys": 1.8466562918282525,
  "bull_kospi": 47.065577363205136,
  "trades": 51
 },
 "눌림목·≥1조(클린)": {
  "final": 0.9186039177858829,
  "bull_sys": -1.9655592035950797,
  "bull_kospi": 47.065577363205136,
  "trades": 36
 },
 "★주도주모멘텀·≥5천억": {
  "final": 1.5437633957501964,
  "bull_sys": 70.54937841870598,
  "bull_kospi": 47.065577363205136,
  "trades": 87
 },
 "★주도주모멘텀·≥1조": {
  "final": 1.7669327693572474,
  "bull_sys": 80.28376015598464,
  "bull_kospi": 47.065577363205136,
  "trades": 69
 },
 "★주도주모멘텀·≥3조": {
  "final": 1.3241243355611743,
  "bull_sys": 58.10406426339314,
  "bull_kospi": 47.065577363205136,
  "trades": 60
 }
}