{
 "1년1등모멘텀 N=3": {
  "final": 1.8583199427592143,
  "bull_sys": 72.01560705024046,
  "bull_kospi": 47.065577363205136,
  "trades": 56
 },
 "다단계모멘텀 N=3": {
  "final": 1.533722315740414,
  "bull_sys": 64.68807809850097,
  "bull_kospi": 47.065577363205136,
  "trades": 69
 },
 "외인강도 N=3": {
  "final": 1.0,
  "bull_sys": 0.0,
  "bull_kospi": 47.065577363205136,
  "trades": 0
 },
 "1년1등모멘텀 N=5": {
  "final": 1.8458077014322303,
  "bull_sys": 75.8838405455851,
  "bull_kospi": 47.065577363205136,
  "trades": 64
 },
 "다단계모멘텀 N=5": {
  "final": 1.302356724225195,
  "bull_sys": 40.16596251908639,
  "bull_kospi": 47.065577363205136,
  "trades": 87
 },
 "외인강도 N=5": {
  "final": 1.0,
  "bull_sys": 0.0,
  "bull_kospi": 47.065577363205136,
  "trades": 0
 }
}