{
 "win": "c2020-03",
 "winner": {
  "BASE(-15재해/-20트레일)": {
   "n": 200,
   "med": 73.92265193370167,
   "mean": 100.58854139969095,
   "w10": -6.517978993191983,
   "loss%": 9.0
  },
  "BE@+20(본전스톱)": {
   "n": 200,
   "med": 73.92265193370167,
   "mean": 100.58854139969095,
   "w10": -6.517978993191983,
   "loss%": 9.0
  },
  "BE@+30": {
   "n": 200,
   "med": 73.92265193370167,
   "mean": 100.58854139969095,
   "w10": -6.517978993191983,
   "loss%": 9.0
  },
  "BE@+50": {
   "n": 200,
   "med": 73.92265193370167,
   "mean": 100.58854139969095,
   "w10": -6.517978993191983,
   "loss%": 9.0
  },
  "LOCK@+30→+10": {
   "n": 200,
   "med": 73.27935222672065,
   "mean": 99.27343966758978,
   "w10": -6.517978993191983,
   "loss%": 9.0
  },
  "LOCK@+50→+20": {
   "n": 200,
   "med": 73.92265193370167,
   "mean": 100.58854139969095,
   "w10": -6.517978993191983,
   "loss%": 9.0
  },
  "SCALE@+25(절반익절)": {
   "n": 200,
   "med": 52.01465201465202,
   "mean": 61.613172248442076,
   "w10": -6.424774051331518,
   "loss%": 8.5
  }
 },
 "doppelganger": {
  "BASE(-15재해/-20트레일)": {
   "n": 13,
   "med": 71.71052631578947,
   "mean": 79.05822667059904,
   "w10": -2.0477815699658675,
   "loss%": 15.384615384615385
  },
  "BE@+20(본전스톱)": {
   "n": 13,
   "med": 71.71052631578947,
   "mean": 79.05822667059904,
   "w10": -2.0477815699658675,
   "loss%": 15.384615384615385
  },
  "BE@+30": {
   "n": 13,
   "med": 71.71052631578947,
   "mean": 79.05822667059904,
   "w10": -2.0477815699658675,
   "loss%": 15.384615384615385
  },
  "BE@+50": {
   "n": 13,
   "med": 71.71052631578947,
   "mean": 79.05822667059904,
   "w10": -2.0477815699658675,
   "loss%": 15.384615384615385
  },
  "LOCK@+30→+10": {
   "n": 13,
   "med": 71.71052631578947,
   "mean": 79.05822667059904,
   "w10": -2.0477815699658675,
   "loss%": 15.384615384615385
  },
  "LOCK@+50→+20": {
   "n": 13,
   "med": 71.71052631578947,
   "mean": 79.05822667059904,
   "w10": -2.0477815699658675,
   "loss%": 15.384615384615385
  },
  "SCALE@+25(절반익절)": {
   "n": 13,
   "med": 55.30671859785784,
   "mean": 51.308896560376326,
   "w10": -2.0477815699658675,
   "loss%": 15.384615384615385
  }
 }
}