{
 "전체": {
  "static_sys_bull": 38.05414302909729,
  "static_kospi_bull": 47.065577363205136,
  "pit_sys_bull": 38.05414302909729,
  "pit_kospi_bull": 47.065577363205136,
  "pit_final": 1.2358172960069003,
  "pit_trades": 75
 },
 "≥5천억": {
  "static_sys_bull": 41.129201052406536,
  "static_kospi_bull": 47.065577363205136,
  "pit_sys_bull": 1.8466562918282525,
  "pit_kospi_bull": 47.065577363205136,
  "pit_final": 0.7970457671495765,
  "pit_trades": 51
 },
 "≥1조": {
  "static_sys_bull": 63.598347322285484,
  "static_kospi_bull": 47.065577363205136,
  "pit_sys_bull": -1.9655592035950797,
  "pit_kospi_bull": 47.065577363205136,
  "pit_final": 0.9186039177858829,
  "pit_trades": 36
 },
 "≥3조": {
  "static_sys_bull": 9.890251747739786,
  "static_kospi_bull": 47.065577363205136,
  "pit_sys_bull": -6.959883887302798,
  "pit_kospi_bull": 47.065577363205136,
  "pit_final": 0.8722518045395421,
  "pit_trades": 19
 }
}