{
 "win": "c2024-12",
 "ctl": "c2024-12-ctrl500",
 "source_pool": 2352,
 "scale": 4.704,
 "kbear": true,
 "screens": {
  "L만": {
   "winner_pass": 115,
   "ctrl_pass": 37,
   "winner_retain_pct": 57.5,
   "ctrl_removed_pct": 92.6,
   "lift": 7.77,
   "precision_natural_pct": 75.7,
   "doppelganger_outcome": {
    "준위너(상승했으나 위너미달)": 37
   },
   "sys_real_winner": {
    "n": 115,
    "median": 111.51358344113844,
    "mean": 133.16981307818446
   },
   "sys_real_doppelganger": {
    "n": 37,
    "median": 5.812417437252315,
    "mean": 28.790576998011502,
    "worst10": -1.8163510439081376
   },
   "ev_per_pick_natural": 107.76170955866867,
   "ev_per_pick_pop": 70.31866973423486
  },
  "L+선행상승>=50": {
   "winner_pass": 104,
   "ctrl_pass": 11,
   "winner_retain_pct": 52.0,
   "ctrl_removed_pct": 97.8,
   "lift": 23.64,
   "precision_natural_pct": 90.4,
   "doppelganger_outcome": {
    "준위너(상승했으나 위너미달)": 11
   },
   "sys_real_winner": {
    "n": 104,
    "median": 118.15718157181574,
    "mean": 145.64528017909342
   },
   "sys_real_doppelganger": {
    "n": 11,
    "median": 48.484848484848484,
    "mean": 74.56567575011131,
    "worst10": 6.329113924050622
   },
   "ev_per_pick_natural": 138.84636149458208,
   "ev_per_pick_pop": 122.02996882473467
  },
  "L+선행상승>=50+I": {
   "winner_pass": 90,
   "ctrl_pass": 9,
   "winner_retain_pct": 45.0,
   "ctrl_removed_pct": 98.2,
   "lift": 25.0,
   "precision_natural_pct": 90.9,
   "doppelganger_outcome": {
    "준위너(상승했으나 위너미달)": 9
   },
   "sys_real_winner": {
    "n": 90,
    "median": 116.81957186544341,
    "mean": 142.3517361511028
   },
   "sys_real_doppelganger": {
    "n": 9,
    "median": 49.76190476190476,
    "mean": 85.00363485624489,
    "worst10": 6.329113924050622
   },
   "ev_per_pick_natural": 137.1382723970248,
   "ev_per_pick_pop": 124.00533595448884
  }
 },
 "survivor_corrected": {
  "delisted_total": 38,
  "evaluable": 38,
  "screen_pass": 0,
  "pass_codes": [],
  "dead_sys_real": {
   "median": null,
   "mean": 0,
   "worst10": null
  },
  "precision_survivor_only_pct": 90.4,
  "precision_corrected_pct": 90.4,
  "ev_pop_survivor_only": 122.02996882473467,
  "ev_pop_corrected": 122.02996882473467,
  "reject_breakdown": {
   "★약세(시스템OFF·매수X)": 5,
   "거래정지(가격동결·체결불가)": 33
  },
  "detail": []
 },
 "universe_death_correction": {
  "universe_pass": 1489,
  "winner_pass": 198,
  "dead_pass": 20,
  "other_pass": 1271,
  "precision_pricewise_pct": 13.3,
  "ev_all": 9.870146636298708,
  "ev_survivors_only": 10.087950566229717,
  "dead_sys": {
   "n": 20,
   "median": -7.290195171251252,
   "mean": -6.127552017133949,
   "worst10": -26.57455335069102
  },
  "dead_detail": [
   {
    "code": "006490",
    "buy_date": "2025-02-18",
    "last_pct": -78,
    "sys_real_pct": 10.5
   },
   {
    "code": "002410",
    "buy_date": "2025-02-18",
    "last_pct": -46,
    "sys_real_pct": -17.4
   },
   {
    "code": "069460",
    "buy_date": "2025-02-19",
    "last_pct": -57,
    "sys_real_pct": -0.9
   },
   {
    "code": "015020",
    "buy_date": "2025-02-18",
    "last_pct": -64,
    "sys_real_pct": 31.3
   },
   {
    "code": "071950",
    "buy_date": "2025-02-18",
    "last_pct": -82,
    "sys_real_pct": 0.7
   },
   {
    "code": "051980",
    "buy_date": "2025-02-18",
    "last_pct": -76,
    "sys_real_pct": -6.9
   },
   {
    "code": "290660",
    "buy_date": "2025-07-17",
    "last_pct": -85,
    "sys_real_pct": -17.9
   },
   {
    "code": "042940",
    "buy_date": "2025-05-13",
    "last_pct": -81,
    "sys_real_pct": -23.9
   },
   {
    "code": "105550",
    "buy_date": "2025-02-18",
    "last_pct": -85,
    "sys_real_pct": 8.0
   },
   {
    "code": "023440",
    "buy_date": "2025-02-18",
    "last_pct": -70,
    "sys_real_pct": 7.9
   },
   {
    "code": "288330",
    "buy_date": "2025-02-18",
    "last_pct": -91,
    "sys_real_pct": 8.8
   },
   {
    "code": "064090",
    "buy_date": "2025-03-17",
    "last_pct": -73,
    "sys_real_pct": -8.9
   },
   {
    "code": "200230",
    "buy_date": "2025-08-25",
    "last_pct": -85,
    "sys_real_pct": -29.2
   },
   {
    "code": "377030",
    "buy_date": "2025-06-18",
    "last_pct": -89,
    "sys_real_pct": -17.3
   },
   {
    "code": "322780",
    "buy_date": "2025-08-05",
    "last_pct": -69,
    "sys_real_pct": -15.1
   },
   {
    "code": "308100",
    "buy_date": "2025-05-07",
    "last_pct": -82,
    "sys_real_pct": -15.4
   },
   {
    "code": "083660",
    "buy_date": "2025-06-18",
    "last_pct": -83,
    "sys_real_pct": -5.3
   },
   {
    "code": "069920",
    "buy_date": "2025-05-20",
    "last_pct": -88,
    "sys_real_pct": -22.6
   },
   {
    "code": "121850",
    "buy_date": "2025-02-24",
    "last_pct": -86,
    "sys_real_pct": -7.6
   },
   {
    "code": "044180",
    "buy_date": "2025-03-27",
    "last_pct": -75,
    "sys_real_pct": -1.2
   }
  ]
 }
}