{
 "순+스위치": {
  "final": 0.38761703748737203,
  "metrics": {
   "final": 0.38761703748737203,
   "cagr": -0.17451072139850865,
   "mdd": -0.7556366585597498,
   "uw_max": 1199,
   "sharpe": -0.5859294609983088,
   "yrs": 4.941820670773443
  }
 },
 "순+스위치無": {
  "final": 0.25608580008670123,
  "metrics": {
   "final": 0.25608580008670123,
   "cagr": -0.24092602574985122,
   "mdd": -0.8665515566732677,
   "uw_max": 1199,
   "sharpe": -0.6901362702327117,
   "yrs": 4.941820670773443
  }
 },
 "총(비용0)+스위치": {
  "final": 0.5196265735910913,
  "metrics": {
   "final": 0.5196265735910913,
   "cagr": -0.12407111965951001,
   "mdd": -0.7034101154941867,
   "uw_max": 747,
   "sharpe": -0.3672474722873651,
   "yrs": 4.941820670773443
  }
 }
}