{
 "src": "c2024-12",
 "guard_noI": {
  "final": 0.5777756681532666,
  "cagr": -0.10506623272062543,
  "mdd": -0.6639904525971085,
  "uw_max": 747,
  "sharpe": -0.3148686180231747,
  "yrs": 4.941820670773443
 },
 "guard_I": {
  "final": 0.852449740003127,
  "cagr": -0.03178788785218256,
  "mdd": -0.6715728750715072,
  "uw_max": 747,
  "sharpe": 0.011766756716633575,
  "yrs": 4.941820670773443
 },
 "kospi": {
  "final": 2.3141728040777227,
  "cagr": 0.1850513045673159,
  "mdd": -0.34785081259316275,
  "uw_max": 1022,
  "sharpe": 0.8803135641795332,
  "yrs": 4.941820670773443
 },
 "flow_codes": 1218,
 "flow_from": "2016-01-21",
 "delta_cagr_pp": 7.327834486844287,
 "trades": 143,
 "winrate": 0.25874125874125875
}