{
 "눌림목·≥5천억(클린)": {
  "final": 1.3218205643692515,
  "bull_sys": 44.422981044317545,
  "bull_kospi": 57.290101464694686,
  "trades": 121
 },
 "눌림목·≥1조(클린)": {
  "final": 1.755622082364323,
  "bull_sys": 39.45817299038992,
  "bull_kospi": 57.290101464694686,
  "trades": 88
 },
 "★주도주모멘텀·≥5천억": {
  "final": 1.1477944087198346,
  "bull_sys": -3.068265167581785,
  "bull_kospi": 57.290101464694686,
  "trades": 196
 },
 "★주도주모멘텀·≥1조": {
  "final": 1.2025915017681466,
  "bull_sys": 0.6665356198626515,
  "bull_kospi": 57.290101464694686,
  "trades": 168
 },
 "★주도주모멘텀·≥3조": {
  "final": 1.6728496376651383,
  "bull_sys": 24.077981346724677,
  "bull_kospi": 57.290101464694686,
  "trades": 122
 }
}