{
 "1년1등모멘텀 N=3": {
  "final": 5.699875976183791,
  "bull_sys": 120.43254307816716,
  "bull_kospi": 57.290101464694686,
  "trades": 82
 },
 "다단계모멘텀 N=3": {
  "final": 4.690914898318595,
  "bull_sys": 95.99267587874067,
  "bull_kospi": 57.290101464694686,
  "trades": 112
 },
 "외인강도 N=3": {
  "final": 1.3031168030631688,
  "bull_sys": 21.707199728429206,
  "bull_kospi": 57.290101464694686,
  "trades": 55
 },
 "1년1등모멘텀 N=5": {
  "final": 3.559167079985206,
  "bull_sys": 86.94784705932253,
  "bull_kospi": 57.290101464694686,
  "trades": 134
 },
 "다단계모멘텀 N=5": {
  "final": 2.619849568227165,
  "bull_sys": 61.07664980276777,
  "bull_kospi": 57.290101464694686,
  "trades": 188
 },
 "외인강도 N=5": {
  "final": 1.2858351144111373,
  "bull_sys": 18.626635513604196,
  "bull_kospi": 57.290101464694686,
  "trades": 99
 }
}