{
 "win": "c2024-12",
 "winner": {
  "BASE(-15재해/-20트레일)": {
   "n": 200,
   "med": 75.51266586248492,
   "mean": 89.50265884533833,
   "w10": -7.32249745245703,
   "loss%": 9.5
  },
  "BE@+20(본전스톱)": {
   "n": 200,
   "med": 75.51266586248492,
   "mean": 89.50265884533833,
   "w10": -7.32249745245703,
   "loss%": 9.5
  },
  "BE@+30": {
   "n": 200,
   "med": 75.51266586248492,
   "mean": 89.50265884533833,
   "w10": -7.32249745245703,
   "loss%": 9.5
  },
  "BE@+50": {
   "n": 200,
   "med": 75.51266586248492,
   "mean": 89.50265884533833,
   "w10": -7.32249745245703,
   "loss%": 9.5
  },
  "LOCK@+30→+10": {
   "n": 200,
   "med": 75.12953367875647,
   "mean": 88.15381772221922,
   "w10": -7.32249745245703,
   "loss%": 9.5
  },
  "LOCK@+50→+20": {
   "n": 200,
   "med": 75.51266586248492,
   "mean": 89.50265884533833,
   "w10": -7.32249745245703,
   "loss%": 9.5
  },
  "SCALE@+25(절반익절)": {
   "n": 200,
   "med": 54.64767616191904,
   "mean": 57.19941939785241,
   "w10": -6.908067490454518,
   "loss%": 8.5
  }
 },
 "doppelganger": {
  "BASE(-15재해/-20트레일)": {
   "n": 11,
   "med": 71.91780821917808,
   "mean": 78.96346562097388,
   "w10": 8.753315649867366,
   "loss%": 0.0
  },
  "BE@+20(본전스톱)": {
   "n": 11,
   "med": 71.91780821917808,
   "mean": 78.96346562097388,
   "w10": 8.753315649867366,
   "loss%": 0.0
  },
  "BE@+30": {
   "n": 11,
   "med": 71.91780821917808,
   "mean": 78.96346562097388,
   "w10": 8.753315649867366,
   "loss%": 0.0
  },
  "BE@+50": {
   "n": 11,
   "med": 71.91780821917808,
   "mean": 78.96346562097388,
   "w10": 8.753315649867366,
   "loss%": 0.0
  },
  "LOCK@+30→+10": {
   "n": 11,
   "med": 71.91780821917808,
   "mean": 78.96346562097388,
   "w10": 8.753315649867366,
   "loss%": 0.0
  },
  "LOCK@+50→+20": {
   "n": 11,
   "med": 71.91780821917808,
   "mean": 78.96346562097388,
   "w10": 8.753315649867366,
   "loss%": 0.0
  },
  "SCALE@+25(절반익절)": {
   "n": 11,
   "med": 49.91087344028521,
   "mean": 55.063082085440804,
   "w10": 8.753315649867366,
   "loss%": 0.0
  }
 }
}