{
 "전체": {
  "static_sys_bull": 8.176495663613249,
  "static_kospi_bull": 57.290101464694686,
  "pit_sys_bull": 8.176495663613249,
  "pit_kospi_bull": 57.290101464694686,
  "pit_final": 0.8275263902392711,
  "pit_trades": 146
 },
 "≥5천억": {
  "static_sys_bull": 54.990708404703746,
  "static_kospi_bull": 57.290101464694686,
  "pit_sys_bull": 44.422981044317545,
  "pit_kospi_bull": 57.290101464694686,
  "pit_final": 1.3218205643692515,
  "pit_trades": 121
 },
 "≥1조": {
  "static_sys_bull": 103.61667062044103,
  "static_kospi_bull": 57.290101464694686,
  "pit_sys_bull": 39.45817299038992,
  "pit_kospi_bull": 57.290101464694686,
  "pit_final": 1.755622082364323,
  "pit_trades": 88
 },
 "≥3조": {
  "static_sys_bull": 86.1585107428757,
  "static_kospi_bull": 57.290101464694686,
  "pit_sys_bull": 41.155073909944996,
  "pit_kospi_bull": 57.290101464694686,
  "pit_final": 1.5657434889157382,
  "pit_trades": 59
 }
}