"# source=Yahoo Finance chart API v8 symbol=SPY collected=2026-09-12 basis=close(price),adjclose(total return incl. dividends)"
date,close,adjclose
1993-01-29,43.9375,24.11325454711914
1993-02-01,44.25,24.28476905822754
1993-02-02,44.34375,24.33621597290039
1993-02-03,44.8125,24.593461990356445
1993-02-04,45.0,24.696365356445312
1993-02-05,44.96875,24.67921257019043
1993-02-08,44.96875,24.67921257019043
1993-02-09,44.65625,24.507726669311523
1993-02-10,44.71875,24.542007446289062
1993-02-11,44.9375,24.66208267211914
1993-02-12,44.59375,24.473421096801758
1993-02-16,43.46875,23.85601806640625
1993-02-17,43.4375,23.838842391967773
1993-02-18,43.40625,23.821704864501953
1993-02-19,43.5625,23.90746307373047
1993-02-22,43.71875,23.99321746826172
1993-02-23,43.6875,23.97605323791504
1993-02-24,44.25,24.28476905822754
1993-02-25,44.34375,24.33621597290039
1993-02-26,44.40625,24.370519638061523
1993-03-01,44.28125,24.301918029785156
1993-03-02,44.9375,24.66208267211914
1993-03-03,45.125,24.76496696472168
1993-03-04,44.875,24.62776756286621
1993-03-05,44.75,24.559175491333008
1993-03-08,45.75,25.10797691345215
1993-03-09,45.59375,25.022232055664062
1993-03-10,45.6875,25.073688507080078
1993-03-11,45.5625,25.00506019592285
1993-03-12,45.09375,24.747821807861328
1993-03-15,45.3125,24.86786460876465
1993-03-16,45.3125,24.86786460876465
1993-03-17,45.03125,24.713523864746094
1993-03-18,45.3125,24.86786460876465
1993-03-19,45.03125,24.830249786376953
1993-03-22,44.78125,24.6923828125
1993-03-23,44.875,24.74408531188965
1993-03-24,44.875,24.74408531188965
1993-03-25,45.15625,24.899150848388672
1993-03-26,44.90625,24.761316299438477
1993-03-29,45.09375,24.864694595336914
1993-03-30,45.21875,24.933631896972656
1993-03-31,45.1875,24.91638946533203
1993-04-01,45.03125,24.830249786376953
1993-04-02,44.09375,24.31329917907715
1993-04-05,44.3125,24.43391990661621
1993-04-06,44.1875,24.36498260498047
1993-04-07,44.34375,24.451141357421875
1993-04-08,44.28125,24.416685104370117
1993-04-12,44.90625,24.761316299438477
1993-04-13,45.0,24.813005447387695
1993-04-14,44.9375,24.778560638427734
1993-04-15,44.9375,24.778560638427734
1993-04-16,44.9375,24.778560638427734
1993-04-19,44.75,24.675151824951172
1993-04-20,44.53125,24.554546356201172
1993-04-21,44.5,24.537302017211914
1993-04-22,43.9375,24.227149963378906
1993-04-23,43.75,24.12375259399414
1993-04-26,43.40625,23.9342098236084
1993-04-27,43.875,24.192689895629883
1993-04-28,43.78125,24.140975952148438
1993-04-29,43.96875,24.24437713623047
1993-04-30,44.03125,24.27882957458496
1993-05-03,44.3125,24.43391990661621
1993-05-04,44.46875,24.52008056640625
1993-05-05,44.59375,24.589017868041992
1993-05-06,44.4375,24.50284194946289
1993-05-07,44.34375,24.451141357421875
1993-05-10,44.4375,24.50284194946289
1993-05-11,44.625,24.606243133544922
1993-05-12,44.5625,24.571765899658203
1993-05-13,44.03125,24.27882957458496
1993-05-14,44.0,24.26161766052246
1993-05-17,44.15625,24.347766876220703
1993-05-18,44.125,24.330524444580078
1993-05-19,45.03125,24.830249786376953
1993-05-20,45.15625,24.899150848388672
1993-05-21,44.75,24.675151824951172
1993-05-24,44.9375,24.778560638427734
1993-05-25,45.03125,24.830249786376953
1993-05-26,45.59375,25.140396118164062
1993-05-27,45.4375,25.05425262451172
1993-05-28,45.21875,24.933631896972656
1993-06-01,45.65625,25.17485809326172
1993-06-02,45.59375,25.140396118164062
1993-06-03,45.4375,25.05425262451172
1993-06-04,45.28125,24.968097686767578
1993-06-07,45.125,24.88193130493164
1993-06-08,44.71875,24.65793228149414
1993-06-09,44.875,24.74408531188965
1993-06-10,44.90625,24.761316299438477
1993-06-11,45.09375,24.864694595336914
1993-06-14,45.03125,24.830249786376953
1993-06-15,44.9375,24.778560638427734
1993-06-16,45.03125,24.830249786376953
1993-06-17,45.1875,24.91638946533203
1993-06-18,44.5,24.711196899414062
1993-06-21,44.59375,24.763290405273438
1993-06-22,44.625,24.780628204345703
1993-06-23,44.21875,24.555017471313477
1993-06-24,44.8125,24.884740829467773
1993-06-25,44.78125,24.867389678955078
1993-06-28,45.28125,25.145063400268555
1993-06-29,45.0625,25.0235652923584
1993-06-30,45.0625,25.0235652923584
1993-07-01,44.9375,24.954164505004883
1993-07-02,44.6875,24.815319061279297
1993-07-06,44.21875,24.555017471313477
1993-07-07,44.34375,24.624454498291016
1993-07-08,44.84375,24.902101516723633
1993-07-09,44.96875,24.971511840820312
1993-07-12,44.9375,24.954164505004883
1993-07-13,44.90625,24.936805725097656
1993-07-14,45.0625,25.0235652923584
1993-07-15,44.875,24.9194393157959
1993-07-16,44.75,24.850040435791016
1993-07-19,44.71875,24.83268165588379
1993-07-20,44.84375,24.902101516723633
1993-07-21,44.8125,24.884740829467773
1993-07-22,44.5,24.711196899414062
1993-07-23,44.71875,24.83268165588379
1993-07-26,44.96875,24.971511840820312
1993-07-27,44.9375,24.954164505004883
1993-07-28,44.84375,24.902101516723633
1993-07-29,45.09375,25.040922164916992
1993-07-30,44.84375,24.902101516723633
1993-08-02,44.96875,24.971511840820312
1993-08-03,45.0,24.98888397216797
1993-08-04,45.0,24.98888397216797
1993-08-05,44.90625,24.936805725097656
1993-08-06,44.96875,24.971511840820312
1993-08-09,45.21875,25.11033821105957
1993-08-10,45.1875,25.092987060546875
1993-08-11,45.1875,25.092987060546875
1993-08-12,45.0625,25.0235652923584
1993-08-13,45.125,25.058263778686523
1993-08-16,45.375,25.19709587097168
1993-08-17,45.53125,25.28388214111328
1993-08-18,45.78125,25.422693252563477
1993-08-19,45.78125,25.422693252563477
1993-08-20,45.8125,25.4400577545166
1993-08-23,45.71875,25.387985229492188
1993-08-24,46.21875,25.665651321411133
1993-08-25,46.25,25.6829833984375
1993-08-26,46.28125,25.700361251831055
1993-08-27,46.25,25.6829833984375
1993-08-30,46.4375,25.787113189697266
1993-08-31,46.5625,25.85652732849121
1993-09-01,46.5,25.82181739807129
1993-09-02,46.34375,25.735065460205078
1993-09-03,46.375,25.75240135192871
1993-09-07,46.0625,25.578889846801758
1993-09-08,45.90625,25.492116928100586
1993-09-09,46.0,25.544178009033203
1993-09-10,46.40625,25.769775390625
1993-09-13,46.4375,25.787113189697266
1993-09-14,46.25,25.6829833984375
1993-09-15,46.375,25.75240135192871
1993-09-16,46.1875,25.648296356201172
1993-09-17,45.8125,25.598562240600586
1993-09-20,45.4375,25.389013290405273
1993-09-21,45.28125,25.30173110961914
1993-09-22,45.65625,25.511255264282227
1993-09-23,45.90625,25.65094757080078
1993-09-24,45.78125,25.58109474182129
1993-09-27,46.28125,25.860492706298828
1993-09-28,46.1875,25.808103561401367
1993-09-29,46.03125,25.720792770385742
1993-09-30,45.9375,25.66840171813965
1993-10-01,46.15625,25.79064178466797
1993-10-04,46.21875,25.82556915283203
1993-10-05,46.15625,25.79064178466797
1993-10-06,46.125,25.77317237854004
1993-10-07,46.0,25.70333480834961
1993-10-08,46.0625,25.738262176513672
1993-10-11,46.15625,25.79064178466797
1993-10-12,46.21875,25.82556915283203
1993-10-13,46.21875,25.82556915283203
1993-10-14,46.8125,26.157329559326172
1993-10-15,47.0625,26.297006607055664
1993-10-18,46.9375,26.227169036865234
1993-10-19,46.59375,26.03508949279785
1993-10-20,46.65625,26.070018768310547
1993-10-21,46.59375,26.03508949279785
1993-10-22,46.375,25.91286277770996
1993-10-25,46.5,25.98270034790039
1993-10-26,46.46875,25.965253829956055
1993-10-27,46.5,25.98270034790039
1993-10-28,46.84375,26.174795150756836
1993-10-29,46.84375,26.174795150756836
1993-11-01,46.96875,26.244632720947266
1993-11-02,46.9375,26.227169036865234
1993-11-03,46.34375,25.89541244506836
1993-11-04,45.84375,25.616025924682617
1993-11-05,46.0625,25.738262176513672
1993-11-08,46.125,25.77317237854004
1993-11-09,46.15625,25.79064178466797
1993-11-10,46.5,25.98270034790039
1993-11-11,46.375,25.91286277770996
1993-11-12,46.59375,26.03508949279785
1993-11-15,46.5625,26.01763916015625
1993-11-16,46.78125,26.139863967895508
1993-11-17,46.53125,26.00017547607422
1993-11-18,46.40625,25.930334091186523
1993-11-19,46.3125,25.8779354095459
1993-11-22,46.03125,25.720792770385742
1993-11-23,46.28125,25.860492706298828
1993-11-24,46.46875,25.965253829956055
1993-11-26,46.5,25.98270034790039
1993-11-29,46.3125,25.8779354095459
1993-11-30,46.34375,25.89541244506836
1993-12-01,46.40625,25.930334091186523
1993-12-02,46.53125,26.00017547607422
1993-12-03,46.71875,26.104944229125977
1993-12-06,46.875,26.192241668701172
1993-12-07,46.84375,26.174795150756836
1993-12-08,46.84375,26.174795150756836
1993-12-09,46.6875,26.087478637695312
1993-12-10,46.59375,26.03508949279785
1993-12-13,46.875,26.192241668701172
1993-12-14,46.53125,26.00017547607422
1993-12-15,46.46875,25.965253829956055
1993-12-16,46.625,26.05255126953125
1993-12-17,46.5625,26.195735931396484
1993-12-20,46.625,26.23089599609375
1993-12-21,46.46875,26.14298439025879
1993-12-22,46.78125,26.318803787231445
1993-12-23,46.75,26.301237106323242
1993-12-27,47.0,26.441869735717773
1993-12-28,47.09375,26.494611740112305
1993-12-29,47.03125,26.459453582763672
1993-12-30,46.84375,26.353961944580078
1993-12-31,46.59375,26.213329315185547
1994-01-03,46.46875,26.14298439025879
1994-01-04,46.65625,26.248483657836914
1994-01-05,46.75,26.301237106323242
1994-01-06,46.75,26.301237106323242
1994-01-07,47.03125,26.459453582763672
1994-01-10,47.59375,26.775915145874023
1994-01-11,47.5,26.723167419433594
1994-01-12,47.34375,26.635278701782227
1994-01-13,47.21875,26.5649356842041
1994-01-14,47.40625,26.670408248901367
1994-01-17,47.40625,26.670408248901367
1994-01-18,47.46875,26.705581665039062
1994-01-19,47.34375,26.635278701782227
1994-01-20,47.46875,26.705581665039062
1994-01-21,47.375,26.652854919433594
1994-01-24,47.1875,26.547351837158203
1994-01-25,47.1875,26.547351837158203
1994-01-26,47.3125,26.61767578125
1994-01-27,47.75,26.863826751708984
1994-01-28,47.875,26.93414878845215
1994-01-31,48.21875,27.127519607543945
1994-02-01,47.96875,26.986873626708984
1994-02-02,48.28125,27.162704467773438
1994-02-03,48.0625,27.039623260498047
1994-02-04,46.96875,26.42428207397461
1994-02-07,47.1875,26.547351837158203
1994-02-08,47.21875,26.5649356842041
1994-02-09,47.40625,26.670408248901367
1994-02-10,47.0,26.441869735717773
1994-02-11,47.15625,26.5297794342041
1994-02-14,47.21875,26.5649356842041
1994-02-15,47.46875,26.705581665039062
1994-02-16,47.4375,26.688011169433594
1994-02-17,47.15625,26.5297794342041
1994-02-18,46.875,26.371545791625977
1994-02-22,47.34375,26.635278701782227
1994-02-23,47.21875,26.5649356842041
1994-02-24,46.59375,26.213329315185547
1994-02-25,46.8125,26.336387634277344
1994-02-28,46.8125,26.336387634277344
1994-03-01,46.625,26.23089599609375
1994-03-02,46.6875,26.26606559753418
1994-03-03,46.5625,26.195735931396484
1994-03-04,46.6875,26.26606559753418
1994-03-07,46.9375,26.40671730041504
1994-03-08,46.75,26.301237106323242
1994-03-09,46.96875,26.42428207397461
1994-03-10,46.59375,26.213329315185547
1994-03-11,46.84375,26.353961944580078
1994-03-14,46.90625,26.389137268066406
1994-03-15,46.875,26.371545791625977
1994-03-16,47.25,26.582536697387695
1994-03-17,47.25,26.582536697387695
1994-03-18,46.96875,26.576698303222656
1994-03-21,46.84375,26.505983352661133
1994-03-22,46.96875,26.576698303222656
1994-03-23,46.9375,26.55904769897461
1994-03-24,46.375,26.24076271057129
1994-03-25,45.9375,25.993209838867188
1994-03-28,46.0,26.028564453125
1994-03-29,45.09375,25.515790939331055
1994-03-30,44.46875,25.162132263183594
1994-03-31,44.59375,25.232839584350586
1994-04-04,43.90625,24.843843460083008
1994-04-05,44.8125,25.35663414001465
1994-04-06,44.8125,25.35663414001465
1994-04-07,45.03125,25.48040771484375
1994-04-08,44.6875,25.285905838012695
1994-04-11,44.875,25.392005920410156
1994-04-12,44.8125,25.35663414001465
1994-04-13,44.578125,25.224014282226562
1994-04-14,44.59375,25.232839584350586
1994-04-15,44.59375,25.232839584350586
1994-04-18,44.296875,25.06487464904785
1994-04-19,44.359375,25.100229263305664
1994-04-20,44.3125,25.073715209960938
1994-04-21,44.90625,25.409677505493164
1994-04-22,44.859375,25.38315200805664
1994-04-25,45.328125,25.648395538330078
1994-04-26,45.28125,25.621871948242188
1994-04-28,44.953125,25.436189651489258
1994-04-29,45.09375,25.515790939331055
1994-05-02,45.375,25.6749210357666
1994-05-03,45.328125,25.648395538330078
1994-05-04,45.25,25.60418701171875
1994-05-05,45.1875,25.56881332397461
1994-05-06,44.75,25.321279525756836
1994-05-09,44.359375,25.100229263305664
1994-05-10,44.703125,25.29473304748535
1994-05-11,44.296875,25.06487464904785
1994-05-12,44.515625,25.188650131225586
1994-05-13,44.515625,25.188650131225586
1994-05-16,44.53125,25.197492599487305
1994-05-17,45.1875,25.56881332397461
1994-05-18,45.515625,25.75448989868164
1994-05-19,45.734375,25.878265380859375
1994-05-20,45.5625,25.781009674072266
1994-05-23,45.484375,25.73680877685547
1994-05-24,45.671875,25.842891693115234
1994-05-25,45.796875,25.91362953186035
1994-05-26,45.828125,25.93130874633789
1994-05-27,45.875,25.95783233642578
1994-05-31,45.8125,25.922481536865234
1994-06-01,46.015625,26.03741455078125
1994-06-02,45.96875,26.010887145996094
1994-06-03,46.234375,26.161197662353516
1994-06-06,46.21875,26.1523494720459
1994-06-07,46.15625,26.116981506347656
1994-06-08,45.78125,25.9047908782959
1994-06-09,46.03125,26.046247482299805
1994-06-10,46.109375,26.090457916259766
1994-06-13,46.171875,26.125812530517578
1994-06-14,46.53125,26.32917022705078
1994-06-15,46.34375,26.22307586669922
1994-06-16,46.4375,26.276123046875
1994-06-17,45.875,26.12944984436035
1994-06-20,45.484375,25.906970977783203
1994-06-21,45.09375,25.68447494506836
1994-06-22,45.265625,25.78237533569336
1994-06-23,45.0,25.631059646606445
1994-06-24,44.0625,25.09709930419922
1994-06-27,44.828125,25.533164978027344
1994-06-28,44.609375,25.4085750579834
1994-06-29,44.75,25.488685607910156
1994-06-30,44.46875,25.328489303588867
1994-07-01,44.5625,25.381864547729492
1994-07-05,44.796875,25.51537322998047
1994-07-06,44.734375,25.479793548583984
1994-07-07,44.921875,25.58657455444336
1994-07-08,44.90625,25.577674865722656
1994-07-11,44.75,25.488685607910156
1994-07-12,44.8125,25.524276733398438
1994-07-13,44.890625,25.568782806396484
1994-07-14,45.375,25.84466552734375
1994-07-15,45.390625,25.85357093811035
1994-07-18,45.46875,25.898069381713867
1994-07-19,45.375,25.84466552734375
1994-07-20,45.171875,25.728967666625977
1994-07-21,45.265625,25.78237533569336
1994-07-22,45.34375,25.826858520507812
1994-07-25,45.40625,25.86246109008789
1994-07-26,45.359375,25.835758209228516
1994-07-27,45.359375,25.835758209228516
1994-07-28,45.453125,25.889162063598633
1994-07-29,45.90625,26.147266387939453
1994-08-01,46.125,26.271841049194336
1994-08-02,46.1875,26.307449340820312
1994-08-03,46.203125,26.316343307495117
1994-08-04,45.9375,26.165061950683594
1994-08-05,45.78125,26.0760555267334
1994-08-08,45.890625,26.13836669921875
1994-08-09,45.96875,26.182859420776367
1994-08-10,46.140625,26.28074836730957
1994-08-11,45.96875,26.182859420776367
1994-08-12,46.328125,26.38753890991211
1994-08-15,46.3125,26.378646850585938
1994-08-16,46.640625,26.56553840637207
1994-08-17,46.609375,26.547740936279297
1994-08-18,46.453125,26.45875358581543
1994-08-19,46.421875,26.440940856933594
1994-08-22,46.375,26.41425132751465
1994-08-23,46.640625,26.56553840637207
1994-08-24,47.140625,26.8503360748291
1994-08-25,47.015625,26.779129028320312
1994-08-26,47.6875,27.161808013916016
1994-08-29,47.65625,27.14401626586914
1994-08-30,47.78125,27.215208053588867
1994-08-31,47.65625,27.14401626586914
1994-09-01,47.5,27.055015563964844
1994-09-02,47.296875,26.93931770324707
1994-09-06,47.3125,26.948226928710938
1994-09-07,47.265625,26.92152214050293
1994-09-08,47.5,27.055015563964844
1994-09-09,47.0,26.770225524902344
1994-09-12,46.859375,26.690134048461914
1994-09-13,47.0,26.770225524902344
1994-09-14,47.046875,26.79692840576172
1994-09-15,47.640625,27.135116577148438
1994-09-16,47.015625,26.9420108795166
1994-09-19,47.0625,26.968870162963867
1994-09-20,46.171875,26.4584903717041
1994-09-21,46.171875,26.4584903717041
1994-09-22,46.0625,26.395828247070312
1994-09-23,45.90625,26.30628204345703
1994-09-26,46.140625,26.440597534179688
1994-09-27,46.109375,26.42269515991211
1994-09-28,46.46875,26.628629684448242
1994-09-29,46.234375,26.494312286376953
1994-09-30,46.171875,26.4584903717041
1994-10-03,46.0625,26.395828247070312
1994-10-04,45.375,26.001855850219727
1994-10-05,45.390625,26.01080322265625
1994-10-06,45.25,25.930219650268555
1994-10-07,45.453125,26.046619415283203
1994-10-10,45.9375,26.32418441772461
1994-10-11,46.625,26.718156814575195
1994-10-12,46.6875,26.753971099853516
1994-10-13,46.84375,26.8435001373291
1994-10-14,47.046875,26.95990753173828
1994-10-17,46.953125,26.906190872192383
1994-10-18,46.84375,26.8435001373291
1994-10-19,47.0625,26.968870162963867
1994-10-20,46.75,26.789796829223633
1994-10-21,46.5625,26.682344436645508
1994-10-24,46.171875,26.4584903717041
1994-10-25,46.21875,26.485353469848633
1994-10-26,46.390625,26.58384895324707
1994-10-27,46.671875,26.745023727416992
1994-10-28,47.65625,27.309093475341797
1994-10-31,47.484375,27.210620880126953
1994-11-01,46.953125,26.906190872192383
1994-11-02,46.6875,26.753971099853516
1994-11-03,46.9375,26.897226333618164
1994-11-04,46.328125,26.54804039001465
1994-11-07,46.46875,26.628629684448242
1994-11-08,46.828125,26.834550857543945
1994-11-09,46.90625,26.879316329956055
1994-11-10,46.578125,26.691295623779297
1994-11-11,46.40625,26.592805862426758
1994-11-14,46.84375,26.8435001373291
1994-11-15,46.6875,26.753971099853516
1994-11-16,46.84375,26.8435001373291
1994-11-17,46.53125,26.66443634033203
1994-11-18,46.46875,26.628629684448242
1994-11-21,46.0,26.360008239746094
1994-11-22,45.0,25.78694725036621
1994-11-23,45.25,25.930219650268555
1994-11-25,45.46875,26.055572509765625
1994-11-28,45.671875,26.171960830688477
1994-11-29,45.65625,26.16302490234375
1994-11-30,45.59375,26.127197265625
1994-12-01,45.140625,25.86756134033203
1994-12-02,45.5625,26.10929298400879
1994-12-05,45.609375,26.13614845275879
1994-12-06,45.640625,26.154056549072266
1994-12-07,45.3125,25.96603775024414
1994-12-08,44.875,25.7153377532959
1994-12-09,45.046875,25.81382179260254
1994-12-12,45.34375,25.983936309814453
1994-12-13,45.515625,26.082447052001953
1994-12-14,45.75,26.216737747192383
1994-12-15,45.890625,26.297319412231445
1994-12-16,45.75,26.425769805908203
1994-12-19,45.8125,26.461870193481445
1994-12-20,45.671875,26.380630493164062
1994-12-21,46.15625,26.660429000854492
1994-12-22,46.015625,26.579206466674805
1994-12-23,46.0625,26.606277465820312
1994-12-27,46.3125,26.750675201416016
1994-12-28,46.078125,26.615299224853516
1994-12-29,46.109375,26.63336944580078
1994-12-30,45.5625,26.31747055053711
1995-01-03,45.78125,26.443822860717773
1995-01-04,46.0,26.5701847076416
1995-01-05,46.0,26.5701847076416
1995-01-06,46.046875,26.597253799438477
1995-01-09,46.09375,26.624326705932617
1995-01-10,46.140625,26.651412963867188
1995-01-11,46.171875,26.669448852539062
1995-01-12,46.1875,26.678466796875
1995-01-13,46.734375,26.994373321533203
1995-01-16,47.015625,27.15682029724121
1995-01-17,47.03125,27.165836334228516
1995-01-18,46.984375,27.13876724243164
1995-01-19,46.71875,26.985340118408203
1995-01-20,46.546875,26.886062622070312
1995-01-23,46.6875,26.9672908782959
1995-01-24,46.75,27.003402709960938
1995-01-25,46.875,27.07560920715332
1995-01-26,46.921875,27.102651596069336
1995-01-27,47.109375,27.210975646972656
1995-01-30,46.90625,27.0936279296875
1995-01-31,47.09375,27.201942443847656
1995-02-01,47.078125,27.192914962768555
1995-02-02,47.359375,27.355356216430664
1995-02-03,48.03125,27.743438720703125
1995-02-06,48.234375,27.860797882080078
1995-02-07,48.296875,27.896888732910156
1995-02-08,48.296875,27.896888732910156
1995-02-09,48.296875,27.896888732910156
1995-02-10,48.359375,27.932992935180664
1995-02-13,48.375,27.94199562072754
1995-02-14,48.4375,27.978116989135742
1995-02-15,48.703125,28.131549835205078
1995-02-16,48.640625,28.095426559448242
1995-02-17,48.453125,27.98714828491211
1995-02-21,48.4375,27.978116989135742
1995-02-22,48.796875,28.185691833496094
1995-02-23,48.875,28.230815887451172
1995-02-24,49.0,28.303010940551758
1995-02-27,48.609375,28.0773868560791
1995-02-28,49.015625,28.312036514282227
1995-03-01,48.703125,28.131549835205078
1995-03-02,48.765625,28.167633056640625
1995-03-03,48.78125,28.17665672302246
1995-03-06,48.8125,28.194704055786133
1995-03-07,48.4375,27.978116989135742
1995-03-08,48.5625,28.050304412841797
1995-03-09,48.546875,28.041278839111328
1995-03-10,49.265625,28.456451416015625
1995-03-13,49.21875,28.429372787475586
1995-03-14,49.578125,28.636960983276367
1995-03-15,49.484375,28.58279800415039
1995-03-16,49.78125,28.754287719726562
1995-03-17,49.5625,28.782869338989258
1995-03-20,49.5625,28.782869338989258
1995-03-21,49.4375,28.710296630859375
1995-03-22,49.484375,28.737497329711914
1995-03-23,49.515625,28.755645751953125
1995-03-24,50.21875,29.16399574279785
1995-03-27,50.421875,29.281946182250977
1995-03-28,50.421875,29.281946182250977
1995-03-29,50.40625,29.272869110107422
1995-03-30,50.3125,29.218429565429688
1995-03-31,50.109375,29.100473403930664
1995-04-03,50.234375,29.173072814941406
1995-04-04,50.5625,29.363632202148438
1995-04-05,50.5625,29.363632202148438
1995-04-06,50.75,29.472496032714844
1995-04-07,50.703125,29.44529151916504
1995-04-10,50.796875,29.49971580505371
1995-04-11,50.625,29.399927139282227
1995-04-12,50.796875,29.49971580505371
1995-04-13,51.078125,29.663049697875977
1995-04-17,50.78125,29.490642547607422
1995-04-18,50.609375,29.390827178955078
1995-04-19,50.5625,29.363632202148438
1995-04-20,50.640625,29.40898895263672
1995-04-21,50.890625,29.554170608520508
1995-04-24,51.484375,29.898990631103516
1995-04-25,51.34375,29.817310333251953
1995-04-26,51.390625,29.844552993774414
1995-04-27,51.515625,29.91712760925293
1995-04-28,51.59375,29.962505340576172
1995-05-01,51.453125,29.880844116210938
1995-05-02,51.5625,29.94434356689453
1995-05-03,52.28125,30.361751556396484
1995-05-04,52.25,30.343608856201172
1995-05-05,52.1875,30.30731964111328
1995-05-08,52.5625,30.525102615356445
1995-05-09,52.515625,30.49787712097168
1995-05-10,52.578125,30.5341739654541
1995-05-11,52.71875,30.615819931030273
1995-05-12,52.75,30.633987426757812
1995-05-15,53.0,30.779170989990234
1995-05-16,53.03125,30.797306060791016
1995-05-17,52.828125,30.679357528686523
1995-05-18,52.0625,30.234725952148438
1995-05-19,52.09375,30.25286865234375
1995-05-22,52.671875,30.588607788085938
1995-05-23,53.15625,30.869909286499023
1995-05-24,53.125,30.851757049560547
1995-05-25,53.171875,30.87900161743164
1995-05-26,52.5625,30.525102615356445
1995-05-30,52.546875,30.516014099121094
1995-05-31,53.640625,31.151195526123047
1995-06-01,53.5,31.069547653198242
1995-06-02,53.546875,31.096757888793945
1995-06-05,53.875,31.287322998046875
1995-06-06,53.78125,31.232858657836914
1995-06-07,53.5,31.069547653198242
1995-06-08,53.375,30.99693489074707
1995-06-09,53.0625,30.81546974182129
1995-06-12,53.359375,30.987869262695312
1995-06-13,53.9375,31.3236141204834
1995-06-14,53.890625,31.296403884887695
1995-06-15,54.125,31.432491302490234
1995-06-16,53.96875,31.525815963745117
1995-06-19,54.578125,31.881786346435547
1995-06-20,54.4375,31.79962730407715
1995-06-21,54.40625,31.781383514404297
1995-06-22,55.125,32.20122528076172
1995-06-23,55.015625,32.13734817504883
1995-06-26,54.359375,31.754016876220703
1995-06-27,54.25,31.690082550048828
1995-06-28,54.53125,31.85438346862793
1995-06-29,54.4375,31.79962730407715
1995-06-30,54.40625,31.781383514404297
1995-07-03,54.609375,31.900043487548828
1995-07-05,54.8125,32.018707275390625
1995-07-06,55.515625,32.429420471191406
1995-07-07,55.765625,32.57545471191406
1995-07-10,55.796875,32.59373092651367
1995-07-11,55.53125,32.43855667114258
1995-07-12,56.21875,32.84013366699219
1995-07-13,56.09375,32.767120361328125
1995-07-14,56.046875,32.73975372314453
1995-07-17,56.359375,32.92229461669922
1995-07-18,55.875,32.639339447021484
1995-07-19,55.265625,32.28337478637695
1995-07-20,55.46875,32.40203857421875
1995-07-21,55.40625,32.36553192138672
1995-07-24,55.8125,32.60284423828125
1995-07-25,56.234375,32.84927749633789
1995-07-26,56.1875,32.8218879699707
1995-07-27,56.65625,33.095706939697266
1995-07-28,56.296875,32.88579559326172
1995-07-31,56.15625,32.80363082885742
1995-08-01,56.0625,32.748878479003906
1995-08-02,55.9375,32.675865173339844
1995-08-03,55.921875,32.66674041748047
1995-08-04,55.984375,32.7032585144043
1995-08-07,56.109375,32.776241302490234
1995-08-08,56.109375,32.776241302490234
1995-08-09,56.09375,32.767120361328125
1995-08-10,55.96875,32.69411087036133
1995-08-11,55.65625,32.51158142089844
1995-08-14,56.15625,32.80363082885742
1995-08-15,56.046875,32.73975372314453
1995-08-16,56.203125,32.83102035522461
1995-08-17,56.109375,32.776241302490234
1995-08-18,56.171875,32.81275939941406
1995-08-21,56.015625,32.721500396728516
1995-08-22,56.125,32.78537368774414
1995-08-23,55.921875,32.66674041748047
1995-08-24,55.984375,32.7032585144043
1995-08-25,56.296875,32.88579559326172
1995-08-28,56.09375,32.767120361328125
1995-08-29,56.234375,32.84927749633789
1995-08-30,56.359375,32.92229461669922
1995-08-31,56.40625,32.94967269897461
1995-09-01,56.65625,33.095706939697266
1995-09-05,57.1875,33.40605926513672
1995-09-06,57.296875,33.469932556152344
1995-09-07,57.328125,33.48817825317383
1995-09-08,57.546875,33.615989685058594
1995-09-11,57.703125,33.707237243652344
1995-09-12,57.96875,33.86241912841797
1995-09-13,58.234375,34.017578125
1995-09-14,58.765625,34.327903747558594
1995-09-15,58.4375,34.31844711303711
1995-09-18,58.21875,34.189964294433594
1995-09-19,58.5,34.35514450073242
1995-09-20,58.78125,34.520301818847656
1995-09-21,58.296875,34.23585891723633
1995-09-22,58.3125,34.245033264160156
1995-09-25,58.21875,34.189964294433594
1995-09-26,58.203125,34.18081283569336
1995-09-27,58.15625,34.153255462646484
1995-09-28,58.59375,34.410194396972656
1995-09-29,58.484375,34.34596252441406
1995-10-02,58.1875,34.171627044677734
1995-10-03,58.25,34.208316802978516
1995-10-04,58.1875,34.171627044677734
1995-10-05,58.359375,34.27254104614258
1995-10-06,58.40625,34.300086975097656
1995-10-09,57.921875,34.015628814697266
1995-10-10,57.890625,33.997276306152344
1995-10-11,58.078125,34.107391357421875
1995-10-12,58.4375,34.31844711303711
1995-10-13,58.625,34.428558349609375
1995-10-16,58.34375,34.26338577270508
1995-10-17,58.734375,34.49279022216797
1995-10-18,58.90625,34.59372329711914
1995-10-19,59.1875,34.75887680053711
1995-10-20,58.828125,34.54783630371094
1995-10-23,58.703125,34.474430084228516
1995-10-24,58.765625,34.51112365722656
1995-10-25,58.28125,34.22667694091797
1995-10-26,57.75,33.914669036865234
1995-10-27,58.1875,34.171627044677734
1995-10-30,58.5625,34.391845703125
1995-10-31,58.3125,34.245033264160156
1995-11-01,58.78125,34.520301818847656
1995-11-02,59.15625,34.74054718017578
1995-11-03,59.234375,34.786399841308594
1995-11-06,59.03125,34.667118072509766
1995-11-07,58.8125,34.538658142089844
1995-11-08,59.34375,34.85064697265625
1995-11-09,59.5625,34.9791259765625
1995-11-10,59.53125,34.96076583862305
1995-11-13,59.46875,34.92405319213867
1995-11-14,59.078125,34.69465637207031
1995-11-15,59.671875,35.0433464050293
1995-11-16,60.0,35.236053466796875
1995-11-17,60.1875,35.34614944458008
1995-11-20,59.875,35.162635803222656
1995-11-21,60.359375,35.44707489013672
1995-11-22,60.171875,35.33696746826172
1995-11-24,60.328125,35.42875289916992
1995-11-27,60.34375,35.437923431396484
1995-11-28,60.984375,35.81413269042969
1995-11-29,61.046875,35.85083770751953
1995-11-30,60.90625,35.76825714111328
1995-12-01,60.984375,35.81413269042969
1995-12-04,61.734375,36.25459671020508
1995-12-05,62.140625,36.493167877197266
1995-12-06,62.28125,36.57575225830078
1995-12-07,61.953125,36.3830451965332
1995-12-08,62.15625,36.5023307800293
1995-12-11,62.421875,36.65833282470703
1995-12-12,62.234375,36.5482063293457
1995-12-13,62.625,36.77761459350586
1995-12-14,62.171875,36.511505126953125
1995-12-15,61.8125,36.524871826171875
1995-12-18,60.625,35.823204040527344
1995-12-19,61.265625,36.201744079589844
1995-12-20,60.671875,35.850894927978516
1995-12-21,60.984375,36.03554153442383
1995-12-22,61.203125,36.16478729248047
1995-12-26,61.5,36.34024429321289
1995-12-27,61.46875,36.32179260253906
1995-12-28,61.40625,36.28481674194336
1995-12-29,61.484375,36.330997467041016
1996-01-02,62.140625,36.71876907348633
1996-01-03,62.3125,36.8203125
1996-01-04,61.71875,36.469486236572266
1996-01-05,61.59375,36.395633697509766
1996-01-08,61.828125,36.534114837646484
1996-01-09,60.765625,35.906280517578125
1996-01-10,59.96875,35.43539810180664
1996-01-11,60.328125,35.647789001464844
1996-01-12,60.234375,35.59238052368164
1996-01-15,60.109375,35.51851272583008
1996-01-16,60.84375,35.95245361328125
1996-01-17,60.65625,35.841651916503906
1996-01-18,60.859375,35.96168899536133
1996-01-19,61.265625,36.201744079589844
1996-01-22,61.28125,36.210994720458984
1996-01-23,61.421875,36.294071197509766
1996-01-24,61.921875,36.589515686035156
1996-01-25,61.703125,36.46024703979492
1996-01-26,62.234375,36.77416229248047
1996-01-29,62.484375,36.921905517578125
1996-01-30,63.015625,37.23583221435547
1996-01-31,63.671875,37.623592376708984
1996-02-01,63.90625,37.762062072753906
1996-02-02,63.640625,37.605125427246094
1996-02-05,64.15625,37.90980911254883
1996-02-06,64.765625,38.26988220214844
1996-02-07,65.140625,38.491477966308594
1996-02-08,65.84375,38.90694046020508
1996-02-09,65.828125,38.897705078125
1996-02-12,66.328125,39.19315719604492
1996-02-13,66.1875,39.11006546020508
1996-02-14,65.609375,38.76845169067383
1996-02-15,65.203125,38.52838134765625
1996-02-16,64.9375,38.371437072753906
1996-02-20,64.296875,37.9929084777832
1996-02-21,65.09375,38.4637565612793
1996-02-22,66.125,39.073143005371094
1996-02-23,65.9375,38.96234130859375
1996-02-26,65.0,38.40837097167969
1996-02-27,64.796875,38.28835678100586
1996-02-28,64.5,38.112911224365234
1996-02-29,63.875,37.74360656738281
1996-03-01,64.890625,38.34375
1996-03-04,65.265625,38.56532287597656
1996-03-05,65.875,38.92540740966797
1996-03-06,65.296875,38.58378219604492
1996-03-07,65.625,38.777679443359375
1996-03-08,63.5,37.52201461791992
1996-03-11,64.234375,37.95595932006836
1996-03-12,63.734375,37.6605224609375
1996-03-13,64.171875,37.919029235839844
1996-03-14,64.453125,38.08523178100586
1996-03-15,64.125,38.05963134765625
1996-03-18,65.359375,38.79225540161133
1996-03-19,65.21875,38.708797454833984
1996-03-20,65.140625,38.66242980957031
1996-03-21,64.984375,38.5696907043457
1996-03-22,65.15625,38.671695709228516
1996-03-25,65.03125,38.5975227355957
1996-03-26,65.34375,38.78298568725586
1996-03-27,64.75,38.430580139160156
1996-03-28,65.0,38.57896423339844
1996-03-29,64.6875,38.39350128173828
1996-04-01,65.4375,38.838600158691406
1996-04-02,65.5625,38.91282272338867
1996-04-03,65.5625,38.91282272338867
1996-04-04,65.515625,38.88500213623047
1996-04-08,64.390625,38.217281341552734
1996-04-09,64.140625,38.06890869140625
1996-04-10,63.0,37.39191818237305
1996-04-11,62.921875,37.34553909301758
1996-04-12,63.71875,37.818504333496094
1996-04-15,64.25,38.13384246826172
1996-04-16,64.4375,38.24509811401367
1996-04-17,64.28125,38.15235900878906
1996-04-18,64.375,38.20799255371094
1996-04-19,64.53125,38.30073547363281
1996-04-22,65.03125,38.5975227355957
1996-04-23,65.234375,38.718082427978516
1996-04-24,65.0,38.57896423339844
1996-04-25,65.296875,38.75515365600586
1996-04-26,65.4375,38.838600158691406
1996-04-29,65.4375,38.838600158691406
1996-04-30,65.390625,38.810794830322266
1996-05-01,65.53125,38.89427185058594
1996-05-02,64.40625,38.22657012939453
1996-05-03,64.3125,38.17090606689453
1996-05-06,64.25,38.13384246826172
1996-05-07,63.984375,37.976158142089844
1996-05-08,64.78125,38.44914627075195
1996-05-09,64.734375,38.42131423950195
1996-05-10,65.375,38.801536560058594
1996-05-13,66.359375,39.385772705078125
1996-05-14,66.765625,39.626888275146484
1996-05-15,66.6875,39.58052444458008
1996-05-16,66.828125,39.663997650146484
1996-05-17,67.1875,39.877296447753906
1996-05-20,67.640625,40.146244049072266
1996-05-21,67.546875,40.09059143066406
1996-05-22,68.1875,40.47081756591797
1996-05-23,67.90625,40.30390930175781
1996-05-24,68.171875,40.461551666259766
1996-05-28,67.484375,40.053489685058594
1996-05-29,67.03125,39.784549713134766
1996-05-30,67.375,39.98857498168945
1996-05-31,66.875,39.691829681396484
1996-06-03,67.0625,39.803096771240234
1996-06-04,67.53125,40.0813102722168
1996-06-05,68.125,40.4337272644043
1996-06-06,67.625,40.13697052001953
1996-06-07,67.625,40.13697052001953
1996-06-10,67.40625,40.00711441040039
1996-06-11,67.34375,39.97002410888672
1996-06-12,67.21875,39.89582824707031
1996-06-13,67.21875,39.89582824707031
1996-06-14,66.9375,39.72889709472656
1996-06-17,66.890625,39.70111083984375
1996-06-18,66.34375,39.376502990722656
1996-06-19,66.640625,39.55270004272461
1996-06-20,66.59375,39.52488327026367
1996-06-21,66.8125,39.864845275878906
1996-06-24,66.9375,39.93940734863281
1996-06-25,66.859375,39.89282989501953
1996-06-26,66.40625,39.62244415283203
1996-06-27,66.875,39.90216064453125
1996-06-28,67.109375,40.04198455810547
1996-07-01,67.6875,40.386924743652344
1996-07-02,67.4375,40.23774337768555
1996-07-03,67.296875,40.15385437011719
1996-07-05,65.578125,39.12831115722656
1996-07-08,65.3125,38.96982192993164
1996-07-09,65.578125,39.12831115722656
1996-07-10,65.84375,39.28681564331055
1996-07-11,64.515625,38.49435806274414
1996-07-12,64.5625,38.5223503112793
1996-07-15,62.65625,37.38494873046875
1996-07-16,62.8125,37.47816848754883
1996-07-17,63.5625,37.9256706237793
1996-07-18,64.4375,38.4477653503418
1996-07-19,63.96875,38.16807556152344
1996-07-22,63.5,37.888370513916016
1996-07-23,62.6875,37.40359115600586
1996-07-24,62.8125,37.47816848754883
1996-07-25,63.375,37.81379699707031
1996-07-26,63.71875,38.01890563964844
1996-07-29,63.015625,37.5993766784668
1996-07-30,63.625,37.96297073364258
1996-07-31,64.09375,38.24266052246094
1996-08-01,65.15625,38.876609802246094
1996-08-02,66.5625,39.715667724609375
1996-08-05,66.171875,39.48258972167969
1996-08-06,66.375,39.60380935668945
1996-08-07,66.546875,39.70632553100586
1996-08-08,66.4375,39.64110565185547
1996-08-09,66.21875,39.510562896728516
1996-08-12,66.703125,39.79957962036133
1996-08-13,66.171875,39.48258972167969
1996-08-14,66.40625,39.62244415283203
1996-08-15,66.28125,39.5478630065918
1996-08-16,66.84375,39.883487701416016
1996-08-19,66.875,39.90216064453125
1996-08-20,66.828125,39.87417221069336
1996-08-21,66.59375,39.73432922363281
1996-08-22,67.21875,40.10723114013672
1996-08-23,66.859375,39.89282989501953
1996-08-26,66.53125,39.6970329284668
1996-08-27,66.78125,39.8462028503418
1996-08-28,66.671875,39.78093338012695
1996-08-29,66.015625,39.389347076416016
1996-08-30,65.328125,38.97916030883789
1996-09-03,65.75,39.23086929321289
1996-09-04,65.8125,39.2681770324707
1996-09-05,65.015625,38.79269027709961
1996-09-06,65.9375,39.34276580810547
1996-09-09,66.71875,39.808895111083984
1996-09-10,66.6875,39.790260314941406
1996-09-11,67.0625,40.01401138305664
1996-09-12,67.53125,40.29368209838867
1996-09-13,68.5625,40.90901184082031
1996-09-16,68.8125,41.05817413330078
1996-09-17,68.65625,40.96495819091797
1996-09-18,68.484375,40.86238479614258
1996-09-19,68.75,41.02086639404297
1996-09-20,68.640625,41.166385650634766
1996-09-23,68.625,41.15703582763672
1996-09-24,68.609375,41.14766311645508
1996-09-25,68.65625,41.17576599121094
1996-09-26,68.625,41.15703582763672
1996-09-27,68.6875,41.19450759887695
1996-09-30,68.625,41.15703582763672
1996-10-01,69.0,41.381935119628906
1996-10-02,69.46875,41.663063049316406
1996-10-03,69.40625,41.62556838989258
1996-10-04,70.34375,42.187828063964844
1996-10-07,70.421875,42.23466110229492
1996-10-08,70.140625,42.06599426269531
1996-10-09,69.59375,41.73802185058594
1996-10-10,69.453125,41.653682708740234
1996-10-11,70.3125,42.16907501220703
1996-10-14,70.40625,42.22528839111328
1996-10-15,70.3125,42.16907501220703
1996-10-16,70.65625,42.375221252441406
1996-10-17,70.84375,42.487701416015625
1996-10-18,71.21875,42.71258544921875
1996-10-21,71.125,42.656368255615234
1996-10-22,70.625,42.35649871826172
1996-10-23,70.859375,42.4970703125
1996-10-24,70.25,42.1316032409668
1996-10-25,70.3125,42.16907501220703
1996-10-28,69.84375,41.887935638427734
1996-10-29,70.40625,42.22528839111328
1996-10-30,70.171875,42.084754943847656
1996-10-31,70.84375,42.487701416015625
1996-11-01,70.59375,42.3377571105957
1996-11-04,71.0625,42.61888122558594
1996-11-05,71.46875,42.86254119873047
1996-11-06,72.84375,43.68717575073242
1996-11-07,73.015625,43.7902717590332
1996-11-08,73.421875,44.03388214111328
1996-11-11,73.34375,43.98702621459961
1996-11-12,73.125,43.855838775634766
1996-11-13,73.453125,44.05263900756836
1996-11-14,73.9375,44.34315872192383
1996-11-15,74.03125,44.39936065673828
1996-11-18,74.046875,44.40871810913086
1996-11-19,74.578125,44.72735595703125
1996-11-20,74.703125,44.80231475830078
1996-11-21,74.59375,44.736724853515625
1996-11-22,75.171875,45.083431243896484
1996-11-25,76.125,45.65503692626953
1996-11-26,75.875,45.505130767822266
1996-11-27,75.734375,45.420780181884766
1996-11-29,76.015625,45.58946990966797
1996-12-02,76.046875,45.60820770263672
1996-12-03,74.75,44.83039855957031
1996-12-04,74.953125,44.95223617553711
1996-12-05,74.75,44.83039855957031
1996-12-06,74.3125,44.568031311035156
1996-12-09,75.40625,45.223995208740234
1996-12-10,75.046875,45.00846481323242
1996-12-11,74.359375,44.59612274169922
1996-12-12,73.125,43.855838775634766
1996-12-13,73.3125,43.96828842163086
1996-12-16,72.375,43.406028747558594
1996-12-17,72.953125,43.75275802612305
1996-12-18,73.53125,44.0994758605957
1996-12-19,75.046875,45.00846481323242
1996-12-20,74.84375,45.10721969604492
1996-12-23,74.65625,44.99421691894531
1996-12-24,75.203125,45.323822021484375
1996-12-26,75.78125,45.67222595214844
1996-12-27,75.875,45.728763580322266
1996-12-30,75.21875,45.333255767822266
1996-12-31,73.84375,44.50453567504883
1997-01-02,74.03125,44.61754608154297
1997-01-03,75.09375,45.257904052734375
1997-01-06,74.4375,44.862388610839844
1997-01-07,75.34375,45.408565521240234
1997-01-08,74.6875,45.01307678222656
1997-01-09,75.3125,45.389739990234375
1997-01-10,76.125,45.87940216064453
1997-01-13,76.015625,45.8134880065918
1997-01-14,76.96875,46.387939453125
1997-01-15,76.78125,46.274940490722656
1997-01-16,77.09375,46.46327590942383
1997-01-17,77.5625,46.745792388916016
1997-01-20,77.65625,46.802303314208984
1997-01-21,78.28125,47.17897033691406
1997-01-22,78.84375,47.51797866821289
1997-01-23,77.75,46.85875701904297
1997-01-24,76.75,46.2560920715332
1997-01-27,76.53125,46.1242561340332
1997-01-28,76.75,46.2560920715332
1997-01-29,77.5,46.7081184387207
1997-01-30,78.5,47.31081008911133
1997-01-31,78.40625,47.25429916381836
1997-02-03,78.640625,47.39554214477539
1997-02-04,79.125,47.68748474121094
1997-02-05,77.640625,46.792869567871094
1997-02-06,78.15625,47.10358428955078
1997-02-07,79.21875,47.74397277832031
1997-02-10,78.46875,47.291954040527344
1997-02-11,79.375,47.8381462097168
1997-02-12,80.5,48.51618576049805
1997-02-13,81.375,49.043521881103516
1997-02-14,81.1875,48.93050003051758
1997-02-18,81.875,49.34487533569336
1997-02-19,81.328125,49.015254974365234
1997-02-20,80.34375,48.42197799682617
1997-02-21,80.375,48.440853118896484
1997-02-24,81.328125,49.015254974365234
1997-02-25,81.390625,49.05292892456055
1997-02-26,80.59375,48.572689056396484
1997-02-27,79.390625,47.84755325317383
1997-02-28,79.15625,47.70633316040039
1997-03-03,79.6875,48.0264892578125
1997-03-04,79.25,47.762786865234375
1997-03-05,80.59375,48.572689056396484
1997-03-06,80.125,48.290138244628906
1997-03-07,80.84375,48.7233772277832
1997-03-10,81.6875,49.23188018798828
1997-03-11,81.25,48.96821212768555
1997-03-12,80.53125,48.534976959228516
1997-03-13,79.28125,47.7816047668457
1997-03-14,79.6875,48.0264892578125
1997-03-17,79.90625,48.1583137512207
1997-03-18,79.046875,47.64042663574219
1997-03-19,78.78125,47.48030471801758
1997-03-20,78.375,47.235477447509766
1997-03-21,78.4375,47.45416259765625
1997-03-24,79.53125,48.115909576416016
1997-03-25,78.75,47.64324188232422
1997-03-26,79.09375,47.8512077331543
1997-03-27,77.0,46.58449172973633
1997-03-31,75.375,45.60136413574219
1997-04-01,75.859375,45.89441680908203
1997-04-02,74.5,45.07198715209961
1997-04-03,74.90625,45.31779861450195
1997-04-04,75.84375,45.88496780395508
1997-04-07,76.140625,46.0645751953125
1997-04-08,76.6875,46.39543533325195
1997-04-09,76.0625,46.01731872558594
1997-04-10,75.78125,45.84714889526367
1997-04-11,73.375,44.391387939453125
1997-04-14,74.359375,44.9869270324707
1997-04-15,75.625,45.752620697021484
1997-04-16,76.5,46.28199768066406
1997-04-17,76.1875,46.09294128417969
1997-04-18,76.5625,46.31980514526367
1997-04-21,76.0625,46.01731872558594
1997-04-22,77.734375,47.02878952026367
1997-04-23,77.8125,47.076045989990234
1997-04-24,77.421875,46.83971405029297
1997-04-25,76.53125,46.30089569091797
1997-04-28,77.28125,46.7546501159668
1997-04-29,79.71875,48.22932434082031
1997-04-30,80.09375,48.4561882019043
1997-05-01,80.0,48.39945983886719
1997-05-02,81.4375,49.26917266845703
1997-05-05,83.375,50.44132614135742
1997-05-06,83.3125,50.40351486206055
1997-05-07,81.5,49.306968688964844
1997-05-08,82.0625,49.64727020263672
1997-05-09,82.625,49.98758316040039
1997-05-12,84.0,50.819435119628906
1997-05-13,83.65625,50.611488342285156
1997-05-14,83.8125,50.70602035522461
1997-05-15,84.375,51.046321868896484
1997-05-16,83.21875,50.34678268432617
1997-05-19,83.46875,50.49802017211914
1997-05-20,84.46875,51.103031158447266
1997-05-21,84.28125,50.9896125793457
1997-05-22,84.0,50.819435119628906
1997-05-23,84.78125,51.29207229614258
1997-05-27,85.125,51.50006866455078
1997-05-28,85.109375,51.4906005859375
1997-05-29,84.609375,51.18812561035156
1997-05-30,85.15625,51.518943786621094
1997-06-02,84.78125,51.29207229614258
1997-06-03,84.5,51.121910095214844
1997-06-04,84.40625,51.06520462036133
1997-06-05,84.71875,51.254295349121094
1997-06-06,86.375,52.25631332397461
1997-06-09,86.8125,52.5210075378418
1997-06-10,87.078125,52.68167495727539
1997-06-11,87.28125,52.8045768737793
1997-06-12,88.96875,53.82551574707031
1997-06-13,89.71875,54.279232025146484
1997-06-16,89.75,54.29817199707031
1997-06-17,89.625,54.22248840332031
1997-06-18,89.3125,54.03352737426758
1997-06-19,90.234375,54.591190338134766
1997-06-20,89.578125,54.40517807006836
1997-06-23,87.40625,53.08612060546875
1997-06-24,89.625,54.433624267578125
1997-06-25,89.0,54.05405044555664
1997-06-26,88.5625,53.788368225097656
1997-06-27,88.90625,53.99714279174805
1997-06-30,88.3125,53.63652038574219
1997-07-01,89.34375,54.262874603271484
1997-07-02,90.8125,55.1549186706543
1997-07-03,92.0625,55.91407012939453
1997-07-07,91.125,55.34468460083008
1997-07-08,92.078125,55.92354965209961
1997-07-09,91.0625,55.306739807128906
1997-07-10,91.46875,55.55350875854492
1997-07-11,91.78125,55.743289947509766
1997-07-14,92.0625,55.91407012939453
1997-07-15,92.53125,56.19878387451172
1997-07-16,93.75,56.938987731933594
1997-07-17,93.28125,56.65431594848633
1997-07-18,91.296875,55.449058532714844
1997-07-21,91.3125,55.45857238769531
1997-07-22,93.734375,56.92950439453125
1997-07-23,93.65625,56.882057189941406
1997-07-24,94.09375,57.147762298583984
1997-07-25,94.03125,57.109779357910156
1997-07-28,93.96875,57.07180404663086
1997-07-29,94.28125,57.26164245605469
1997-07-30,95.40625,57.944889068603516
1997-07-31,95.3125,57.887935638427734
1997-08-01,94.9375,57.66021728515625
1997-08-04,95.1875,57.81205749511719
1997-08-05,95.25,57.850006103515625
1997-08-06,96.03125,58.324501037597656
1997-08-07,95.3125,57.887935638427734
1997-08-08,93.375,56.71120834350586
1997-08-11,94.0625,57.12877655029297
1997-08-12,92.5625,56.21772003173828
1997-08-13,92.28125,56.04695510864258
1997-08-14,92.625,56.25568389892578
1997-08-15,89.78125,54.528568267822266
1997-08-18,91.78125,55.743289947509766
1997-08-19,92.84375,56.38855743408203
1997-08-20,94.25,57.24265670776367
1997-08-21,92.59375,56.236732482910156
1997-08-22,92.5625,56.21772003173828
1997-08-25,92.21875,56.008975982666016
1997-08-26,90.859375,55.1833610534668
1997-08-27,91.40625,55.5155029296875
1997-08-28,90.015625,54.67090606689453
1997-08-29,90.375,54.88917541503906
1997-09-02,93.3125,56.673282623291016
1997-09-03,92.8125,56.36958312988281
1997-09-04,93.40625,56.730201721191406
1997-09-05,93.140625,56.56888198852539
1997-09-08,93.546875,56.81563186645508
1997-09-09,93.59375,56.844120025634766
1997-09-10,91.65625,55.66735076904297
1997-09-11,91.1875,55.382625579833984
1997-09-12,92.65625,56.27470779418945
1997-09-15,92.5,56.179832458496094
1997-09-16,94.8125,57.584251403808594
1997-09-17,94.8125,57.584251403808594
1997-09-18,95.21875,57.831050872802734
1997-09-19,95.03125,57.928855895996094
1997-09-22,95.5625,58.252716064453125
1997-09-23,95.125,57.98602294921875
1997-09-24,94.34375,57.50979232788086
1997-09-25,93.6875,57.109737396240234
1997-09-26,94.46875,57.58598709106445
1997-09-29,95.375,58.13838195800781
1997-09-30,94.375,57.52881622314453
1997-10-01,95.625,58.2907829284668
1997-10-02,96.15625,58.61464309692383
1997-10-03,96.640625,58.90989303588867
1997-10-06,97.28125,59.300384521484375
1997-10-07,98.1875,59.852840423583984
1997-10-08,97.5,59.433746337890625
1997-10-09,97.15625,59.224266052246094
1997-10-10,96.875,59.052757263183594
1997-10-13,96.96875,59.10993576049805
1997-10-14,97.0,59.12900161743164
1997-10-15,96.78125,58.995628356933594
1997-10-16,95.25,58.06221008300781
1997-10-17,94.28125,57.471683502197266
1997-10-20,95.625,58.2907829284668
1997-10-21,97.484375,59.42424011230469
1997-10-22,96.84375,59.033729553222656
1997-10-23,94.9375,57.87171936035156
1997-10-24,94.0,57.30024719238281
1997-10-27,87.1875,53.14749526977539
1997-10-28,92.21875,56.21443176269531
1997-10-29,91.96875,56.062007904052734
1997-10-30,89.9375,54.82382583618164
1997-10-31,92.0625,56.119163513183594
1997-11-03,94.0,57.30024719238281
1997-11-04,94.0,57.30024719238281
1997-11-05,94.3125,57.490726470947266
1997-11-06,93.953125,57.27167510986328
1997-11-07,92.9375,56.65257263183594
1997-11-10,92.375,56.30964660644531
1997-11-11,92.40625,56.32872772216797
1997-11-12,90.5,55.16669845581055
1997-11-13,91.8125,55.966773986816406
1997-11-14,93.0625,56.728797912597656
1997-11-17,94.78125,57.776451110839844
1997-11-18,94.1875,57.41450881958008
1997-11-19,94.65625,57.70026397705078
1997-11-20,96.09375,58.57655334472656
1997-11-21,96.75,58.9765739440918
1997-11-24,95.0,57.90980911254883
1997-11-25,95.25,58.06221008300781
1997-11-26,95.53125,58.23365783691406
1997-11-28,95.625,58.2907829284668
1997-12-01,98.09375,59.79570007324219
1997-12-02,97.5,59.433746337890625
1997-12-03,97.78125,59.60519027709961
1997-12-04,97.6875,59.54805374145508
1997-12-05,98.9375,60.310035705566406
1997-12-08,98.65625,60.13857650756836
1997-12-09,98.0625,59.776641845703125
1997-12-10,97.21875,59.262298583984375
1997-12-11,95.5625,58.252716064453125
1997-12-12,95.75,58.367027282714844
1997-12-15,96.71875,58.957523345947266
1997-12-16,97.3125,59.319454193115234
1997-12-17,96.8125,59.0146598815918
1997-12-18,95.875,58.44318389892578
1997-12-19,94.78125,58.00638198852539
1997-12-22,95.390625,58.379329681396484
1997-12-23,93.6875,57.33699035644531
1997-12-24,93.40625,57.16486740112305
1997-12-26,93.78125,57.39438247680664
1997-12-29,95.625,58.52272415161133
1997-12-30,97.125,59.44075012207031
1997-12-31,97.0625,59.40250778198242
1998-01-02,97.5625,59.70851516723633
1998-01-05,97.78125,59.842369079589844
1998-01-06,96.21875,58.88612365722656
1998-01-07,96.46875,59.039146423339844
1998-01-08,95.625,58.52272415161133
1998-01-09,92.3125,56.49549102783203
1998-01-12,94.0,57.52826690673828
1998-01-13,95.3125,58.33146286010742
1998-01-14,95.75,58.59929656982422
1998-01-15,94.953125,58.111576080322266
1998-01-16,96.3125,58.9434814453125
1998-01-20,97.875,59.899742126464844
1998-01-21,96.9375,59.325992584228516
1998-01-22,96.078125,58.800086975097656
1998-01-23,95.9375,58.71400833129883
1998-01-26,95.875,58.67574691772461
1998-01-27,96.84375,59.26862335205078
1998-01-28,97.71875,59.804107666015625
1998-01-29,98.25,60.129249572753906
1998-01-30,98.3125,60.16748809814453
1998-02-02,99.9375,61.162017822265625
1998-02-03,100.6875,61.62101745605469
1998-02-04,100.5625,61.54453659057617
1998-02-05,100.5,61.506282806396484
1998-02-06,101.625,62.194786071777344
1998-02-09,101.28125,61.98438262939453
1998-02-10,102.25,62.577308654785156
1998-02-11,102.15625,62.51986312866211
1998-02-12,102.59375,62.78765106201172
1998-02-13,102.0,62.42423629760742
1998-02-17,102.5,62.73027801513672
1998-02-18,103.4375,63.30402755737305
1998-02-19,102.890625,62.96932601928711
1998-02-20,103.65625,63.43791198730469
1998-02-23,104.0625,63.686553955078125
1998-02-24,103.25,63.18927001953125
1998-02-25,104.53125,63.973388671875
1998-02-26,105.125,64.3367919921875
1998-02-27,105.125,64.3367919921875
1998-03-02,104.90625,64.2029037475586
1998-03-03,105.5,64.56627655029297
1998-03-04,104.8125,64.14552307128906
1998-03-05,103.84375,63.55265426635742
1998-03-06,105.9375,64.83404541015625
1998-03-09,105.5625,64.60453796386719
1998-03-10,106.5625,65.216552734375
1998-03-11,107.0625,65.52253723144531
1998-03-12,107.5,65.790283203125
1998-03-13,107.09375,65.5416488647461
1998-03-16,108.25,66.2492446899414
1998-03-17,108.5625,66.4405288696289
1998-03-18,108.96875,66.68913269042969
1998-03-19,109.25,66.86129760742188
1998-03-20,109.875,67.43699645996094
1998-03-23,109.625,67.2835693359375
1998-03-24,110.5625,67.85894012451172
1998-03-25,110.15625,67.60963439941406
1998-03-26,110.09375,67.5712661743164
1998-03-27,109.625,67.2835693359375
1998-03-30,109.5625,67.24517059326172
1998-03-31,109.9375,67.47537231445312
1998-04-01,110.828125,68.02196502685547
1998-04-02,112.03125,68.76042175292969
1998-04-03,112.59375,69.10562896728516
1998-04-06,111.6875,68.54944610595703
1998-04-07,110.9375,68.08909606933594
1998-04-08,110.3125,67.70550537109375
1998-04-09,111.1875,68.2425765991211
1998-04-13,110.875,68.05078887939453
1998-04-14,111.8125,68.62615966796875
1998-04-15,112.125,68.81797790527344
1998-04-16,110.8125,68.01236724853516
1998-04-17,112.28125,68.91385650634766
1998-04-20,112.25,68.8946533203125
1998-04-21,112.78125,69.22071838378906
1998-04-22,113.09375,69.41253662109375
1998-04-23,112.0,68.74122619628906
1998-04-24,110.8125,68.01236724853516
1998-04-27,108.71875,66.72734832763672
1998-04-28,108.5625,66.63141632080078
1998-04-29,109.3125,67.09172821044922
1998-04-30,111.34375,68.33844757080078
1998-05-01,112.59375,69.10562896728516
1998-05-04,112.3125,68.93304443359375
1998-05-05,111.53125,68.45355987548828
1998-05-06,110.21875,67.64798736572266
1998-05-07,109.34375,67.11091613769531
1998-05-08,111.125,68.20418548583984
1998-05-11,110.75,67.97400665283203
1998-05-12,111.9375,68.7028579711914
1998-05-13,112.21875,68.87548828125
1998-05-14,111.65625,68.53026580810547
1998-05-15,111.03125,68.14663696289062
1998-05-18,110.59375,67.87813568115234
1998-05-19,111.34375,68.33844757080078
1998-05-20,112.40625,68.99059295654297
1998-05-21,111.6875,68.54944610595703
1998-05-22,111.25,68.28091430664062
1998-05-26,109.46875,67.18766784667969
1998-05-27,109.625,67.2835693359375
1998-05-28,110.125,67.5904541015625
1998-05-29,109.03125,66.91912841796875
1998-06-01,109.53125,67.22600555419922
1998-06-02,109.625,67.2835693359375
1998-06-03,107.875,66.20950317382812
1998-06-04,109.875,67.43699645996094
1998-06-05,112.0,68.74122619628906
1998-06-08,111.875,68.66452026367188
1998-06-09,112.21875,68.87548828125
1998-06-10,111.5,68.43437957763672
1998-06-11,109.40625,67.1492919921875
1998-06-12,110.4375,67.7822494506836
1998-06-15,107.53125,65.99848175048828
1998-06-16,109.1875,67.01506042480469
1998-06-17,111.46875,68.41516876220703
1998-06-18,110.96875,68.1082763671875
1998-06-19,110.0625,67.76704406738281
1998-06-22,110.59375,68.09413146972656
1998-06-23,111.90625,68.90222930908203
1998-06-24,113.40625,69.82584381103516
1998-06-25,113.21875,69.71038055419922
1998-06-26,113.6875,69.99901580810547
1998-06-29,114.09375,70.24909973144531
1998-06-30,113.3125,69.76809692382812
1998-07-01,114.625,70.57624053955078
1998-07-02,114.84375,70.71095275878906
1998-07-06,116.0,71.42281341552734
1998-07-07,115.78125,71.28813171386719
1998-07-08,116.625,71.80764770507812
1998-07-09,115.84375,71.32662200927734
1998-07-10,116.46875,71.71147155761719
1998-07-13,116.5,71.73068237304688
1998-07-14,117.8125,72.53885650634766
1998-07-15,117.59375,72.40411376953125
1998-07-16,118.40625,72.90438842773438
1998-07-17,118.5625,73.0005874633789
1998-07-20,118.5625,73.0005874633789
1998-07-21,116.5,71.73068237304688
1998-07-22,116.5,71.73068237304688
1998-07-23,114.1875,70.3068618774414
1998-07-24,114.09375,70.24909973144531
1998-07-27,114.90625,70.74940490722656
1998-07-28,112.96875,69.55648803710938
1998-07-29,112.53125,69.28709411621094
1998-07-30,114.21875,70.32609558105469
1998-07-31,111.78125,68.82527923583984
1998-08-03,111.3125,68.53671264648438
1998-08-04,107.0,65.88140869140625
1998-08-05,108.46875,66.78575897216797
1998-08-06,108.9375,67.0743408203125
1998-08-07,109.125,67.18982696533203
1998-08-10,108.5,66.80496978759766
1998-08-11,106.875,65.80443572998047
1998-08-12,108.6875,66.92044067382812
1998-08-13,107.375,66.11231231689453
1998-08-14,106.125,65.3426513671875
1998-08-17,108.375,66.7280044555664
1998-08-18,110.375,67.95945739746094
1998-08-19,110.09375,67.78628540039062
1998-08-20,109.4375,67.38223266601562
1998-08-21,108.5625,66.84343719482422
1998-08-24,109.25,67.26676177978516
1998-08-25,109.5,67.42069244384766
1998-08-26,108.875,67.03588104248047
1998-08-27,103.75,63.88033676147461
1998-08-28,103.375,63.64944076538086
1998-08-31,96.0,59.10857391357422
1998-09-01,100.0625,61.60989761352539
1998-09-02,99.34375,61.1673583984375
1998-09-03,98.5625,60.686309814453125
1998-09-04,97.75,60.18605041503906
1998-09-08,103.0,63.418582916259766
1998-09-09,100.5,61.87928771972656
1998-09-10,98.5,60.64783477783203
1998-09-11,101.6875,62.61041259765625
1998-09-14,103.4375,63.68794631958008
1998-09-15,104.0625,64.0727767944336
1998-09-16,105.0,64.64995574951172
1998-09-17,102.0,62.80280685424805
1998-09-18,102.09375,63.0826301574707
1998-09-21,102.03125,63.0439453125
1998-09-22,102.875,63.565277099609375
1998-09-23,107.0,66.11408996582031
1998-09-24,104.375,64.49213409423828
1998-09-25,104.25,64.41493225097656
1998-09-28,105.1875,64.99417114257812
1998-09-29,104.9375,64.83971405029297
1998-09-30,101.75,62.870201110839844
1998-10-01,98.8125,61.05514907836914
1998-10-02,100.71875,62.23298645019531
1998-10-05,98.6875,60.97789001464844
1998-10-06,98.59375,60.91996383666992
1998-10-07,97.125,60.0124397277832
1998-10-08,96.59375,59.68421936035156
1998-10-09,98.53125,60.881370544433594
1998-10-12,99.96875,61.769561767578125
1998-10-13,99.625,61.55718994140625
1998-10-14,100.5625,62.136474609375
1998-10-15,105.96875,65.47687530517578
1998-10-16,106.0,65.49622344970703
1998-10-19,106.375,65.72795104980469
1998-10-20,107.0,66.11408996582031
1998-10-21,106.625,65.88237762451172
1998-10-22,108.21875,66.8671646118164
1998-10-23,106.84375,66.0175552368164
1998-10-26,107.625,66.50028991699219
1998-10-27,107.0,66.11408996582031
1998-10-28,106.8125,65.99825286865234
1998-10-29,109.40625,67.60089111328125
1998-10-30,110.0,67.96774291992188
1998-11-02,111.875,69.1263427734375
1998-11-03,111.0625,68.6242904663086
1998-11-04,112.25,69.35801696777344
1998-11-05,113.78125,70.30415344238281
1998-11-06,114.125,70.51659393310547
1998-11-09,113.3125,70.01451110839844
1998-11-10,113.0,69.82146453857422
1998-11-11,112.25,69.35801696777344
1998-11-12,112.125,69.28079223632812
1998-11-13,113.21875,69.95659637451172
1998-11-16,114.0625,70.47798919677734
1998-11-17,114.0625,70.47798919677734
1998-11-18,114.75,70.90274047851562
1998-11-19,115.75,71.52063751220703
1998-11-20,116.625,72.06128692626953
1998-11-23,119.375,73.76048278808594
1998-11-24,118.625,73.29710388183594
1998-11-25,118.625,73.29710388183594
1998-11-27,119.5,73.8377456665039
1998-11-30,116.125,71.75232696533203
1998-12-01,117.625,72.67919158935547
1998-12-02,117.28125,72.4667739868164
1998-12-03,115.34375,71.26961517333984
1998-12-04,118.375,73.14258575439453
1998-12-07,118.9375,73.49017333984375
1998-12-08,118.40625,73.16194152832031
1998-12-09,118.625,73.29710388183594
1998-12-10,116.890625,72.22539520263672
1998-12-11,117.125,72.37020874023438
1998-12-14,113.75,70.28487396240234
1998-12-15,116.6875,72.09989929199219
1998-12-16,116.53125,72.00335693359375
1998-12-17,118.390625,73.15225982666016
1998-12-18,118.5,73.4631118774414
1998-12-21,120.15625,74.48985290527344
1998-12-22,120.6875,74.81916046142578
1998-12-23,123.21875,76.38843536376953
1998-12-24,122.6875,76.05908966064453
1998-12-28,122.375,75.86534118652344
1998-12-29,124.3125,77.06649017333984
1998-12-30,123.3125,76.446533203125
1998-12-31,123.3125,76.446533203125
1999-01-04,123.03125,76.27218627929688
1999-01-05,124.4375,77.14398956298828
1999-01-06,127.4375,79.00379180908203
1999-01-07,126.8125,78.61637878417969
1999-01-08,127.75,79.19747924804688
1999-01-11,126.53125,78.44194793701172
1999-01-12,124.25,77.0277328491211
1999-01-13,123.375,76.48529052734375
1999-01-14,121.21875,75.14857482910156
1999-01-15,124.375,77.10523986816406
1999-01-19,125.1875,77.60896301269531
1999-01-20,126.1875,78.22886657714844
1999-01-21,122.84375,76.15595245361328
1999-01-22,122.5625,75.98160552978516
1999-01-25,123.8125,76.75650024414062
1999-01-26,126.0625,78.15141296386719
1999-01-27,124.59375,77.2408218383789
1999-01-28,126.6875,78.53883361816406
1999-01-29,127.65625,79.13945007324219
1999-02-01,126.90625,78.67448425292969
1999-02-02,126.125,78.19015502929688
1999-02-03,127.40625,78.98441314697266
1999-02-04,125.5,77.80267333984375
1999-02-05,124.0625,76.9114761352539
1999-02-08,124.3125,77.06649017333984
1999-02-09,121.53125,75.34225463867188
1999-02-10,122.3125,75.82657623291016
1999-02-11,125.125,77.5701904296875
1999-02-12,123.625,76.64025115966797
1999-02-16,122.875,76.17530822753906
1999-02-17,122.75,76.09780883789062
1999-02-18,123.71875,76.69837951660156
1999-02-19,124.25,77.0277328491211
1999-02-22,127.5625,79.08128356933594
1999-02-23,127.5,79.04254150390625
1999-02-24,125.25,77.64767456054688
1999-02-25,124.0625,76.9114761352539
1999-02-26,123.5625,76.60153198242188
1999-03-01,123.90625,76.81463623046875
1999-03-02,122.8125,76.13652801513672
1999-03-03,123.46875,76.54339599609375
1999-03-04,125.03125,77.51205444335938
1999-03-05,127.546875,79.07159423828125
1999-03-08,128.375,79.58495330810547
1999-03-09,128.0625,79.39128112792969
1999-03-10,129.1875,80.08870697021484
1999-03-11,130.625,80.9798812866211
1999-03-12,129.375,80.2049560546875
1999-03-15,131.21875,81.34796142578125
1999-03-16,130.71875,81.03800964355469
1999-03-17,130.15625,80.68927001953125
1999-03-18,132.25,81.9872817993164
1999-03-19,129.6875,80.59368896484375
1999-03-22,129.9375,80.74903869628906
1999-03-23,126.1875,78.41865539550781
1999-03-24,126.90625,78.86531066894531
1999-03-25,129.5,80.47711944580078
1999-03-26,128.5625,79.89457702636719
1999-03-29,131.15625,81.50641632080078
1999-03-30,130.46875,81.07914733886719
1999-03-31,128.375,79.77803039550781
1999-04-01,129.34375,80.3801040649414
1999-04-05,132.40625,82.28323364257812
1999-04-06,132.09375,82.08899688720703
1999-04-07,133.15625,82.74932098388672
1999-04-08,134.84375,83.79801940917969
1999-04-09,134.875,83.81742095947266
1999-04-12,136.3125,84.71075439453125
1999-04-13,135.4375,84.1669921875
1999-04-14,133.15625,82.74932098388672
1999-04-15,132.65625,82.4385757446289
1999-04-16,131.53125,81.73944854736328
1999-04-19,129.5,80.47711944580078
1999-04-20,131.125,81.48696899414062
1999-04-21,134.875,83.81742095947266
1999-04-22,136.15625,84.61368560791016
1999-04-23,135.8125,84.40005493164062
1999-04-26,136.59375,84.8855209350586
1999-04-27,137.25,85.2933578491211
1999-04-28,135.375,84.1281509399414
1999-04-29,134.34375,83.48728942871094
1999-04-30,133.25,82.80758666992188
1999-05-03,135.6875,84.3223648071289
1999-05-04,133.75,83.1183090209961
1999-05-05,134.8125,83.77857971191406
1999-05-06,133.984375,83.26395416259766
1999-05-07,135.0,83.89510345458984
1999-05-10,134.328125,83.47753143310547
1999-05-11,135.6875,84.3223648071289
1999-05-12,136.75,84.98263549804688
1999-05-13,137.34375,85.35163879394531
1999-05-14,133.78125,83.13771057128906
1999-05-17,134.1875,83.39017486572266
1999-05-18,133.9375,83.23482513427734
1999-05-19,134.90625,83.83685302734375
1999-05-20,134.09375,83.33190155029297
1999-05-21,133.34375,82.86585998535156
1999-05-24,131.125,81.48696899414062
1999-05-25,129.0,80.16644287109375
1999-05-26,130.4375,81.05976104736328
1999-05-27,128.5625,79.89457702636719
1999-05-28,130.203125,80.91407012939453
1999-06-01,129.75,80.632568359375
1999-06-02,129.875,80.710205078125
1999-06-03,130.59375,81.15685272216797
1999-06-04,133.21875,82.78815460205078
1999-06-07,133.5625,83.00179290771484
1999-06-08,132.25,82.18614959716797
1999-06-09,132.125,82.10845184326172
1999-06-10,130.90625,81.35106658935547
1999-06-11,129.8125,80.67138671875
1999-06-14,129.9375,80.74903869628906
1999-06-15,130.8125,81.29278564453125
1999-06-16,133.3125,82.84642791748047
1999-06-17,134.5625,83.6232681274414
1999-06-18,134.3125,83.71986389160156
1999-06-21,134.625,83.91462707519531
1999-06-22,133.6875,83.33024597167969
1999-06-23,133.03125,82.92122650146484
1999-06-24,132.03125,82.29786682128906
1999-06-25,131.703125,82.09333038330078
1999-06-28,133.3125,83.09656524658203
1999-06-29,134.5625,83.8756332397461
1999-06-30,137.0,85.3949966430664
1999-07-01,138.03125,86.03782653808594
1999-07-02,139.40625,86.8948974609375
1999-07-06,139.375,86.87541198730469
1999-07-07,139.5625,86.99226379394531
1999-07-08,139.671875,87.06044006347656
1999-07-09,140.5,87.57662200927734
1999-07-12,139.875,87.18706512451172
1999-07-13,139.375,86.87541198730469
1999-07-14,140.15625,87.3623046875
1999-07-15,141.046875,87.9175033569336
1999-07-16,141.8125,88.39476776123047
1999-07-19,140.875,87.81038665771484
1999-07-20,137.984375,86.00860595703125
1999-07-21,137.828125,85.91122436523438
1999-07-22,136.015625,84.78144073486328
1999-07-23,135.75,84.61589050292969
1999-07-26,134.75,83.99253845214844
1999-07-27,135.875,84.69375610351562
1999-07-28,136.3125,84.96649169921875
1999-07-29,134.40625,83.77827453613281
1999-07-30,132.75,82.74592590332031
1999-08-02,133.0625,82.94068908691406
1999-08-03,132.4375,82.55107116699219
1999-08-04,130.625,81.42132568359375
1999-08-05,131.8125,82.16153717041016
1999-08-06,130.375,81.2655029296875
1999-08-09,130.09375,81.09020233154297
1999-08-10,128.65625,80.19413757324219
1999-08-11,130.21875,81.16812896728516
1999-08-12,130.140625,81.11939239501953
1999-08-13,133.15625,82.99910736083984
1999-08-16,133.75,83.36922454833984
1999-08-17,134.625,83.91462707519531
1999-08-18,133.65625,83.31079864501953
1999-08-19,132.5625,82.62898254394531
1999-08-20,133.90625,83.46663665771484
1999-08-23,136.46875,85.06383514404297
1999-08-24,136.96875,85.37554931640625
1999-08-25,138.375,86.25205993652344
1999-08-26,136.71875,85.21966552734375
1999-08-27,135.0625,84.18737030029297
1999-08-30,132.5625,82.62898254394531
1999-08-31,132.0625,82.31733703613281
1999-09-01,133.6875,83.33024597167969
1999-09-02,132.109375,82.34656524658203
1999-09-03,135.96875,84.75220489501953
1999-09-07,135.46875,84.4405746459961
1999-09-08,134.8125,84.03147888183594
1999-09-09,134.75,83.99253845214844
1999-09-10,135.875,84.69375610351562
1999-09-13,134.953125,84.11913299560547
1999-09-14,134.0625,83.56399536132812
1999-09-15,131.9375,82.23942565917969
1999-09-16,132.453125,82.5608139038086
1999-09-17,133.75,83.6040267944336
1999-09-20,133.5625,83.48683166503906
1999-09-21,130.75,81.72881317138672
1999-09-22,130.609375,81.6408920288086
1999-09-23,127.875,79.93169403076172
1999-09-24,127.75,79.8535385131836
1999-09-27,128.59375,80.38096618652344
1999-09-28,128.34375,80.2247085571289
1999-09-29,126.8125,79.2675552368164
1999-09-30,128.75,80.47858428955078
1999-10-01,128.46875,80.30280303955078
1999-10-04,130.75,81.72881317138672
1999-10-05,130.625,81.65066528320312
1999-10-06,132.625,82.90078735351562
1999-10-07,131.875,82.43197631835938
1999-10-08,133.875,83.68214416503906
1999-10-11,133.65625,83.54544830322266
1999-10-12,131.59375,82.25617980957031
1999-10-13,128.1875,80.12706756591797
1999-10-14,128.15625,80.10750579833984
1999-10-15,124.875,78.05645751953125
1999-10-18,125.78125,78.62294006347656
1999-10-19,127.0,79.38475036621094
1999-10-20,128.25,80.16613006591797
1999-10-21,129.0,80.63489532470703
1999-10-22,130.09375,81.31858825683594
1999-10-25,129.4375,80.90837097167969
1999-10-26,127.8125,79.89265441894531
1999-10-27,130.125,81.33809661865234
1999-10-28,134.5625,84.11188507080078
1999-10-29,137.0,85.63550567626953
1999-11-01,135.5625,84.73697662353516
1999-11-02,134.59375,84.13142395019531
1999-11-03,135.5,84.69786834716797
1999-11-04,136.53125,85.34248352050781
1999-11-05,137.875,86.1824722290039
1999-11-08,138.0,86.26055145263672
1999-11-09,136.703125,85.44994354248047
1999-11-10,137.71875,86.08477020263672
1999-11-11,138.5,86.57315826416016
1999-11-12,139.75,87.35446166992188
1999-11-15,140.078125,87.55958557128906
1999-11-16,141.25,88.29207611083984
1999-11-17,141.625,88.52649688720703
1999-11-18,142.625,89.15157318115234
1999-11-19,142.5,89.07341003417969
1999-11-22,142.46875,89.05393981933594
1999-11-23,141.21875,88.27253723144531
1999-11-24,141.96875,88.74134826660156
1999-11-26,141.4375,88.4093246459961
1999-11-29,140.9375,88.0967788696289
1999-11-30,139.28125,87.06148529052734
1999-12-01,140.40625,87.76466369628906
1999-12-02,141.25,88.29207611083984
1999-12-03,143.84375,89.91336822509766
1999-12-06,142.78125,89.24921417236328
1999-12-07,141.625,88.52649688720703
1999-12-08,140.71875,87.96003723144531
1999-12-09,141.40625,88.3897705078125
1999-12-10,141.875,88.68276977539062
1999-12-13,142.125,88.83904266357422
1999-12-14,140.75,87.97956085205078
1999-12-15,141.5,88.44843292236328
1999-12-16,142.125,88.83904266357422
1999-12-17,142.6875,89.40957641601562
1999-12-20,141.65625,88.76337432861328
1999-12-21,143.8125,90.11448669433594
1999-12-22,144.1875,90.3494644165039
1999-12-23,146.484375,91.78872680664062
1999-12-27,146.28125,91.66141510009766
1999-12-28,146.1875,91.60272216796875
1999-12-29,146.8125,91.99434661865234
1999-12-30,146.640625,91.88665008544922
1999-12-31,146.875,92.03351593017578
2000-01-03,145.4375,91.13275909423828
2000-01-04,139.75,87.56889343261719
2000-01-05,140.0,87.72557067871094
2000-01-06,137.75,86.31568908691406
2000-01-07,145.75,91.32852172851562
2000-01-10,146.25,91.64186096191406
2000-01-11,144.5,90.54528045654297
2000-01-12,143.0625,89.64456176757812
2000-01-13,145.0,90.85862731933594
2000-01-14,146.96875,92.09221649169922
2000-01-18,145.8125,91.36774444580078
2000-01-19,147.0,92.11182403564453
2000-01-20,144.75,90.70195007324219
2000-01-21,144.4375,90.50614929199219
2000-01-24,140.34375,87.94097137451172
2000-01-25,141.9375,88.9395980834961
2000-01-26,140.8125,88.23469543457031
2000-01-27,140.25,87.88216400146484
2000-01-28,135.875,85.14079284667969
2000-01-31,139.5625,87.45142364501953
2000-02-01,140.9375,88.3130111694336
2000-02-02,141.0625,88.39134216308594
2000-02-03,143.1875,89.72286987304688
2000-02-04,142.59375,89.35086059570312
2000-02-07,142.375,89.21378326416016
2000-02-08,144.3125,90.42781829833984
2000-02-09,141.28125,88.52839660644531
2000-02-10,141.5625,88.70459747314453
2000-02-11,138.6875,86.90311431884766
2000-02-14,139.5,87.41223907470703
2000-02-15,141.078125,88.40111541748047
2000-02-16,139.0,87.09890747070312
2000-02-17,138.28125,86.64857482910156
2000-02-18,135.3125,84.78829956054688
2000-02-22,134.96875,84.57290649414062
2000-02-23,136.5625,85.57157135009766
2000-02-24,133.8125,83.84838104248047
2000-02-25,133.328125,83.54484558105469
2000-02-28,136.125,85.29741668701172
2000-02-29,137.4375,86.119873046875
2000-03-01,138.4375,86.74646759033203
2000-03-02,138.53125,86.80519104003906
2000-03-03,141.125,88.43051147460938
2000-03-06,139.75,87.56889343261719
2000-03-07,137.046875,85.87507629394531
2000-03-08,136.875,85.76740264892578
2000-03-09,140.875,88.27385711669922
2000-03-10,140.125,87.80387115478516
2000-03-13,138.59375,86.8443832397461
2000-03-14,136.625,85.61071014404297
2000-03-15,139.8125,87.60807037353516
2000-03-16,146.34375,91.70059204101562
2000-03-17,146.9375,92.3066635131836
2000-03-20,146.1875,91.83552551269531
2000-03-21,149.1875,93.72010803222656
2000-03-22,150.09375,94.2894515991211
2000-03-23,152.65625,95.89921569824219
2000-03-24,153.5625,96.46854400634766
2000-03-27,151.9375,95.44772338867188
2000-03-28,151.0625,94.89805603027344
2000-03-29,151.21875,94.99613952636719
2000-03-30,148.6875,93.40602111816406
2000-03-31,150.375,94.46614074707031
2000-04-03,151.25,95.01581573486328
2000-04-04,150.125,94.30906677246094
2000-04-05,149.1875,93.72010803222656
2000-04-06,150.484375,94.53480529785156
2000-04-07,151.4375,95.13359069824219
2000-04-10,150.84375,94.76056671142578
2000-04-11,150.40625,94.48577117919922
2000-04-12,146.28125,91.89437103271484
2000-04-13,144.25,90.61837005615234
2000-04-14,136.0,85.43570709228516
2000-04-17,140.75,88.4196548461914
2000-04-18,144.46875,90.75574493408203
2000-04-19,143.125,89.91165161132812
2000-04-20,143.8125,90.3435287475586
2000-04-24,142.25,89.3619384765625
2000-04-25,148.15625,93.07229614257812
2000-04-26,146.484375,92.02203369140625
2000-04-27,146.0,91.7177505493164
2000-04-28,145.09375,91.14844512939453
2000-05-01,147.0625,92.38522338867188
2000-05-02,144.125,90.53978729248047
2000-05-03,140.75,88.4196548461914
2000-05-04,141.8125,89.087158203125
2000-05-05,143.53125,90.16685485839844
2000-05-08,142.453125,89.48959350585938
2000-05-09,141.3125,88.77300262451172
2000-05-10,138.125,86.77063751220703
2000-05-11,141.28125,88.75342559814453
2000-05-12,142.8125,89.71536254882812
2000-05-15,145.28125,91.26617431640625
2000-05-16,146.6875,92.14962005615234
2000-05-17,145.15625,91.18769073486328
2000-05-18,143.375,90.06874084472656
2000-05-19,141.125,88.65525817871094
2000-05-22,140.0625,87.98779296875
2000-05-23,138.0,86.69207000732422
2000-05-24,140.25,88.10553741455078
2000-05-25,137.84375,86.59393310546875
2000-05-26,138.0,86.69207000732422
2000-05-30,142.5,89.51900482177734
2000-05-31,142.8125,89.71536254882812
2000-06-01,145.3125,91.28585815429688
2000-06-02,147.84375,92.8759994506836
2000-06-05,147.125,92.42449188232422
2000-06-06,146.46875,92.01223754882812
2000-06-07,147.484375,92.65022277832031
2000-06-08,146.90625,92.28705596923828
2000-06-09,146.59375,92.09075164794922
2000-06-12,144.875,91.01103210449219
2000-06-13,147.59375,92.71891021728516
2000-06-14,147.84375,92.8759994506836
2000-06-15,148.15625,93.07229614257812
2000-06-16,146.59375,92.30757141113281
2000-06-19,148.46875,93.48821258544922
2000-06-20,147.9375,93.15364837646484
2000-06-21,147.875,93.11434173583984
2000-06-22,145.625,91.69754028320312
2000-06-23,144.375,90.91043853759766
2000-06-26,146.234375,92.08126831054688
2000-06-27,145.15625,91.40238952636719
2000-06-28,145.5625,91.6582260131836
2000-06-29,144.1875,90.79235076904297
2000-06-30,145.28125,91.48104858398438
2000-07-03,147.28125,92.7404556274414
2000-07-05,144.625,91.0678482055664
2000-07-06,145.75,91.77623748779297
2000-07-07,148.09375,93.25210571289062
2000-07-10,147.84375,93.09467315673828
2000-07-11,148.15625,93.29142761230469
2000-07-12,149.125,93.90143585205078
2000-07-13,149.78125,94.31465148925781
2000-07-14,151.25,95.23951721191406
2000-07-17,151.0,95.08206176757812
2000-07-18,149.765625,94.30481719970703
2000-07-19,148.5625,93.54721069335938
2000-07-20,150.625,94.8459243774414
2000-07-21,147.6875,92.99627685546875
2000-07-24,146.84375,92.46495056152344
2000-07-25,147.3125,92.76012420654297
2000-07-26,145.875,91.8549575805664
2000-07-27,145.375,91.54010772705078
2000-07-28,142.09375,89.47395324707031
2000-07-31,143.0,90.04464721679688
2000-08-01,143.875,90.59557342529297
2000-08-02,144.59375,91.04818725585938
2000-08-03,145.59375,91.67784118652344
2000-08-04,146.375,92.1697998046875
2000-08-07,148.125,93.27174377441406
2000-08-08,148.6875,93.62593841552734
2000-08-09,147.4375,92.83885192871094
2000-08-10,146.71875,92.38624572753906
2000-08-11,147.40625,92.81915283203125
2000-08-14,149.28125,93.99984741210938
2000-08-15,149.15625,93.92111206054688
2000-08-16,148.625,93.58660125732422
2000-08-17,150.1875,94.57048034667969
2000-08-18,149.6875,94.2556381225586
2000-08-21,150.5,94.76722717285156
2000-08-22,150.25,94.60981750488281
2000-08-23,150.84375,94.98368072509766
2000-08-24,151.3125,95.27885437011719
2000-08-25,151.25,95.23951721191406
2000-08-28,151.765625,95.56419372558594
2000-08-29,151.796875,95.58387756347656
2000-08-30,150.34375,94.66885375976562
2000-08-31,152.34375,95.9282455444336
2000-09-01,152.5,96.026611328125
2000-09-05,151.28125,95.25918579101562
2000-09-06,149.5625,94.17691802978516
2000-09-07,150.84375,94.98368072509766
2000-09-08,149.8125,94.33434295654297
2000-09-11,149.59375,94.1966323852539
2000-09-12,148.5,93.50788116455078
2000-09-13,148.890625,93.75382995605469
2000-09-14,149.640625,94.22608184814453
2000-09-15,146.0,92.16465759277344
2000-09-18,144.65625,91.3163833618164
2000-09-19,145.96875,92.14495086669922
2000-09-20,144.890625,91.4643325805664
2000-09-21,142.6875,90.07357788085938
2000-09-22,145.28125,91.71087646484375
2000-09-25,144.25,91.0599136352539
2000-09-26,142.40625,89.89604187011719
2000-09-27,143.15625,90.36946868896484
2000-09-28,145.0,91.53340911865234
2000-09-29,143.625,90.66539764404297
2000-10-02,143.84375,90.8034439086914
2000-10-03,142.5,89.95520782470703
2000-10-04,143.6875,90.7048568725586
2000-10-05,144.1875,91.02045440673828
2000-10-06,141.0625,89.04779052734375
2000-10-09,140.0,88.37705993652344
2000-10-10,137.6875,86.9172592163086
2000-10-11,136.53125,86.1873550415039
2000-10-12,133.125,84.03712463378906
2000-10-13,137.5625,86.8383560180664
2000-10-16,138.1875,87.23291778564453
2000-10-17,134.75,85.06290435791016
2000-10-18,134.25,84.74728393554688
2000-10-19,139.3125,87.94304656982422
2000-10-20,139.90625,88.31793212890625
2000-10-23,140.53125,88.7124252319336
2000-10-24,139.59375,88.12056732177734
2000-10-25,136.3125,86.04930114746094
2000-10-26,136.6875,86.28595733642578
2000-10-27,139.28125,87.92335510253906
2000-10-30,140.53125,88.7124252319336
2000-10-31,142.953125,90.24125671386719
2000-11-01,142.46875,89.93551635742188
2000-11-02,142.703125,90.08345031738281
2000-11-03,142.78125,90.13275909423828
2000-11-06,143.78125,90.76399993896484
2000-11-07,143.75,90.74429321289062
2000-11-08,140.5625,88.73214721679688
2000-11-09,140.03125,88.39682006835938
2000-11-10,136.625,86.24652099609375
2000-11-13,135.5625,85.57579803466797
2000-11-14,139.125,87.82467651367188
2000-11-15,139.5625,88.10089111328125
2000-11-16,137.375,86.71992492675781
2000-11-17,136.640625,86.2563705444336
2000-11-20,134.6875,85.02347564697266
2000-11-21,135.375,85.45746612548828
2000-11-22,132.140625,83.41573333740234
2000-11-24,134.84375,85.12210083007812
2000-11-27,136.03125,85.8717041015625
2000-11-28,133.6875,84.39218139648438
2000-11-29,133.4375,84.2343978881836
2000-11-30,132.28125,83.50446319580078
2000-12-01,132.21875,83.46501922607422
2000-12-04,133.34375,84.17520141601562
2000-12-05,137.71875,86.93695831298828
2000-12-06,135.515625,85.54622650146484
2000-12-07,133.65625,84.3724594116211
2000-12-08,133.96875,84.56974792480469
2000-12-11,138.625,87.50907897949219
2000-12-12,138.03125,87.13428497314453
2000-12-13,136.140625,85.94078063964844
2000-12-14,134.40625,84.84591674804688
2000-12-15,130.96875,82.92950439453125
2000-12-18,132.71875,84.03765106201172
2000-12-19,130.015625,82.32603454589844
2000-12-20,126.25,79.94163513183594
2000-12-21,127.125,80.49568176269531
2000-12-22,130.9375,82.90974426269531
2000-12-26,132.34375,83.80017852783203
2000-12-27,133.3125,84.41362762451172
2000-12-28,133.71875,84.67083740234375
2000-12-29,131.1875,83.06805419921875
2001-01-02,128.8125,81.56417846679688
2001-01-03,135.0,85.48212432861328
2001-01-04,133.546875,84.56200408935547
2001-01-05,129.1875,81.80165100097656
2001-01-08,130.1875,82.4348373413086
2001-01-09,129.84375,82.2171859741211
2001-01-10,132.125,83.66168212890625
2001-01-11,132.25,83.74082946777344
2001-01-12,132.0,83.58253479003906
2001-01-16,132.84375,84.11676025390625
2001-01-17,133.453125,84.50265502929688
2001-01-18,134.78125,85.3436050415039
2001-01-19,134.015625,84.85883331298828
2001-01-22,134.90625,85.42279052734375
2001-01-23,135.96875,86.09555053710938
2001-01-24,136.375,86.352783203125
2001-01-25,136.03125,86.13510131835938
2001-01-26,135.875,86.03618621826172
2001-01-29,136.60000610351562,86.49524688720703
2001-01-30,137.8000030517578,87.25511932373047
2001-01-31,137.02000427246094,86.76119995117188
2001-02-01,137.92999267578125,87.3373794555664
2001-02-02,134.8000030517578,85.3554916381836
2001-02-05,135.7899932861328,85.9823226928711
2001-02-06,135.38999938964844,85.72909545898438
2001-02-07,134.69000244140625,85.28584289550781
2001-02-08,133.1199951171875,84.2917251586914
2001-02-09,131.83999633789062,83.48123168945312
2001-02-12,133.35000610351562,84.43734741210938
2001-02-13,132.25999450683594,83.74716186523438
2001-02-14,132.05999755859375,83.62051391601562
2001-02-15,133.33999633789062,84.43101501464844
2001-02-16,130.39999389648438,82.56942749023438
2001-02-20,128.38999938964844,81.29666137695312
2001-02-21,125.62000274658203,79.54268646240234
2001-02-22,125.80999755859375,79.66301727294922
2001-02-23,124.95999908447266,79.12478637695312
2001-02-26,127.62000274658203,80.8091049194336
2001-02-27,126.44000244140625,80.06193542480469
2001-02-28,123.94999694824219,78.48526000976562
2001-03-01,124.5999984741211,78.89680480957031
2001-03-02,123.61000061035156,78.26998901367188
2001-03-05,124.73999786376953,78.9854965209961
2001-03-06,126.08000183105469,79.833984375
2001-03-07,126.9800033569336,80.40386199951172
2001-03-08,127.12000274658203,80.49250030517578
2001-03-09,123.36000061035156,78.11167907714844
2001-03-12,118.08000183105469,74.76837921142578
2001-03-13,120.0199966430664,75.99675750732422
2001-03-14,117.6500015258789,74.49610137939453
2001-03-15,117.68000030517578,74.51509094238281
2001-03-16,115.01000213623047,73.0205078125
2001-03-19,117.3499984741211,74.50617980957031
2001-03-20,114.19999694824219,72.50621795654297
2001-03-21,112.26000213623047,71.27452087402344
2001-03-22,111.12000274658203,70.55071258544922
2001-03-23,114.4800033569336,72.68401336669922
2001-03-26,115.94000244140625,73.6109848022461
2001-03-27,118.30999755859375,75.11571502685547
2001-03-28,115.04000091552734,73.03954315185547
2001-03-29,115.4800033569336,73.31893920898438
2001-03-30,116.69000244140625,74.08715057373047
2001-04-02,114.19999694824219,72.50621795654297
2001-04-03,110.38999938964844,70.08723449707031
2001-04-04,110.8499984741211,70.37930297851562
2001-04-05,115.05000305175781,73.04591369628906
2001-04-06,113.30000305175781,71.9348373413086
2001-04-09,114.55999755859375,72.73480224609375
2001-04-10,116.6500015258789,74.06175994873047
2001-04-11,116.7300033569336,74.11255645751953
2001-04-12,118.8499984741211,75.45854949951172
2001-04-16,117.5999984741211,74.6649398803711
2001-04-17,119.26000213623047,75.7188491821289
2001-04-18,124.0,78.72832489013672
2001-04-19,125.6500015258789,79.77591705322266
2001-04-20,124.5,79.0457534790039
2001-04-23,122.23999786376953,77.61087799072266
2001-04-24,121.58000183105469,77.19182586669922
2001-04-25,123.16999816894531,78.20134735107422
2001-04-26,123.72000122070312,78.55055236816406
2001-04-27,125.77999877929688,79.85845947265625
2001-04-30,126.66000366210938,80.41716766357422
2001-05-01,127.05000305175781,80.66478729248047
2001-05-02,126.81999969482422,80.51874542236328
2001-05-03,125.20999908447266,79.49652862548828
2001-05-04,127.33999633789062,80.848876953125
2001-05-07,126.23999786376953,80.15050506591797
2001-05-08,126.18000030517578,80.11241912841797
2001-05-09,125.6500015258789,79.77591705322266
2001-05-10,126.0199966430664,80.01081085205078
2001-05-11,125.1500015258789,79.45845794677734
2001-05-14,125.4000015258789,79.61719512939453
2001-05-15,125.9800033569336,79.98544311523438
2001-05-16,128.9499969482422,81.87110900878906
2001-05-17,129.14999389648438,81.9980697631836
2001-05-18,129.74000549316406,82.3727035522461
2001-05-21,131.64999389648438,83.5853271484375
2001-05-22,131.47999572753906,83.47740936279297
2001-05-23,129.25,82.06159210205078
2001-05-24,129.6300048828125,82.3028335571289
2001-05-25,128.10000610351562,81.33145141601562
2001-05-29,127.08000183105469,80.68379211425781
2001-05-30,125.30000305175781,79.55368041992188
2001-05-31,125.94999694824219,79.96639251708984
2001-06-01,126.7300033569336,80.46162414550781
2001-06-04,127.33999633789062,80.848876953125
2001-06-05,128.8000030517578,81.77586364746094
2001-06-06,127.7300033569336,81.09651947021484
2001-06-07,128.19000244140625,81.38856506347656
2001-06-08,127.0,80.63301086425781
2001-06-11,126.0999984741211,80.06163024902344
2001-06-12,125.87999725341797,79.92191314697266
2001-06-13,124.80000305175781,79.23625946044922
2001-06-14,122.0,77.45849609375
2001-06-15,121.8499984741211,77.58330535888672
2001-06-18,121.26000213623047,77.20765686035156
2001-06-19,121.79000091552734,77.54508972167969
2001-06-20,122.43000030517578,77.95262908935547
2001-06-21,123.81999969482422,78.83760070800781
2001-06-22,122.8499984741211,78.22003173828125
2001-06-25,121.72000122070312,77.50054931640625
2001-06-26,121.55000305175781,77.39227294921875
2001-06-27,121.4800033569336,77.3477554321289
2001-06-28,122.1500015258789,77.77429962158203
2001-06-29,122.5999984741211,78.06084442138672
2001-07-02,124.12999725341797,79.0350112915039
2001-07-03,124.0999984741211,79.01590728759766
2001-07-05,121.68000030517578,77.47506713867188
2001-07-06,119.05000305175781,75.8005142211914
2001-07-09,119.69999694824219,76.21438598632812
2001-07-10,118.26000213623047,75.29751586914062
2001-07-11,118.37999725341797,75.37390899658203
2001-07-12,121.19000244140625,77.1630630493164
2001-07-13,122.23999786376953,77.83159637451172
2001-07-16,120.70999908447266,76.85745239257812
2001-07-17,121.83999633789062,77.57696533203125
2001-07-18,121.01000213623047,77.04847717285156
2001-07-19,122.06999969482422,77.723388671875
2001-07-20,121.33999633789062,77.25862121582031
2001-07-23,118.94999694824219,75.73686981201172
2001-07-24,117.80000305175781,75.00462341308594
2001-07-25,119.0999984741211,75.83235168457031
2001-07-26,120.3499984741211,76.62823486328125
2001-07-27,120.80999755859375,76.92111206054688
2001-07-30,120.8499984741211,76.94657897949219
2001-07-31,121.3499984741211,77.26494598388672
2001-08-01,122.11000061035156,77.74882507324219
2001-08-02,122.61000061035156,78.06719970703125
2001-08-03,121.94000244140625,77.64063262939453
2001-08-06,120.30000305175781,76.59642791748047
2001-08-07,120.7699966430664,76.89564514160156
2001-08-08,118.52999877929688,75.46942138671875
2001-08-09,118.87999725341797,75.69226837158203
2001-08-10,119.29000091552734,75.95333862304688
2001-08-13,119.31999969482422,75.97241973876953
2001-08-14,119.2699966430664,75.94060516357422
2001-08-15,118.23999786376953,75.2847671508789
2001-08-16,118.6500015258789,75.54582214355469
2001-08-17,116.75,74.33607482910156
2001-08-20,117.83000183105469,75.02373504638672
2001-08-21,115.81999969482422,73.7439193725586
2001-08-22,117.0199966430664,74.50801086425781
2001-08-23,116.5999984741211,74.2405776977539
2001-08-24,119.0199966430664,75.78141021728516
2001-08-27,118.30999755859375,75.329345703125
2001-08-28,116.58000183105469,74.22782897949219
2001-08-29,115.54000091552734,73.56562805175781
2001-08-30,113.31999969482422,72.15219116210938
2001-08-31,114.1500015258789,72.68061065673828
2001-09-04,113.41999816894531,72.21585083007812
2001-09-05,113.69999694824219,72.39411926269531
2001-09-06,110.7699966430664,70.528564453125
2001-09-07,108.72000122070312,69.22327423095703
2001-09-10,110.05000305175781,70.07009887695312
2001-09-17,104.30000305175781,66.4090347290039
2001-09-18,104.05000305175781,66.24982452392578
2001-09-19,101.94999694824219,64.91276550292969
2001-09-20,98.70999908447266,62.849788665771484
2001-09-21,97.27999877929688,62.17170715332031
2001-09-24,100.69999694824219,64.357421875
2001-09-25,101.75,65.02847290039062
2001-09-26,101.38999938964844,64.79839324951172
2001-09-27,102.2699966430664,65.36083221435547
2001-09-28,104.44000244140625,66.7477035522461
2001-10-01,104.2699966430664,66.63902282714844
2001-10-02,105.58000183105469,67.4762191772461
2001-10-03,107.3499984741211,68.60749053955078
2001-10-04,107.44000244140625,68.6649398803711
2001-10-05,107.2300033569336,68.5307846069336
2001-10-08,106.52999877929688,68.08343505859375
2001-10-09,105.95999908447266,67.71907806396484
2001-10-10,108.31999969482422,69.22735595703125
2001-10-11,110.0,70.30107116699219
2001-10-12,109.5,69.98153686523438
2001-10-15,109.30000305175781,69.85369873046875
2001-10-16,109.98999786376953,70.294677734375
2001-10-17,107.6500015258789,68.79915618896484
2001-10-18,107.41999816894531,68.65221405029297
2001-10-19,107.3499984741211,68.60749053955078
2001-10-22,109.47000122070312,69.96234893798828
2001-10-23,108.91000366210938,69.60443878173828
2001-10-24,108.62000274658203,69.4190902709961
2001-10-25,110.56999969482422,70.66532897949219
2001-10-26,110.31999969482422,70.50556945800781
2001-10-29,107.44999694824219,68.67134094238281
2001-10-30,106.16000366210938,67.84693908691406
2001-10-31,105.80000305175781,67.61685180664062
2001-11-01,108.51000213623047,69.34880828857422
2001-11-02,109.25,69.82173919677734
2001-11-05,110.68000030517578,70.73567962646484
2001-11-06,112.4000015258789,71.83492279052734
2001-11-07,112.25,71.7390365600586
2001-11-08,112.5999984741211,71.96273803710938
2001-11-09,112.72000122070312,72.0394287109375
2001-11-12,112.02999877929688,71.59844970703125
2001-11-13,114.55000305175781,73.20894622802734
2001-11-14,114.66000366210938,73.279296875
2001-11-15,114.87000274658203,73.41351318359375
2001-11-16,114.36000061035156,73.08753967285156
2001-11-19,115.7699966430664,73.98871612548828
2001-11-20,114.80000305175781,73.36875915527344
2001-11-21,114.04000091552734,72.8830337524414
2001-11-23,115.68000030517578,73.93116760253906
2001-11-26,115.93000030517578,74.0909652709961
2001-11-27,115.43000030517578,73.77140045166016
2001-11-28,113.33999633789062,72.43563842773438
2001-11-29,114.87000274658203,73.41351318359375
2001-11-30,114.05000305175781,72.88941955566406
2001-12-03,113.37000274658203,72.45484161376953
2001-12-04,115.29000091552734,73.68190002441406
2001-12-05,117.4000015258789,75.03042602539062
2001-12-06,117.33999633789062,74.99205780029297
2001-12-07,116.55999755859375,74.49357604980469
2001-12-10,114.37999725341797,73.10032653808594
2001-12-11,114.1500015258789,72.95332336425781
2001-12-12,114.27999877929688,73.03642272949219
2001-12-13,112.05999755859375,71.61759948730469
2001-12-14,113.12999725341797,72.30147552490234
2001-12-17,114.30000305175781,73.0492172241211
2001-12-18,114.9800033569336,73.48377990722656
2001-12-19,115.79000091552734,74.00147247314453
2001-12-20,114.6500015258789,73.27288818359375
2001-12-21,114.94999694824219,73.71727752685547
2001-12-24,114.7300033569336,73.57621002197266
2001-12-26,115.36000061035156,73.98025512695312
2001-12-27,116.05999755859375,74.42913818359375
2001-12-28,116.0,74.39070129394531
2001-12-31,114.30000305175781,73.30047607421875
2002-01-02,115.52999877929688,74.08927917480469
2002-01-03,116.83999633789062,74.92937469482422
2002-01-04,117.62000274658203,75.4295883178711
2002-01-07,116.79000091552734,74.89732360839844
2002-01-08,116.5199966430664,74.72415161132812
2002-01-09,115.56999969482422,74.11488342285156
2002-01-10,116.08000183105469,74.44198608398438
2002-01-11,114.94000244140625,73.71090698242188
2002-01-14,114.22000122070312,73.24919128417969
2002-01-15,115.1500015258789,73.84557342529297
2002-01-16,112.81999969482422,72.35133361816406
2002-01-17,113.66999816894531,72.8964614868164
2002-01-18,113.1500015258789,72.56295776367188
2002-01-22,112.37000274658203,72.06275939941406
2002-01-23,113.2300033569336,72.61431884765625
2002-01-24,113.58000183105469,72.8387222290039
2002-01-25,113.55000305175781,72.81951141357422
2002-01-28,113.86000061035156,73.01831817626953
2002-01-29,110.27999877929688,70.72245788574219
2002-01-30,111.87000274658203,71.74212646484375
2002-01-31,113.18000030517578,72.58222198486328
2002-02-01,112.6500015258789,72.2423095703125
2002-02-04,109.8499984741211,70.44670104980469
2002-02-05,109.16999816894531,70.01060485839844
2002-02-06,108.69999694824219,69.70919036865234
2002-02-07,108.0199966430664,69.27313995361328
2002-02-08,110.08999633789062,70.6006088256836
2002-02-11,111.44000244140625,71.46634674072266
2002-02-12,111.08999633789062,71.24189758300781
2002-02-13,112.2699966430664,71.99860382080078
2002-02-14,112.05999755859375,71.86393737792969
2002-02-15,110.88999938964844,71.11366271972656
2002-02-19,108.76000213623047,69.74765014648438
2002-02-20,110.58999633789062,70.92124938964844
2002-02-21,108.30000305175781,69.45268249511719
2002-02-22,109.63999938964844,70.31201171875
2002-02-25,111.44999694824219,71.47276306152344
2002-02-26,111.22000122070312,71.32527160644531
2002-02-27,111.6500015258789,71.60102081298828
2002-02-28,111.1500015258789,71.28038024902344
2002-03-01,113.73999786376953,72.94134521484375
2002-03-04,115.75,74.23035430908203
2002-03-05,115.37999725341797,73.9930419921875
2002-03-06,116.75,74.87163543701172
2002-03-07,116.5,74.71134185791016
2002-03-08,116.98999786376953,75.02560424804688
2002-03-11,117.23999786376953,75.1858901977539
2002-03-12,117.16999816894531,75.14097595214844
2002-03-13,116.04000091552734,74.41633605957031
2002-03-14,115.87999725341797,74.31372833251953
2002-03-15,116.6500015258789,75.0218276977539
2002-03-18,116.66999816894531,75.03468322753906
2002-03-19,117.44999694824219,75.53634643554688
2002-03-20,115.23999786376953,74.11498260498047
2002-03-21,115.29000091552734,74.1471176147461
2002-03-22,115.04000091552734,73.98632049560547
2002-03-25,113.61000061035156,73.06666564941406
2002-03-26,114.2699966430664,73.49114990234375
2002-03-27,114.56999969482422,73.68408203125
2002-03-28,114.5199966430664,73.65192413330078
2002-04-01,114.56999969482422,73.68408203125
2002-04-02,113.94000244140625,73.27892303466797
2002-04-03,113.13999938964844,72.76441955566406
2002-04-04,112.66999816894531,72.4621353149414
2002-04-05,112.69000244140625,72.4749755859375
2002-04-08,112.93000030517578,72.62934875488281
2002-04-09,112.13999938964844,72.12126159667969
2002-04-10,113.41000366210938,72.93802642822266
2002-04-11,110.58999633789062,71.12440490722656
2002-04-12,111.41999816894531,71.65818786621094
2002-04-15,110.56999969482422,71.11153411865234
2002-04-16,113.19999694824219,72.80297088623047
2002-04-17,112.95999908447266,72.64861297607422
2002-04-18,112.47000122070312,72.33350372314453
2002-04-19,112.87999725341797,72.59718322753906
2002-04-22,111.0,71.38809967041016
2002-04-23,110.5199966430664,71.0793685913086
2002-04-24,109.41000366210938,70.36553955078125
2002-04-25,109.47000122070312,70.40412139892578
2002-04-26,107.38999938964844,69.06639099121094
2002-04-29,106.86000061035156,68.7254867553711
2002-04-30,107.86000061035156,69.3686294555664
2002-05-01,109.18000030517578,70.21757507324219
2002-05-02,108.76000213623047,69.94746398925781
2002-05-03,107.58000183105469,69.18858337402344
2002-05-06,105.47000122070312,67.83153533935547
2002-05-07,105.0999984741211,67.59357452392578
2002-05-08,109.01000213623047,70.10823059082031
2002-05-09,107.75,69.29788970947266
2002-05-10,105.72000122070312,67.99231719970703
2002-05-13,107.87000274658203,69.37507629394531
2002-05-14,110.22000122070312,70.88644409179688
2002-05-15,109.79000091552734,70.60990142822266
2002-05-16,110.36000061035156,70.97647094726562
2002-05-17,110.9000015258789,71.32376861572266
2002-05-20,109.69999694824219,70.5520248413086
2002-05-21,108.69999694824219,69.90887451171875
2002-05-22,108.94000244140625,70.063232421875
2002-05-23,110.0999984741211,70.80924987792969
2002-05-24,108.69000244140625,69.90245056152344
2002-05-28,108.0999984741211,69.52300262451172
2002-05-29,107.30000305175781,69.00848388671875
2002-05-30,107.0,68.8155746459961
2002-05-31,107.22000122070312,68.95704650878906
2002-06-03,104.37000274658203,67.12409210205078
2002-06-04,104.62999725341797,67.2912826538086
2002-06-05,105.61000061035156,67.92162322998047
2002-06-06,103.45999908447266,66.53884887695312
2002-06-07,103.33999633789062,66.461669921875
2002-06-10,103.73999786376953,66.71890258789062
2002-06-11,101.95999908447266,65.57415771484375
2002-06-12,102.58000183105469,65.972900390625
2002-06-13,101.55000305175781,65.31047821044922
2002-06-14,101.4000015258789,65.2139892578125
2002-06-17,104.12000274658203,66.96331787109375
2002-06-18,104.97000122070312,67.50995635986328
2002-06-19,102.5199966430664,65.93429565429688
2002-06-20,101.20999908447266,65.09178161621094
2002-06-21,99.27999877929688,64.0739974975586
2002-06-24,99.80000305175781,64.40960693359375
2002-06-25,97.55999755859375,62.963924407958984
2002-06-26,97.72000122070312,63.06721878051758
2002-06-27,99.43000030517578,64.17082214355469
2002-06-28,98.95999908447266,63.86751937866211
2002-07-01,97.02999877929688,62.62189483642578
2002-07-02,94.97000122070312,61.29242706298828
2002-07-03,95.51000213623047,61.640907287597656
2002-07-05,99.30999755859375,64.0933837890625
2002-07-08,98.06999969482422,63.29311752319336
2002-07-09,95.5999984741211,61.69902038574219
2002-07-10,92.12000274658203,59.453025817871094
2002-07-11,92.87000274658203,59.93708419799805
2002-07-12,91.8499984741211,59.278804779052734
2002-07-15,92.33999633789062,59.59503173828125
2002-07-16,90.55999755859375,58.44624710083008
2002-07-17,90.73999786376953,58.562416076660156
2002-07-18,87.80000305175781,56.66498947143555
2002-07-19,84.70999908447266,54.67073059082031
2002-07-22,82.19999694824219,53.05078887939453
2002-07-23,79.94999694824219,51.59868621826172
2002-07-24,84.72000122070312,54.67720031738281
2002-07-25,84.0,54.21249771118164
2002-07-26,85.5999984741211,55.2451286315918
2002-07-29,89.7699966430664,57.93636703491211
2002-07-30,90.94000244140625,58.69147491455078
2002-07-31,91.16000366210938,58.8334846496582
2002-08-01,88.77999877929688,57.297420501708984
2002-08-02,86.79000091552734,56.01315689086914
2002-08-05,83.7699966430664,54.06404113769531
2002-08-06,86.58999633789062,55.884056091308594
2002-08-07,88.0999984741211,56.85858154296875
2002-08-08,90.94999694824219,58.69797897338867
2002-08-09,91.29000091552734,58.91737365722656
2002-08-12,90.62000274658203,58.48497009277344
2002-08-13,88.97000122070312,57.420074462890625
2002-08-14,92.22000122070312,59.5175666809082
2002-08-15,93.5,60.34367370605469
2002-08-16,93.22000122070312,60.1629753112793
2002-08-19,95.4000015258789,61.56990432739258
2002-08-20,94.38999938964844,60.91804885864258
2002-08-21,95.75,61.79579544067383
2002-08-22,96.68000030517578,62.3960075378418
2002-08-23,94.5999984741211,61.053627014160156
2002-08-26,95.26000213623047,61.47956085205078
2002-08-27,94.16000366210938,60.7696418762207
2002-08-28,92.0999984741211,59.440120697021484
2002-08-29,92.13999938964844,59.465919494628906
2002-08-30,91.77999877929688,59.233604431152344
2002-09-03,88.27999877929688,56.97474670410156
2002-09-04,89.54000091552734,57.78793716430664
2002-09-05,88.77999877929688,57.297420501708984
2002-09-06,90.0,58.0848274230957
2002-09-09,90.66000366210938,58.510780334472656
2002-09-10,91.69999694824219,59.18198776245117
2002-09-11,91.12999725341797,58.814090728759766
2002-09-12,89.44999694824219,57.7298469543457
2002-09-13,89.66999816894531,57.871856689453125
2002-09-16,89.88999938964844,58.01382064819336
2002-09-17,87.83000183105469,56.68435287475586
2002-09-18,86.94999694824219,56.116397857666016
2002-09-19,84.69999694824219,54.66427230834961
2002-09-20,84.3499984741211,54.682437896728516
2002-09-23,83.66000366210938,54.235130310058594
2002-09-24,82.30999755859375,53.35994338989258
2002-09-25,84.3499984741211,54.682437896728516
2002-09-26,85.7300033569336,55.5770378112793
2002-09-27,82.75,53.64514923095703
2002-09-30,81.79000091552734,53.0228271484375
2002-10-01,85.72000122070312,55.570556640625
2002-10-02,83.1500015258789,53.904476165771484
2002-10-03,82.30999755859375,53.35994338989258
2002-10-04,80.80000305175781,52.38104248046875
2002-10-07,79.12999725341797,51.29840087890625
2002-10-08,80.37000274658203,52.102264404296875
2002-10-09,78.0999984741211,50.63068389892578
2002-10-10,80.62999725341797,52.27082061767578
2002-10-11,84.16000366210938,54.559268951416016
2002-10-14,84.62999725341797,54.86393356323242
2002-10-15,88.69999694824219,57.502464294433594
2002-10-16,86.55000305175781,56.10866165161133
2002-10-17,88.2699966430664,57.223697662353516
2002-10-18,88.63999938964844,57.46355056762695
2002-10-21,90.16999816894531,58.45539474487305
2002-10-22,89.5199966430664,58.03402328491211
2002-10-23,90.19999694824219,58.47487258911133
2002-10-24,88.36000061035156,57.28203201293945
2002-10-25,90.19999694824219,58.47487258911133
2002-10-28,89.61000061035156,58.09238815307617
2002-10-29,88.56999969482422,57.41817092895508
2002-10-30,89.43000030517578,57.97569274902344
2002-10-31,88.5199966430664,57.3857536315918
2002-11-01,90.2699966430664,58.52024459838867
2002-11-04,91.12999725341797,59.0777702331543
2002-11-05,91.8499984741211,59.54453659057617
2002-11-06,93.04000091552734,60.31595993041992
2002-11-07,90.76000213623047,58.83788299560547
2002-11-08,89.6500015258789,58.118316650390625
2002-11-11,88.26000213623047,57.217201232910156
2002-11-12,88.95999908447266,57.671016693115234
2002-11-13,89.05000305175781,57.72936248779297
2002-11-14,90.7300033569336,58.81846237182617
2002-11-15,91.4000015258789,59.252811431884766
2002-11-18,90.4800033569336,58.65635681152344
2002-11-19,90.36000061035156,58.578609466552734
2002-11-20,92.37000274658203,59.88164520263672
2002-11-21,94.08999633789062,60.99666213989258
2002-11-22,93.41999816894531,60.56232452392578
2002-11-25,93.4800033569336,60.60121536254883
2002-11-26,91.69999694824219,59.4472770690918
2002-11-27,94.27999877929688,61.11984634399414
2002-11-29,93.9800033569336,60.92536544799805
2002-12-02,94.12999725341797,61.02263641357422
2002-12-03,92.87000274658203,60.20576858520508
2002-12-04,92.44999694824219,59.933502197265625
2002-12-05,91.43000030517578,59.27225875854492
2002-12-06,92.02999877929688,59.66120910644531
2002-12-09,89.5,58.02108383178711
2002-12-10,90.69999694824219,58.79899978637695
2002-12-11,90.77999877929688,58.85086441040039
2002-12-12,90.7699966430664,58.84437561035156
2002-12-13,89.33999633789062,57.91733932495117
2002-12-16,91.6500015258789,59.414878845214844
2002-12-17,90.8499984741211,58.896244049072266
2002-12-18,89.80000305175781,58.21553421020508
2002-12-19,89.16000366210938,57.80064392089844
2002-12-20,89.98999786376953,58.62542724609375
2002-12-23,90.0199966430664,58.64497375488281
2002-12-24,89.3499984741211,58.208465576171875
2002-12-26,89.38999938964844,58.23453903198242
2002-12-27,87.37999725341797,56.925106048583984
2002-12-30,88.11000061035156,57.40066146850586
2002-12-31,88.2300033569336,57.47882080078125
2003-01-02,91.06999969482422,59.32896423339844
2003-01-03,91.3499984741211,59.51137924194336
2003-01-06,92.95999908447266,60.560272216796875
2003-01-07,92.7300033569336,60.410430908203125
2003-01-08,91.38999938964844,59.5374641418457
2003-01-09,92.80999755859375,60.462528228759766
2003-01-10,93.05999755859375,60.62540817260742
2003-01-13,93.02999877929688,60.60585021972656
2003-01-14,93.33000183105469,60.80132293701172
2003-01-15,92.4000015258789,60.19545364379883
2003-01-16,92.0199966430664,59.9478874206543
2003-01-17,90.66000366210938,59.06189727783203
2003-01-21,89.25,58.1433219909668
2003-01-22,88.16999816894531,57.43975067138672
2003-01-23,88.70999908447266,57.79153060913086
2003-01-24,86.37999725341797,56.27362060546875
2003-01-27,85.19999694824219,55.50492858886719
2003-01-28,85.83000183105469,55.9152946472168
2003-01-29,86.4800033569336,56.33876037597656
2003-01-30,84.43000030517578,55.00326156616211
2003-01-31,86.05999755859375,56.06514358520508
2003-02-03,86.2300033569336,56.17592239379883
2003-02-04,85.37999725341797,55.622169494628906
2003-02-05,84.8499984741211,55.276878356933594
2003-02-06,84.44999694824219,55.01627731323242
2003-02-07,83.41999816894531,54.34528732299805
2003-02-10,84.01000213623047,54.72965621948242
2003-02-11,83.43000030517578,54.351802825927734
2003-02-12,82.0999984741211,53.48530960083008
2003-02-13,82.3499984741211,53.64822006225586
2003-02-14,84.1500015258789,54.82086944580078
2003-02-18,85.62999725341797,55.7850227355957
2003-02-19,85.18000030517578,55.49187469482422
2003-02-20,84.33000183105469,54.93811798095703
2003-02-21,85.18000030517578,55.49187469482422
2003-02-24,83.80000305175781,54.59284210205078
2003-02-25,84.47000122070312,55.02932357788086
2003-02-26,83.23999786376953,54.228004455566406
2003-02-27,84.33999633789062,54.94463348388672
2003-02-28,84.9000015258789,55.3094596862793
2003-03-03,84.08999633789062,54.78175354003906
2003-03-04,82.75,53.908756256103516
2003-03-05,83.44999694824219,54.36482620239258
2003-03-06,82.75,53.908756256103516
2003-03-07,83.31999969482422,54.280128479003906
2003-03-10,81.31999969482422,52.97722244262695
2003-03-11,80.5199966430664,52.456024169921875
2003-03-12,81.05999755859375,52.80780029296875
2003-03-13,83.86000061035156,54.63193893432617
2003-03-14,84.12999725341797,54.80781173706055
2003-03-17,86.77999877929688,56.534183502197266
2003-03-18,87.29000091552734,56.866477966308594
2003-03-19,87.95999908447266,57.302921295166016
2003-03-20,88.1500015258789,57.426719665527344
2003-03-21,89.66999816894531,58.652488708496094
2003-03-24,86.69000244140625,56.70328140258789
2003-03-25,87.5199966430664,57.24616241455078
2003-03-26,87.08000183105469,56.9583740234375
2003-03-27,87.1500015258789,57.00413131713867
2003-03-28,86.70999908447266,56.716365814208984
2003-03-31,84.73999786376953,55.427791595458984
2003-04-01,86.04000091552734,56.27811813354492
2003-04-02,88.12000274658203,57.638648986816406
2003-04-03,87.69999694824219,57.36391830444336
2003-04-04,88.22000122070312,57.70404815673828
2003-04-07,88.05000305175781,57.59288024902344
2003-04-08,88.19000244140625,57.6844367980957
2003-04-09,87.02999877929688,56.925662994384766
2003-04-10,87.51000213623047,57.2396240234375
2003-04-11,87.1500015258789,57.00413131713867
2003-04-14,88.94999694824219,58.181549072265625
2003-04-15,89.77999877929688,58.72446060180664
2003-04-16,88.25,57.72365951538086
2003-04-17,89.55999755859375,58.58052062988281
2003-04-21,89.6500015258789,58.63938903808594
2003-04-22,91.33999633789062,59.74483871459961
2003-04-23,92.18000030517578,60.29426956176758
2003-04-24,91.36000061035156,59.75791931152344
2003-04-25,90.2300033569336,59.018768310546875
2003-04-28,91.79000091552734,60.03915023803711
2003-04-29,92.11000061035156,60.24846267700195
2003-04-30,91.91000366210938,60.117671966552734
2003-05-01,91.9000015258789,60.111106872558594
2003-05-02,93.20999908447266,60.967952728271484
2003-05-05,93.02999877929688,60.85021209716797
2003-05-06,93.91000366210938,61.42583084106445
2003-05-07,93.38999938964844,61.085693359375
2003-05-08,92.44999694824219,60.470890045166016
2003-05-09,93.7300033569336,61.30808639526367
2003-05-12,94.87999725341797,62.06032943725586
2003-05-13,94.70999908447266,61.94910430908203
2003-05-14,94.51000213623047,61.81830596923828
2003-05-15,95.11000061035156,62.21075439453125
2003-05-16,94.87000274658203,62.05374526977539
2003-05-19,92.6500015258789,60.60167694091797
2003-05-20,92.45999908447266,60.47738265991211
2003-05-21,92.6500015258789,60.60167694091797
2003-05-22,93.56999969482422,61.20344543457031
2003-05-23,93.76000213623047,61.32769775390625
2003-05-27,95.4000015258789,62.40045166015625
2003-05-28,95.66999816894531,62.57706832885742
2003-05-29,95.41999816894531,62.41353988647461
2003-05-30,96.94999694824219,63.41428756713867
2003-06-02,97.3499984741211,63.67593765258789
2003-06-03,97.75,63.937538146972656
2003-06-04,99.16000366210938,64.8598403930664
2003-06-05,99.6500015258789,65.18032836914062
2003-06-06,99.26000213623047,64.92523956298828
2003-06-09,98.25,64.26460266113281
2003-06-10,99.25,64.918701171875
2003-06-11,100.30000305175781,65.60548400878906
2003-06-12,100.61000061035156,65.8082504272461
2003-06-13,99.55999755859375,65.12142181396484
2003-06-16,101.66000366210938,66.49504089355469
2003-06-17,101.66000366210938,66.49504089355469
2003-06-18,101.56999969482422,66.4361801147461
2003-06-19,100.0199966430664,65.42230987548828
2003-06-20,99.44000244140625,65.27790069580078
2003-06-23,98.41999816894531,64.60835266113281
2003-06-24,98.5199966430664,64.67398834228516
2003-06-25,97.52999877929688,64.02408599853516
2003-06-26,98.80000305175781,64.85780334472656
2003-06-27,97.66000366210938,64.10942077636719
2003-06-30,97.62999725341797,64.08973693847656
2003-07-01,98.52999877929688,64.68050384521484
2003-07-02,99.7699966430664,65.49454498291016
2003-07-03,98.73999786376953,64.81841278076172
2003-07-07,100.69999694824219,66.10504913330078
2003-07-08,101.1500015258789,66.40049743652344
2003-07-09,100.58000183105469,66.02627563476562
2003-07-10,99.30000305175781,65.18602752685547
2003-07-11,100.23999786376953,65.80308532714844
2003-07-14,100.7300033569336,66.124755859375
2003-07-15,100.51000213623047,65.98033142089844
2003-07-16,99.91999816894531,65.59300994873047
2003-07-17,98.5,64.66082763671875
2003-07-18,99.51000213623047,65.32389068603516
2003-07-21,98.27999877929688,64.5164566040039
2003-07-22,99.16999816894531,65.10067749023438
2003-07-23,99.23999786376953,65.14659881591797
2003-07-24,98.48999786376953,64.65426635742188
2003-07-25,100.2300033569336,65.79652404785156
2003-07-28,99.86000061035156,65.55363464355469
2003-07-29,99.4000015258789,65.25170135498047
2003-07-30,99.16000366210938,65.09414672851562
2003-07-31,99.38999938964844,65.24510192871094
2003-08-01,98.51000213623047,64.66744232177734
2003-08-04,98.51000213623047,64.66744232177734
2003-08-05,96.41999816894531,63.29542922973633
2003-08-06,96.9800033569336,63.66304016113281
2003-08-07,98.0,64.3326187133789
2003-08-08,98.27999877929688,64.5164566040039
2003-08-11,98.6500015258789,64.75931549072266
2003-08-12,99.55000305175781,65.3501205444336
2003-08-13,99.04000091552734,65.01532745361328
2003-08-14,99.30999755859375,65.19258880615234
2003-08-15,99.62000274658203,65.39606475830078
2003-08-18,100.4800033569336,65.96060180664062
2003-08-19,100.86000061035156,66.2100830078125
2003-08-20,100.44999694824219,65.94091796875
2003-08-21,100.7699966430664,66.1510009765625
2003-08-22,99.7699966430664,65.49454498291016
2003-08-25,99.93000030517578,65.59959411621094
2003-08-26,100.11000061035156,65.71775817871094
2003-08-27,100.13999938964844,65.7374267578125
2003-08-28,100.76000213623047,66.1444320678711
2003-08-29,101.44000244140625,66.5907974243164
2003-09-02,102.80000305175781,67.48361206054688
2003-09-03,103.36000061035156,67.85122680664062
2003-09-04,103.41000366210938,67.88404846191406
2003-09-05,102.83000183105469,67.5033187866211
2003-09-08,103.68000030517578,68.061279296875
2003-09-09,103.0,67.6148681640625
2003-09-10,101.95999908447266,66.93218994140625
2003-09-11,102.26000213623047,67.12911224365234
2003-09-12,102.44999694824219,67.25384521484375
2003-09-15,102.08999633789062,67.01752471923828
2003-09-16,103.58000183105469,67.9956283569336
2003-09-17,103.37999725341797,67.86436462402344
2003-09-18,104.5999984741211,68.66520690917969
2003-09-19,103.66999816894531,68.31597137451172
2003-09-22,102.55000305175781,67.57789611816406
2003-09-23,102.94000244140625,67.83492279052734
2003-09-24,101.11000061035156,66.62899780273438
2003-09-25,100.27999877929688,66.08203125
2003-09-26,99.94999694824219,65.86457824707031
2003-09-29,100.93000030517578,66.51036834716797
2003-09-30,99.94999694824219,65.86457824707031
2003-10-01,102.08000183105469,67.26822662353516
2003-10-02,102.44999694824219,67.51200103759766
2003-10-03,103.38999938964844,68.13145446777344
2003-10-06,103.86000061035156,68.44117736816406
2003-10-07,104.26000213623047,68.70475769042969
2003-10-08,104.0,68.53343200683594
2003-10-09,104.27999877929688,68.7179183959961
2003-10-10,104.56999969482422,68.90904998779297
2003-10-13,104.9000015258789,69.12654113769531
2003-10-14,105.2699966430664,69.37032318115234
2003-10-15,104.98999786376953,69.185791015625
2003-10-16,105.41000366210938,69.46259307861328
2003-10-17,104.26000213623047,68.70475769042969
2003-10-20,105.04000091552734,69.21875
2003-10-21,104.86000061035156,69.10017395019531
2003-10-22,103.54000091552734,68.23030090332031
2003-10-23,103.3499984741211,68.1051254272461
2003-10-24,103.58000183105469,68.25665283203125
2003-10-27,103.62999725341797,68.28962707519531
2003-10-28,105.04000091552734,69.21875
2003-10-29,105.18000030517578,69.3110122680664
2003-10-30,105.4000015258789,69.45600128173828
2003-10-31,105.30000305175781,69.39012145996094
2003-11-03,105.98999786376953,69.84480285644531
2003-11-04,105.76000213623047,69.6932144165039
2003-11-05,105.83999633789062,69.74594116210938
2003-11-06,106.4000015258789,70.114990234375
2003-11-07,105.61000061035156,69.59441375732422
2003-11-10,105.18000030517578,69.3110122680664
2003-11-11,105.1500015258789,69.29126739501953
2003-11-12,106.33000183105469,70.06884765625
2003-11-13,106.36000061035156,70.08863830566406
2003-11-14,105.45999908447266,69.49555206298828
2003-11-17,104.93000030517578,69.14630889892578
2003-11-18,103.83999633789062,68.42798614501953
2003-11-19,104.72000122070312,69.0079116821289
2003-11-20,103.77999877929688,68.38846588134766
2003-11-21,104.20999908447266,68.67184448242188
2003-11-24,105.58999633789062,69.58121490478516
2003-11-25,105.98999786376953,69.84480285644531
2003-11-26,106.37000274658203,70.09520721435547
2003-11-28,106.44999694824219,70.14794921875
2003-12-01,107.5999984741211,70.90574645996094
2003-12-02,107.33000183105469,70.72781372070312
2003-12-03,107.16000366210938,70.61579132080078
2003-12-04,107.5999984741211,70.90574645996094
2003-12-05,106.8499984741211,70.41152954101562
2003-12-08,107.56999969482422,70.885986328125
2003-12-09,106.73999786376953,70.33900451660156
2003-12-10,106.7300033569336,70.33245849609375
2003-12-11,107.93000030517578,71.12319946289062
2003-12-12,108.13999938964844,71.2615966796875
2003-12-15,107.5999984741211,70.90574645996094
2003-12-16,108.16000366210938,71.27477264404297
2003-12-17,108.5,71.49882507324219
2003-12-18,109.72000122070312,72.30274963378906
2003-12-19,108.9000015258789,72.10147857666016
2003-12-22,109.66000366210938,72.60470581054688
2003-12-23,109.7300033569336,72.65103912353516
2003-12-24,109.62000274658203,72.57821655273438
2003-12-26,109.69999694824219,72.63113403320312
2003-12-29,111.16000366210938,73.59783935546875
2003-12-30,111.18000030517578,73.6110610961914
2003-12-31,111.27999877929688,73.67727661132812
2004-01-02,111.2300033569336,73.64417266845703
2004-01-05,112.44000244140625,74.4453125
2004-01-06,112.55000305175781,74.51812744140625
2004-01-07,112.93000030517578,74.76972198486328
2004-01-08,113.37999725341797,75.0676498413086
2004-01-09,112.38999938964844,74.41220092773438
2004-01-12,113.22000122070312,74.96174621582031
2004-01-13,112.55999755859375,74.52474212646484
2004-01-14,113.5,75.14710235595703
2004-01-15,113.77999877929688,75.33251190185547
2004-01-16,114.2300033569336,75.63041687011719
2004-01-20,114.19999694824219,75.61055755615234
2004-01-21,115.0999984741211,76.20645904541016
2004-01-22,114.80000305175781,76.00779724121094
2004-01-23,114.43000030517578,75.7628402709961
2004-01-26,115.87000274658203,76.71629333496094
2004-01-27,114.68000030517578,75.92838287353516
2004-01-28,113.37000274658203,75.06101989746094
2004-01-29,113.4800033569336,75.13386535644531
2004-01-30,113.4800033569336,75.13386535644531
2004-02-02,113.97000122070312,75.45828247070312
2004-02-03,113.77999877929688,75.33251190185547
2004-02-04,112.8499984741211,74.71675872802734
2004-02-05,113.18000030517578,74.93525695800781
2004-02-06,114.44999694824219,75.77609252929688
2004-02-09,114.4800033569336,75.79596710205078
2004-02-10,114.8499984741211,76.04097747802734
2004-02-11,116.06999969482422,76.84864807128906
2004-02-12,115.6500015258789,76.57058715820312
2004-02-13,115.12999725341797,76.22630310058594
2004-02-17,116.16999816894531,76.91487121582031
2004-02-18,115.66000366210938,76.57726287841797
2004-02-19,115.2300033569336,76.29251861572266
2004-02-20,114.87999725341797,76.06074523925781
2004-02-23,114.58999633789062,75.86878204345703
2004-02-24,114.38999938964844,75.73636627197266
2004-02-25,114.87000274658203,76.05418395996094
2004-02-26,114.94000244140625,76.10051727294922
2004-02-27,115.0199966430664,76.15348052978516
2004-03-01,116.16000366210938,76.90824890136719
2004-03-02,115.4800033569336,76.45806121826172
2004-03-03,115.69000244140625,76.59705352783203
2004-03-04,115.98999786376953,76.79571533203125
2004-03-05,116.37999725341797,77.05390930175781
2004-03-08,114.95999908447266,76.11373901367188
2004-03-09,114.5,75.80919647216797
2004-03-10,112.58000183105469,74.53800201416016
2004-03-11,111.12000274658203,73.57133483886719
2004-03-12,112.58000183105469,74.53800201416016
2004-03-15,111.19999694824219,73.62427520751953
2004-03-16,111.79000091552734,74.01492309570312
2004-03-17,113.04000091552734,74.8425521850586
2004-03-18,113.06999969482422,74.86241912841797
2004-03-19,111.05999755859375,73.78937530517578
2004-03-22,109.6500015258789,72.85258483886719
2004-03-23,109.45999908447266,72.72636413574219
2004-03-24,109.55000305175781,72.78614044189453
2004-03-25,111.0,73.74952697753906
2004-03-26,111.02999877929688,73.76943969726562
2004-03-29,112.58999633789062,74.80591583251953
2004-03-30,112.97000122070312,75.05844116210938
2004-03-31,113.0999984741211,75.14478302001953
2004-04-01,113.77999877929688,75.59660339355469
2004-04-02,114.63999938964844,76.16797637939453
2004-04-05,115.2699966430664,76.58654022216797
2004-04-06,114.9000015258789,76.34071350097656
2004-04-07,114.62999725341797,76.16130828857422
2004-04-08,114.37000274658203,75.98857116699219
2004-04-12,114.81999969482422,76.28755950927734
2004-04-13,113.20999908447266,75.21788024902344
2004-04-14,113.38999938964844,75.33747100830078
2004-04-15,112.95999908447266,75.05176544189453
2004-04-16,113.83000183105469,75.62981414794922
2004-04-19,113.83000183105469,75.62981414794922
2004-04-20,111.91999816894531,74.36078643798828
2004-04-21,112.66999816894531,74.85910034179688
2004-04-22,114.25,75.90885925292969
2004-04-23,114.36000061035156,75.98194885253906
2004-04-26,114.19999694824219,75.87561798095703
2004-04-27,114.30000305175781,75.94206237792969
2004-04-28,112.81999969482422,74.95872497558594
2004-04-29,111.83000183105469,74.30099487304688
2004-04-30,110.95999908447266,73.7229232788086
2004-05-03,112.1500015258789,74.51358032226562
2004-05-04,112.05999755859375,74.45378112792969
2004-05-05,112.77999877929688,74.93216705322266
2004-05-06,111.80999755859375,74.28767395019531
2004-05-07,109.95999908447266,73.05851745605469
2004-05-10,108.83000183105469,72.30776977539062
2004-05-11,109.75,72.91902923583984
2004-05-12,110.44999694824219,73.38410949707031
2004-05-13,109.98999786376953,73.07848358154297
2004-05-14,110.04000091552734,73.11168670654297
2004-05-17,109.0999984741211,72.48713684082031
2004-05-18,109.6500015258789,72.85258483886719
2004-05-19,109.2699966430664,72.60009765625
2004-05-20,109.62000274658203,72.8326644897461
2004-05-21,109.80999755859375,72.95885467529297
2004-05-24,110.2699966430664,73.2645034790039
2004-05-25,111.8499984741211,74.31428527832031
2004-05-26,112.23999786376953,74.57337188720703
2004-05-27,112.87000274658203,74.99198150634766
2004-05-28,112.86000061035156,74.9853286743164
2004-06-01,112.70999908447266,74.8856430053711
2004-06-02,113.12999725341797,75.16474914550781
2004-06-03,112.08999633789062,74.47373962402344
2004-06-04,112.9800033569336,75.06502532958984
2004-06-07,114.69999694824219,76.20784759521484
2004-06-08,114.86000061035156,76.31417846679688
2004-06-09,113.79000091552734,75.60319519042969
2004-06-10,114.3499984741211,75.97529602050781
2004-06-14,113.22000122070312,75.22454071044922
2004-06-15,114.0199966430664,75.75604248046875
2004-06-16,114.0,75.74272918701172
2004-06-17,113.83000183105469,75.62981414794922
2004-06-18,113.62999725341797,75.77249908447266
2004-06-21,113.19999694824219,75.48577880859375
2004-06-22,113.7699966430664,75.86587524414062
2004-06-23,114.75,76.51937103271484
2004-06-24,114.38999938964844,76.27928924560547
2004-06-25,113.83999633789062,75.91256713867188
2004-06-28,113.44999694824219,75.65245056152344
2004-06-29,113.91999816894531,75.96588134765625
2004-06-30,114.52999877929688,76.37267303466797
2004-07-01,112.94000244140625,75.31241607666016
2004-07-02,112.87999725341797,75.27237701416016
2004-07-06,111.88999938964844,74.6121826171875
2004-07-07,112.22000122070312,74.83226776123047
2004-07-08,111.44000244140625,74.3121337890625
2004-07-09,111.7300033569336,74.50552368164062
2004-07-12,111.77999877929688,74.53882598876953
2004-07-13,111.86000061035156,74.59225463867188
2004-07-14,111.5199966430664,74.365478515625
2004-07-15,110.80000305175781,73.88536071777344
2004-07-16,110.70999908447266,73.82532501220703
2004-07-19,110.23999786376953,73.51193237304688
2004-07-20,111.63999938964844,74.44550323486328
2004-07-21,109.58000183105469,73.07186126708984
2004-07-22,109.87999725341797,73.27188110351562
2004-07-23,108.95999908447266,72.65835571289062
2004-07-26,108.75,72.51831817626953
2004-07-27,109.7699966430664,73.19851684570312
2004-07-28,110.0999984741211,73.41858673095703
2004-07-29,110.56999969482422,73.73198699951172
2004-07-30,110.83999633789062,73.91203308105469
2004-08-02,111.06999969482422,74.0654067993164
2004-08-03,110.20999908447266,73.49195861816406
2004-08-04,110.19999694824219,73.48524475097656
2004-08-05,108.4000015258789,72.28494262695312
2004-08-06,106.8499984741211,71.2513656616211
2004-08-09,107.0,71.35138702392578
2004-08-10,108.37999725341797,72.2716293334961
2004-08-11,108.16000366210938,72.12492370605469
2004-08-12,106.9800033569336,71.33805084228516
2004-08-13,107.19000244140625,71.47809600830078
2004-08-16,108.30000305175781,72.21825408935547
2004-08-17,108.91000366210938,72.62506103515625
2004-08-18,110.02999877929688,73.37191009521484
2004-08-19,109.70999908447266,73.15849304199219
2004-08-20,110.4800033569336,73.67200469970703
2004-08-23,110.19999694824219,73.48524475097656
2004-08-24,110.3499984741211,73.58526611328125
2004-08-25,111.0999984741211,74.08539581298828
2004-08-26,111.0999984741211,74.08539581298828
2004-08-27,111.44999694824219,74.31877136230469
2004-08-30,110.52999877929688,73.70532989501953
2004-08-31,111.11000061035156,74.09207916259766
2004-09-01,111.31999969482422,74.23213195800781
2004-09-02,112.58000183105469,75.07234954833984
2004-09-03,112.12000274658203,74.76557159423828
2004-09-07,112.86000061035156,75.2590560913086
2004-09-08,112.58000183105469,75.07234954833984
2004-09-09,112.4800033569336,75.00564575195312
2004-09-10,113.05999755859375,75.39244079589844
2004-09-13,113.43000030517578,75.63916015625
2004-09-14,113.66000366210938,75.79254150390625
2004-09-15,112.80000305175781,75.21904754638672
2004-09-16,113.13999938964844,75.44574737548828
2004-09-17,113.1500015258789,75.76649475097656
2004-09-20,112.47000122070312,75.31119537353516
2004-09-21,112.95999908447266,75.63926696777344
2004-09-22,111.55000305175781,74.69510650634766
2004-09-23,110.94999694824219,74.29337310791016
2004-09-24,111.45999908447266,74.6348648071289
2004-09-27,110.75,74.15943145751953
2004-09-28,111.27999877929688,74.5143814086914
2004-09-29,111.83999633789062,74.88931274414062
2004-09-30,111.76000213623047,74.83573913574219
2004-10-01,113.6500015258789,76.101318359375
2004-10-04,113.83999633789062,76.22854614257812
2004-10-05,113.9000015258789,76.26873779296875
2004-10-06,114.68000030517578,76.79100799560547
2004-10-07,113.44999694824219,75.96734619140625
2004-10-08,112.51000213623047,75.33795166015625
2004-10-11,112.97000122070312,75.64596557617188
2004-10-12,112.52999877929688,75.35136413574219
2004-10-13,111.54000091552734,74.68844604492188
2004-10-14,110.63999938964844,74.08578491210938
2004-10-15,111.26000213623047,74.50093841552734
2004-10-18,111.68000030517578,74.78217315673828
2004-10-19,110.73999786376953,74.15275573730469
2004-10-20,110.5199966430664,74.00540924072266
2004-10-21,111.23999786376953,74.4875717163086
2004-10-22,109.98999786376953,73.65055084228516
2004-10-25,109.86000061035156,73.5634765625
2004-10-26,111.54000091552734,74.68844604492188
2004-10-27,112.87999725341797,75.58570098876953
2004-10-28,113.22000122070312,75.81338500976562
2004-10-29,113.19999694824219,75.79998016357422
2004-11-01,113.51000213623047,76.00755310058594
2004-11-02,113.55000305175781,76.03437805175781
2004-11-03,114.9800033569336,76.99188995361328
2004-11-04,116.55000305175781,78.04318237304688
2004-11-05,117.27999877929688,78.53199768066406
2004-11-08,117.11000061035156,78.41816711425781
2004-11-09,116.87999725341797,78.26415252685547
2004-11-10,116.97000122070312,78.32440948486328
2004-11-11,117.86000061035156,78.92041015625
2004-11-12,118.79000091552734,79.54308319091797
2004-11-15,118.7300033569336,79.73856353759766
2004-11-16,117.87999725341797,79.16769409179688
2004-11-17,118.58000183105469,79.63780975341797
2004-11-18,118.73999786376953,79.74525451660156
2004-11-19,117.41999816894531,78.85877990722656
2004-11-22,117.9800033569336,79.23484802246094
2004-11-23,118.16000366210938,79.35575103759766
2004-11-24,118.44000244140625,79.54374694824219
2004-11-26,118.3499984741211,79.48333740234375
2004-11-29,117.80999755859375,79.12066650390625
2004-11-30,117.88999938964844,79.1744155883789
2004-12-01,119.2300033569336,80.07432556152344
2004-12-02,119.33000183105469,80.14151000976562
2004-12-03,119.25,80.0877685546875
2004-12-06,119.20999908447266,80.06086730957031
2004-12-07,118.0999984741211,79.31546783447266
2004-12-08,118.79000091552734,79.7788314819336
2004-12-09,119.20999908447266,80.06086730957031
2004-12-10,119.33000183105469,80.14151000976562
2004-12-13,120.37000274658203,80.83995056152344
2004-12-14,120.79000091552734,81.12203216552734
2004-12-15,120.87999725341797,81.1824722290039
2004-12-16,120.80999755859375,81.13545227050781
2004-12-17,119.44000244140625,80.5943374633789
2004-12-20,119.47000122070312,80.61454772949219
2004-12-21,120.38999938964844,81.23533630371094
2004-12-22,120.68000030517578,81.43101501464844
2004-12-23,120.7699966430664,81.49171447753906
2004-12-27,120.5199966430664,81.32303619384766
2004-12-28,121.18000030517578,81.76840209960938
2004-12-29,121.36000061035156,81.88985443115234
2004-12-30,121.12999725341797,81.73465728759766
2004-12-31,120.87000274658203,81.55919647216797
2005-01-03,120.30000305175781,81.17462158203125
2005-01-04,118.83000183105469,80.18270874023438
2005-01-05,118.01000213623047,79.6293716430664
2005-01-06,118.61000061035156,80.03424072265625
2005-01-07,118.44000244140625,79.91950988769531
2005-01-10,119.0,80.29737091064453
2005-01-11,118.18000030517578,79.74413299560547
2005-01-12,118.56999969482422,80.00727844238281
2005-01-13,117.62000274658203,79.36624908447266
2005-01-14,118.23999786376953,79.78455352783203
2005-01-18,119.47000122070312,80.61454772949219
2005-01-19,118.22000122070312,79.77108764648438
2005-01-20,117.5,79.28523254394531
2005-01-21,116.77999877929688,78.79938507080078
2005-01-24,116.55000305175781,78.64421081542969
2005-01-25,116.87999725341797,78.86688995361328
2005-01-26,117.2300033569336,79.10302734375
2005-01-27,117.43000030517578,79.23802947998047
2005-01-28,117.43000030517578,79.23802947998047
2005-01-31,118.16000366210938,79.73060607910156
2005-02-01,118.91000366210938,80.23664093017578
2005-02-02,119.2699966430664,80.47960662841797
2005-02-03,118.95999908447266,80.27040100097656
2005-02-04,120.2300033569336,81.12738800048828
2005-02-07,120.06999969482422,81.0193862915039
2005-02-08,120.20999908447266,81.11387634277344
2005-02-09,119.30999755859375,80.5065689086914
2005-02-10,119.73999786376953,80.7967300415039
2005-02-11,120.7699966430664,81.49171447753906
2005-02-14,120.68000030517578,81.43101501464844
2005-02-15,121.12999725341797,81.73465728759766
2005-02-16,121.20999908447266,81.78861236572266
2005-02-17,120.2300033569336,81.12738800048828
2005-02-18,120.38999938964844,81.23533630371094
2005-02-22,118.5999984741211,80.02751159667969
2005-02-23,119.44999694824219,80.60103607177734
2005-02-24,120.23999786376953,81.13410949707031
2005-02-25,121.43000030517578,81.93709564208984
2005-02-28,120.62999725341797,81.39727783203125
2005-03-01,121.2300033569336,81.80213928222656
2005-03-02,121.16999816894531,81.76162719726562
2005-03-03,121.22000122070312,81.7953872680664
2005-03-04,122.7300033569336,82.81427001953125
2005-03-07,122.79000091552734,82.85478210449219
2005-03-08,122.33000183105469,82.54438781738281
2005-03-09,120.97000122070312,81.62670135498047
2005-03-10,121.23999786376953,81.8088607788086
2005-03-11,120.38999938964844,81.23533630371094
2005-03-14,121.13999938964844,81.7414321899414
2005-03-15,120.13999938964844,81.06660461425781
2005-03-16,119.12000274658203,80.37840270996094
2005-03-17,119.36000061035156,80.54027557373047
2005-03-18,118.54000091552734,80.30119323730469
2005-03-21,118.0999984741211,80.0031509399414
2005-03-22,116.9000015258789,79.1902084350586
2005-03-23,117.0,79.25796508789062
2005-03-24,117.13999938964844,79.3528060913086
2005-03-28,117.30999755859375,79.46795654296875
2005-03-29,116.52999877929688,78.93955993652344
2005-03-30,118.18000030517578,80.05734252929688
2005-03-31,117.95999908447266,79.9083023071289
2005-04-01,117.43000030517578,79.54927062988281
2005-04-04,117.62999725341797,79.68477630615234
2005-04-05,118.19000244140625,80.06405639648438
2005-04-06,118.5999984741211,80.34184265136719
2005-04-07,119.23999786376953,80.775390625
2005-04-08,118.0,79.93537139892578
2005-04-11,118.08999633789062,79.996337890625
2005-04-12,118.69999694824219,80.40959930419922
2005-04-13,117.30000305175781,79.46118927001953
2005-04-14,115.7699966430664,78.42475128173828
2005-04-15,114.1500015258789,77.32731628417969
2005-04-18,114.5,77.56439971923828
2005-04-19,115.41000366210938,78.18087768554688
2005-04-20,113.80000305175781,77.09022521972656
2005-04-21,116.01000213623047,78.58732604980469
2005-04-22,115.56999969482422,78.28923034667969
2005-04-25,116.33000183105469,78.8041000366211
2005-04-26,115.19999694824219,78.03860473632812
2005-04-27,115.6500015258789,78.34343719482422
2005-04-28,114.19999694824219,77.3612060546875
2005-04-29,115.75,78.41120147705078
2005-05-02,116.4000015258789,78.85151672363281
2005-05-03,116.5999984741211,78.98700714111328
2005-05-04,117.5,79.59667205810547
2005-05-05,117.45999908447266,79.56957244873047
2005-05-06,117.08999633789062,79.31890869140625
2005-05-09,117.81999969482422,79.81340026855469
2005-05-10,116.5999984741211,78.98700714111328
2005-05-11,117.23999786376953,79.42054748535156
2005-05-12,115.94999694824219,78.54669189453125
2005-05-13,115.72000122070312,78.390869140625
2005-05-16,116.80000305175781,79.12246704101562
2005-05-17,117.58000183105469,79.65084838867188
2005-05-18,118.79000091552734,80.47053527832031
2005-05-19,119.29000091552734,80.80924987792969
2005-05-20,119.12000274658203,80.69410705566406
2005-05-23,119.77999877929688,81.14117431640625
2005-05-24,119.5,80.95153045654297
2005-05-25,119.41000366210938,80.89056396484375
2005-05-26,120.05000305175781,81.3240966796875
2005-05-27,120.25,81.45954895019531
2005-05-31,119.4800033569336,80.93798065185547
2005-06-01,120.5,81.6289291381836
2005-06-02,120.76000213623047,81.80506134033203
2005-06-03,120.1500015258789,81.3918228149414
2005-06-06,120.04000091552734,81.31732940673828
2005-06-07,120.12999725341797,81.37828063964844
2005-06-08,119.91000366210938,81.2292709350586
2005-06-09,120.4800033569336,81.61539459228516
2005-06-10,120.19999694824219,81.42571258544922
2005-06-13,120.58000183105469,81.68312072753906
2005-06-14,120.86000061035156,81.87281799316406
2005-06-15,121.08999633789062,82.02861785888672
2005-06-16,121.4000015258789,82.23861694335938
2005-06-17,121.36000061035156,82.54328918457031
2005-06-20,121.4000015258789,82.57054138183594
2005-06-21,121.47000122070312,82.6181411743164
2005-06-22,121.56999969482422,82.68617248535156
2005-06-23,119.86000061035156,81.5230712890625
2005-06-24,118.9800033569336,80.92457580566406
2005-06-27,119.1500015258789,81.0401840209961
2005-06-28,120.1500015258789,81.7203369140625
2005-06-29,119.83000183105469,81.502685546875
2005-06-30,119.18000030517578,81.06058502197266
2005-07-01,119.52999877929688,81.29862213134766
2005-07-05,120.48999786376953,81.95155334472656
2005-07-06,119.4800033569336,81.2646255493164
2005-07-07,119.94999694824219,81.58430480957031
2005-07-08,121.31999969482422,82.51608276367188
2005-07-11,121.94000244140625,82.93780517578125
2005-07-12,122.26000213623047,83.15544891357422
2005-07-13,122.43000030517578,83.2711181640625
2005-07-14,122.91000366210938,83.5975570678711
2005-07-15,122.83999633789062,83.54993438720703
2005-07-18,122.3499984741211,83.21664428710938
2005-07-19,123.0199966430664,83.67239379882812
2005-07-20,123.44000244140625,83.95802307128906
2005-07-21,122.72000122070312,83.46833038330078
2005-07-22,123.54000091552734,84.02603912353516
2005-07-25,123.19000244140625,83.78800201416016
2005-07-26,123.33999633789062,83.8900146484375
2005-07-27,123.79000091552734,84.19608306884766
2005-07-28,124.56999969482422,84.72660827636719
2005-07-29,123.73999786376953,84.16211700439453
2005-08-01,123.6500015258789,84.10086059570312
2005-08-02,124.38999938964844,84.60417175292969
2005-08-03,124.72000122070312,84.8286361694336
2005-08-04,123.72000122070312,84.14847564697266
2005-08-05,122.87999725341797,83.57715606689453
2005-08-08,122.6500015258789,83.42073822021484
2005-08-09,123.38999938964844,83.92404174804688
2005-08-10,123.33000183105469,83.88323211669922
2005-08-11,123.81999969482422,84.21648406982422
2005-08-12,123.05999755859375,83.69955444335938
2005-08-15,123.81999969482422,84.21648406982422
2005-08-16,122.20999908447266,83.1214599609375
2005-08-17,122.19999694824219,83.11466217041016
2005-08-18,122.19000244140625,83.10786437988281
2005-08-19,122.47000122070312,83.29827117919922
2005-08-22,122.47000122070312,83.29827117919922
2005-08-23,122.23999786376953,83.1418685913086
2005-08-24,121.1500015258789,82.40048217773438
2005-08-25,121.58999633789062,82.69973754882812
2005-08-26,120.76000213623047,82.13526153564453
2005-08-29,121.69000244140625,82.76779174804688
2005-08-30,121.05000305175781,82.33248138427734
2005-08-31,122.58000183105469,83.37310791015625
2005-09-01,122.48999786376953,83.3119125366211
2005-09-02,122.2699966430664,83.16223907470703
2005-09-06,123.69999694824219,84.1348876953125
2005-09-07,123.91000366210938,84.27767944335938
2005-09-08,123.5,83.99883270263672
2005-09-09,124.5999984741211,84.74700927734375
2005-09-12,124.3499984741211,84.57698059082031
2005-09-13,123.66000366210938,84.10769653320312
2005-09-14,123.20999908447266,83.80162048339844
2005-09-15,123.1500015258789,83.76080322265625
2005-09-16,123.5,84.3564224243164
2005-09-19,123.08999633789062,84.07634735107422
2005-09-20,122.05000305175781,83.36597442626953
2005-09-21,120.91000366210938,82.58731842041016
2005-09-22,121.33999633789062,82.88101196289062
2005-09-23,121.44000244140625,82.94934844970703
2005-09-26,121.58000183105469,83.04498291015625
2005-09-27,121.55000305175781,83.02445220947266
2005-09-28,121.66999816894531,83.10641479492188
2005-09-29,122.66000366210938,83.78264617919922
2005-09-30,123.04000091552734,84.04222869873047
2005-10-03,122.5999984741211,83.74166870117188
2005-10-04,121.22000122070312,82.79905700683594
2005-10-05,119.62999725341797,81.71298217773438
2005-10-06,119.19999694824219,81.41930389404297
2005-10-07,119.61000061035156,81.6993408203125
2005-10-10,118.5999984741211,81.00944519042969
2005-10-11,118.43000030517578,80.89334869384766
2005-10-12,117.5,80.25811767578125
2005-10-13,117.43000030517578,80.2103271484375
2005-10-14,118.66999816894531,81.05728149414062
2005-10-17,119.11000061035156,81.35780334472656
2005-10-18,117.81999969482422,80.47672271728516
2005-10-19,119.77999877929688,81.8154525756836
2005-10-20,117.66999816894531,80.3742446899414
2005-10-21,118.12999725341797,80.68844604492188
2005-10-24,119.95999908447266,81.93840026855469
2005-10-25,119.72000122070312,81.77449035644531
2005-10-26,119.37000274658203,81.53543090820312
2005-10-27,118.0999984741211,80.66795349121094
2005-10-28,119.80000305175781,81.8291244506836
2005-10-31,120.12999725341797,82.05455780029297
2005-11-01,120.48999786376953,82.30044555664062
2005-11-02,121.75,83.16109466552734
2005-11-03,122.2699966430664,83.51625061035156
2005-11-04,122.11000061035156,83.40695190429688
2005-11-07,122.2300033569336,83.48892974853516
2005-11-08,122.2300033569336,83.48892974853516
2005-11-09,122.38999938964844,83.5982437133789
2005-11-10,123.33999633789062,84.24711608886719
2005-11-11,123.76000213623047,84.53399658203125
2005-11-14,123.69000244140625,84.4862060546875
2005-11-15,123.23999786376953,84.17880249023438
2005-11-16,123.48999786376953,84.34957122802734
2005-11-17,124.63999938964844,85.1351089477539
2005-11-18,125.12999725341797,85.46976470947266
2005-11-21,125.76000213623047,85.90007781982422
2005-11-22,126.30000305175781,86.26895141601562
2005-11-23,127.02999877929688,86.76758575439453
2005-11-25,127.12999725341797,86.83584594726562
2005-11-28,126.2300033569336,86.22113037109375
2005-11-29,126.08999633789062,86.12545013427734
2005-11-30,125.41000366210938,85.66102600097656
2005-12-01,126.69000244140625,86.53533172607422
2005-12-02,126.8499984741211,86.64462280273438
2005-12-05,126.58000183105469,86.46021270751953
2005-12-06,126.81999969482422,86.62410736083984
2005-12-07,126.08000183105469,86.11866760253906
2005-12-08,126.0,86.0639877319336
2005-12-09,126.33000183105469,86.2894287109375
2005-12-12,126.44999694824219,86.37139892578125
2005-12-13,127.30999755859375,86.95882415771484
2005-12-14,127.80999755859375,87.30033874511719
2005-12-15,127.44000244140625,87.0476303100586
2005-12-16,126.36000061035156,86.76746368408203
2005-12-19,125.70999908447266,86.32112121582031
2005-12-20,125.83000183105469,86.40352630615234
2005-12-21,126.02999877929688,86.54084014892578
2005-12-22,126.69000244140625,86.99403381347656
2005-12-23,126.76000213623047,87.04212951660156
2005-12-27,125.47000122070312,86.15631103515625
2005-12-28,125.75,86.34859466552734
2005-12-29,125.19000244140625,85.96404266357422
2005-12-30,124.51000213623047,85.49712371826172
2006-01-03,126.69999694824219,87.00090026855469
2006-01-04,127.30000305175781,87.41293334960938
2006-01-05,127.37999725341797,87.46785736083984
2006-01-06,128.44000244140625,88.19574737548828
2006-01-09,128.77000427246094,88.42230987548828
2006-01-10,128.89999389648438,88.5115966796875
2006-01-11,129.30999755859375,88.7930908203125
2006-01-12,128.8000030517578,88.44293212890625
2006-01-13,128.67999267578125,88.36054229736328
2006-01-17,128.3300018310547,88.12020874023438
2006-01-18,127.81999969482422,87.76998138427734
2006-01-19,128.30999755859375,88.10643768310547
2006-01-20,125.97000122070312,86.49966430664062
2006-01-23,126.41999816894531,86.80865478515625
2006-01-24,126.55000305175781,86.89793395996094
2006-01-25,126.66000366210938,86.97344207763672
2006-01-26,127.36000061035156,87.45413208007812
2006-01-27,128.5399932861328,88.26441955566406
2006-01-30,128.44000244140625,88.19574737548828
2006-01-31,127.5,87.55025482177734
2006-02-01,128.38999938964844,88.16141510009766
2006-02-02,126.9000015258789,87.13825988769531
2006-02-03,126.2699966430664,86.70564270019531
2006-02-06,126.5999984741211,86.9322509765625
2006-02-07,125.4800033569336,86.16317749023438
2006-02-08,126.62000274658203,86.94598388671875
2006-02-09,126.41000366210938,86.80181121826172
2006-02-10,126.63999938964844,86.95974731445312
2006-02-13,126.41000366210938,86.80181121826172
2006-02-14,127.75,87.72193145751953
2006-02-15,128.1999969482422,88.03092193603516
2006-02-16,129.16000366210938,88.69011688232422
2006-02-17,128.80999755859375,88.44976043701172
2006-02-21,128.49000549316406,88.23007202148438
2006-02-22,129.27000427246094,88.76567840576172
2006-02-23,129.0800018310547,88.63520050048828
2006-02-24,129.41000366210938,88.86180877685547
2006-02-27,129.4600067138672,88.8961410522461
2006-02-28,128.22999572753906,88.05154418945312
2006-03-01,129.3699951171875,88.83432006835938
2006-03-02,129.36000061035156,88.82747650146484
2006-03-03,128.75999450683594,88.41545104980469
2006-03-06,128.1699981689453,88.01031494140625
2006-03-07,127.97000122070312,87.87298583984375
2006-03-08,128.24000549316406,88.0583724975586
2006-03-09,127.37999725341797,87.46785736083984
2006-03-10,128.58999633789062,88.29874420166016
2006-03-13,128.8300018310547,88.4635238647461
2006-03-14,130.17999267578125,89.39057159423828
2006-03-15,130.75999450683594,89.78881072998047
2006-03-16,131.02999877929688,89.97419738769531
2006-03-17,130.6199951171875,90.04936218261719
2006-03-20,130.41000366210938,89.904541015625
2006-03-21,129.58999633789062,89.33927917480469
2006-03-22,130.3800048828125,89.88387298583984
2006-03-23,130.11000061035156,89.6977310180664
2006-03-24,130.2100067138672,89.76670837402344
2006-03-27,130.02000427246094,89.63567352294922
2006-03-28,129.22000122070312,89.08415985107422
2006-03-29,130.02999877929688,89.64260864257812
2006-03-30,129.8000030517578,89.4840316772461
2006-03-31,129.8300018310547,89.50473022460938
2006-04-03,129.72999572753906,89.43577575683594
2006-04-04,130.55999755859375,90.00797271728516
2006-04-05,131.00999450683594,90.31818389892578
2006-04-06,130.8699951171875,90.22164916992188
2006-04-07,129.5399932861328,89.3047866821289
2006-04-10,129.74000549316406,89.44268035888672
2006-04-11,128.63999938964844,88.68431091308594
2006-04-12,128.8800048828125,88.84980010986328
2006-04-13,128.7100067138672,88.73258972167969
2006-04-17,128.66000366210938,88.6981201171875
2006-04-18,130.6999969482422,90.10446166992188
2006-04-19,130.9499969482422,90.27681732177734
2006-04-20,131.1300048828125,90.40093994140625
2006-04-21,131.14999389648438,90.41472625732422
2006-04-24,130.91000366210938,90.24925231933594
2006-04-25,130.3699951171875,89.87698364257812
2006-04-26,130.39999389648438,89.89769744873047
2006-04-27,131.02999877929688,90.33200073242188
2006-04-28,131.47000122070312,90.63532257080078
2006-05-01,130.39999389648438,89.89769744873047
2006-05-02,131.3800048828125,90.57329559326172
2006-05-03,130.88999938964844,90.2354736328125
2006-05-04,131.36000061035156,90.5594711303711
2006-05-05,132.52000427246094,91.35917663574219
2006-05-08,132.36000061035156,91.24887084960938
2006-05-09,132.6199951171875,91.42814636230469
2006-05-10,132.5500030517578,91.37987518310547
2006-05-11,130.9499969482422,90.27681732177734
2006-05-12,129.24000549316406,89.09796142578125
2006-05-15,129.5,89.27718353271484
2006-05-16,129.30999755859375,89.14617919921875
2006-05-17,126.8499984741211,87.4502944946289
2006-05-18,126.20999908447266,87.00909423828125
2006-05-19,127.0999984741211,87.62262725830078
2006-05-22,126.12999725341797,86.95393371582031
2006-05-23,125.16999816894531,86.2921142578125
2006-05-24,126.16999816894531,86.98150634765625
2006-05-25,127.7300033569336,88.05694580078125
2006-05-26,128.3800048828125,88.50508117675781
2006-05-30,126.0999984741211,86.93323516845703
2006-05-31,127.51000213623047,87.90531158447266
2006-06-01,128.72999572753906,88.7463607788086
2006-06-02,129.0,88.9325180053711
2006-06-05,127.12000274658203,87.63645935058594
2006-06-06,126.80999755859375,87.4227294921875
2006-06-07,125.86000061035156,86.76780700683594
2006-06-08,125.75,86.69197845458984
2006-06-09,125.3499984741211,86.41620635986328
2006-06-12,123.98999786376953,85.47862243652344
2006-06-13,122.55000305175781,84.48590087890625
2006-06-14,123.5,85.14085388183594
2006-06-15,126.12000274658203,86.9470443725586
2006-06-16,124.6500015258789,86.31343078613281
2006-06-19,123.66999816894531,85.63484954833984
2006-06-20,124.08999633789062,85.9256820678711
2006-06-21,125.01000213623047,86.5627212524414
2006-06-22,124.45999908447266,86.1819076538086
2006-06-23,124.44000244140625,86.16802978515625
2006-06-26,124.98999786376953,86.54886627197266
2006-06-27,123.91000366210938,85.80107116699219
2006-06-28,124.75,86.38272094726562
2006-06-29,127.2699966430664,88.12764739990234
2006-06-30,127.27999877929688,88.13459014892578
2006-07-03,127.80000305175781,88.4946517944336
2006-07-05,127.06999969482422,87.98917388916016
2006-07-06,127.44000244140625,88.2453842163086
2006-07-07,126.61000061035156,87.67064666748047
2006-07-10,126.8499984741211,87.83684539794922
2006-07-11,127.41000366210938,88.224609375
2006-07-12,126.05000305175781,87.28289794921875
2006-07-13,124.0,85.86334991455078
2006-07-14,123.5199966430664,85.53096771240234
2006-07-17,123.33999633789062,85.40634155273438
2006-07-18,123.97000122070312,85.84259033203125
2006-07-19,125.69000244140625,87.03357696533203
2006-07-20,124.83000183105469,86.4381103515625
2006-07-21,123.94999694824219,85.82869720458984
2006-07-24,126.20999908447266,87.39366149902344
2006-07-25,126.66000366210938,87.70526885986328
2006-07-26,126.83000183105469,87.82298278808594
2006-07-27,126.70999908447266,87.73992919921875
2006-07-28,127.9800033569336,88.61929321289062
2006-07-31,127.8499984741211,88.52928161621094
2006-08-01,127.22000122070312,88.09303283691406
2006-08-02,128.0800018310547,88.68856048583984
2006-08-03,128.4199981689453,88.92396545410156
2006-08-04,128.1999969482422,88.77162170410156
2006-08-07,127.9000015258789,88.56388854980469
2006-08-08,127.41000366210938,88.224609375
2006-08-09,126.9800033569336,87.9268569946289
2006-08-10,127.37000274658203,88.19691467285156
2006-08-11,127.01000213623047,87.94762420654297
2006-08-14,127.11000061035156,88.01686096191406
2006-08-15,128.6300048828125,89.06940460205078
2006-08-16,129.6999969482422,89.8102798461914
2006-08-17,130.02999877929688,90.03883361816406
2006-08-18,130.69000244140625,90.4958724975586
2006-08-21,130.1300048828125,90.10807037353516
2006-08-22,130.1199951171875,90.10114288330078
2006-08-23,129.75999450683594,89.85184478759766
2006-08-24,129.64999389648438,89.77567291259766
2006-08-25,129.80999755859375,89.886474609375
2006-08-28,130.42999267578125,90.3157730102539
2006-08-29,130.5800018310547,90.41968536376953
2006-08-30,130.66000366210938,90.47505187988281
2006-08-31,130.63999938964844,90.46124267578125
2006-09-01,131.4199981689453,91.00133514404297
2006-09-05,131.6699981689453,91.1744155883789
2006-09-06,130.50999450683594,90.37116241455078
2006-09-07,129.91000366210938,89.9557113647461
2006-09-08,130.27999877929688,90.2119369506836
2006-09-11,130.41000366210938,90.30191040039062
2006-09-12,131.69000244140625,91.18827056884766
2006-09-13,132.22000122070312,91.55528259277344
2006-09-14,132.22999572753906,91.56217193603516
2006-09-15,131.9600067138672,91.7771224975586
2006-09-18,132.13999938964844,91.90227508544922
2006-09-19,131.80999755859375,91.67276763916016
2006-09-20,132.50999450683594,92.15962219238281
2006-09-21,131.8699951171875,91.7145004272461
2006-09-22,131.47000122070312,91.4363021850586
2006-09-25,132.47999572753906,92.13874053955078
2006-09-26,133.5800018310547,92.90377807617188
2006-09-27,133.74000549316406,93.01510620117188
2006-09-28,133.69000244140625,92.98028564453125
2006-09-29,133.5800018310547,92.90377807617188
2006-10-02,133.0800018310547,92.55604553222656
2006-10-03,133.36000061035156,92.75077819824219
2006-10-04,134.9199981689453,93.83573913574219
2006-10-05,135.17999267578125,94.01658630371094
2006-10-06,135.00999450683594,93.89833068847656
2006-10-09,135.08999633789062,93.95399475097656
2006-10-10,135.27000427246094,94.07914733886719
2006-10-11,135.11000061035156,93.96788024902344
2006-10-12,136.27999877929688,94.7816390991211
2006-10-13,136.6300048828125,95.0250473022461
2006-10-16,136.83999633789062,95.17109680175781
2006-10-17,136.41000366210938,94.87202453613281
2006-10-18,136.58999633789062,94.99725341796875
2006-10-19,136.80999755859375,95.15025329589844
2006-10-20,136.83999633789062,95.17109680175781
2006-10-23,137.47000122070312,95.60929107666016
2006-10-24,137.8800048828125,95.8944320678711
2006-10-25,138.35000610351562,96.2213363647461
2006-10-26,138.77999877929688,96.52037811279297
2006-10-27,137.91000366210938,95.91524505615234
2006-10-30,137.80999755859375,95.84577178955078
2006-10-31,137.7899932861328,95.83179473876953
2006-11-01,136.86000061035156,95.18502044677734
2006-11-02,136.77999877929688,95.12938690185547
2006-11-03,136.5399932861328,94.96247100830078
2006-11-06,138.0800018310547,96.03353118896484
2006-11-07,138.61000061035156,96.40214538574219
2006-11-08,138.91000366210938,96.61077880859375
2006-11-09,138.17999267578125,96.10307312011719
2006-11-10,138.24000549316406,96.14476776123047
2006-11-13,138.5800018310547,96.3812484741211
2006-11-14,139.6199951171875,97.10456848144531
2006-11-15,140.02000427246094,97.38276672363281
2006-11-16,140.3800048828125,97.63317108154297
2006-11-17,140.4199981689453,97.66094207763672
2006-11-20,140.5,97.7165756225586
2006-11-21,140.63999938964844,97.81397247314453
2006-11-22,140.9199981689453,98.0086898803711
2006-11-24,140.35000610351562,97.6122817993164
2006-11-27,138.4199981689453,96.26995849609375
2006-11-28,139.02000427246094,96.68728637695312
2006-11-29,140.47000122070312,97.69573974609375
2006-11-30,140.52999877929688,97.73747253417969
2006-12-01,140.22000122070312,97.52186584472656
2006-12-04,141.2899932861328,98.26604461669922
2006-12-05,141.89999389648438,98.69029998779297
2006-12-06,141.77999877929688,98.6068344116211
2006-12-07,141.16000366210938,98.17560577392578
2006-12-08,141.4199981689453,98.35645294189453
2006-12-11,141.8300018310547,98.6416244506836
2006-12-12,141.72000122070312,98.56509399414062
2006-12-13,141.8699951171875,98.66937255859375
2006-12-14,143.1199951171875,99.53878021240234
2006-12-15,142.33999633789062,99.5478744506836
2006-12-18,141.9499969482422,99.27511596679688
2006-12-19,142.22000122070312,99.46398162841797
2006-12-20,142.13999938964844,99.40797424316406
2006-12-21,141.6199951171875,99.0443344116211
2006-12-22,140.75,98.43589782714844
2006-12-26,141.5800018310547,99.016357421875
2006-12-27,142.50999450683594,99.66678619384766
2006-12-28,142.2100067138672,99.45698547363281
2006-12-29,141.6199951171875,99.0443344116211
2007-01-03,141.3699951171875,98.86949157714844
2007-01-04,141.6699981689453,99.07930755615234
2007-01-05,140.5399932861328,98.28904724121094
2007-01-08,141.19000244140625,98.74360656738281
2007-01-09,141.07000732421875,98.65971374511719
2007-01-10,141.5399932861328,98.98837280273438
2007-01-11,142.16000366210938,99.42203521728516
2007-01-12,143.24000549316406,100.17732238769531
2007-01-16,142.9600067138672,99.98146057128906
2007-01-17,143.02000427246094,100.02346801757812
2007-01-18,142.5399932861328,99.687744140625
2007-01-19,142.82000732421875,99.88358306884766
2007-01-22,142.3800048828125,99.57585906982422
2007-01-23,142.8000030517578,99.86959075927734
2007-01-24,143.9499969482422,100.67387390136719
2007-01-25,142.25999450683594,99.4919204711914
2007-01-26,142.1300048828125,99.4009780883789
2007-01-29,142.0500030517578,99.34506225585938
2007-01-30,142.7899932861328,99.86258697509766
2007-01-31,143.75,100.53396606445312
2007-02-01,144.61000061035156,101.13542938232422
2007-02-02,144.80999755859375,101.27532196044922
2007-02-05,144.85000610351562,101.30331420898438
2007-02-06,144.88999938964844,101.33126068115234
2007-02-07,145.2100067138672,101.55508422851562
2007-02-08,145.02000427246094,101.42220306396484
2007-02-09,143.94000244140625,100.6668472290039
2007-02-12,143.4499969482422,100.32415008544922
2007-02-13,144.66000366210938,101.17045593261719
2007-02-14,145.61000061035156,101.83483123779297
2007-02-15,145.8000030517578,101.9676513671875
2007-02-16,145.72999572753906,101.91873931884766
2007-02-20,146.0399932861328,102.13555145263672
2007-02-21,145.97999572753906,102.09358978271484
2007-02-22,145.8699951171875,102.01660919189453
2007-02-23,145.3000030517578,101.61803436279297
2007-02-26,145.1699981689453,101.52711486816406
2007-02-27,139.5,97.56173706054688
2007-02-28,140.92999267578125,98.561767578125
2007-03-01,140.50999450683594,98.26803588867188
2007-03-02,138.6699981689453,96.98121643066406
2007-03-05,137.35000610351562,96.05802917480469
2007-03-06,139.6999969482422,97.70155334472656
2007-03-07,139.55999755859375,97.6036376953125
2007-03-08,140.74000549316406,98.42887115478516
2007-03-09,140.77999877929688,98.45687103271484
2007-03-12,140.99000549316406,98.60372924804688
2007-03-13,138.25,96.6875
2007-03-14,139.27999877929688,97.40777587890625
2007-03-15,139.47000122070312,97.54068756103516
2007-03-16,138.52999877929688,97.267578125
2007-03-19,140.1999969482422,98.44013977050781
2007-03-20,140.97000122070312,98.98079681396484
2007-03-21,143.2899932861328,100.60972595214844
2007-03-22,143.17999267578125,100.532470703125
2007-03-23,143.38999938964844,100.68000030517578
2007-03-26,143.1999969482422,100.54660034179688
2007-03-27,142.86000061035156,100.307861328125
2007-03-28,141.82000732421875,99.57759857177734
2007-03-29,141.97000122070312,99.68293762207031
2007-03-30,142.0,99.70402526855469
2007-04-02,142.16000366210938,99.8163833618164
2007-04-03,143.69000244140625,100.8906021118164
2007-04-04,143.85000610351562,101.0029525756836
2007-04-05,144.24000549316406,101.27680969238281
2007-04-09,144.44000244140625,101.41722106933594
2007-04-10,144.61000061035156,101.53658294677734
2007-04-11,144.02000427246094,101.12230682373047
2007-04-12,144.66000366210938,101.57174682617188
2007-04-13,145.32000732421875,102.03507232666016
2007-04-16,146.6999969482422,103.0040512084961
2007-04-17,147.08999633789062,103.27792358398438
2007-04-18,147.27000427246094,103.40426635742188
2007-04-19,147.22999572753906,103.37616729736328
2007-04-20,148.6199951171875,104.35214233398438
2007-04-23,148.05999755859375,103.95902252197266
2007-04-24,148.1199951171875,104.0010757446289
2007-04-25,149.47999572753906,104.95599365234375
2007-04-26,149.64999389648438,105.07536315917969
2007-04-27,149.52999877929688,104.99110412597656
2007-04-30,148.2899932861328,104.12045288085938
2007-05-01,148.6699981689453,104.38728332519531
2007-05-02,149.5399932861328,104.9981460571289
2007-05-03,150.35000610351562,105.56684875488281
2007-05-04,150.9199981689453,105.96710968017578
2007-05-07,150.9499969482422,105.9881820678711
2007-05-08,150.75,105.8476791381836
2007-05-09,151.16000366210938,106.13561248779297
2007-05-10,149.5800018310547,105.02621459960938
2007-05-11,150.86000061035156,105.92494201660156
2007-05-14,150.52999877929688,105.69325256347656
2007-05-15,150.57000732421875,105.72138214111328
2007-05-16,151.60000610351562,106.44457244873047
2007-05-17,151.3000030517578,106.23393249511719
2007-05-18,152.6199951171875,107.16073608398438
2007-05-21,152.5399932861328,107.10456848144531
2007-05-22,152.4199981689453,107.02029418945312
2007-05-23,152.44000244140625,107.0343017578125
2007-05-24,151.05999755859375,106.06537628173828
2007-05-25,151.69000244140625,106.50775909423828
2007-05-29,152.24000549316406,106.89390563964844
2007-05-30,153.47999572753906,107.7645492553711
2007-05-31,153.32000732421875,107.65225982666016
2007-06-01,154.0800018310547,108.1858901977539
2007-06-04,154.10000610351562,108.19991302490234
2007-06-05,153.49000549316406,107.77161407470703
2007-06-06,151.83999633789062,106.61305236816406
2007-06-07,149.10000610351562,104.68921661376953
2007-06-08,151.0399932861328,106.05130767822266
2007-06-11,151.3000030517578,106.23393249511719
2007-06-12,149.64999389648438,105.07536315917969
2007-06-13,151.88999938964844,106.6481704711914
2007-06-14,152.86000061035156,107.32923889160156
2007-06-15,153.07000732421875,107.93992614746094
2007-06-18,152.88999938964844,107.81298065185547
2007-06-19,153.27000427246094,108.0809555053711
2007-06-20,151.13999938964844,106.5789566040039
2007-06-21,151.97999572753906,107.17127227783203
2007-06-22,150.5500030517578,106.162841796875
2007-06-25,149.8300018310547,105.65516662597656
2007-06-26,148.2899932861328,104.5692138671875
2007-06-27,150.39999389648438,106.05711364746094
2007-06-28,150.3800048828125,106.04306030273438
2007-06-29,150.42999267578125,106.07830047607422
2007-07-02,151.7899932861328,107.03729248046875
2007-07-03,152.33999633789062,107.42515563964844
2007-07-05,152.17999267578125,107.31227111816406
2007-07-06,152.97999572753906,107.87645721435547
2007-07-09,153.10000610351562,107.96109771728516
2007-07-10,150.9199981689453,106.42382049560547
2007-07-11,151.99000549316406,107.17838287353516
2007-07-12,154.38999938964844,108.8707046508789
2007-07-13,154.85000610351562,109.19512939453125
2007-07-16,154.8300018310547,109.18095397949219
2007-07-17,154.75,109.12462615966797
2007-07-18,154.47000122070312,108.92716217041016
2007-07-19,155.07000732421875,109.35025024414062
2007-07-20,153.5,108.24312591552734
2007-07-23,153.97000122070312,108.57460021972656
2007-07-24,151.3000030517578,106.69181823730469
2007-07-25,151.61000061035156,106.91032409667969
2007-07-26,148.02000427246094,104.37884521484375
2007-07-27,145.11000061035156,102.3268051147461
2007-07-30,147.3800048828125,103.92750549316406
2007-07-31,145.72000122070312,102.75695037841797
2007-08-01,146.42999267578125,103.25762939453125
2007-08-02,147.60000610351562,104.08263397216797
2007-08-03,143.8000030517578,101.40306854248047
2007-08-06,146.2100067138672,103.10248565673828
2007-08-07,147.77000427246094,104.20256042480469
2007-08-08,149.8300018310547,105.65516662597656
2007-08-09,145.38999938964844,102.52426147460938
2007-08-10,144.7100067138672,102.0447006225586
2007-08-13,145.22999572753906,102.4113998413086
2007-08-14,143.00999450683594,100.84590911865234
2007-08-15,141.0399932861328,99.45675659179688
2007-08-16,142.10000610351562,100.2042465209961
2007-08-17,144.7100067138672,102.0447006225586
2007-08-20,144.63999938964844,101.99539947509766
2007-08-21,144.92999267578125,102.1998291015625
2007-08-22,146.64999389648438,103.4127197265625
2007-08-23,146.52000427246094,103.3210678100586
2007-08-24,148.3300018310547,104.59746551513672
2007-08-27,146.9499969482422,103.62430572509766
2007-08-28,143.72000122070312,101.34661102294922
2007-08-29,146.5399932861328,103.33516693115234
2007-08-30,146.14999389648438,103.06013488769531
2007-08-31,147.58999633789062,104.07561492919922
2007-09-04,149.0800018310547,105.12632751464844
2007-09-05,147.7899932861328,104.21660614013672
2007-09-06,148.1300048828125,104.45639038085938
2007-09-07,146.07000732421875,103.00373840332031
2007-09-10,145.7899932861328,102.8062744140625
2007-09-11,147.49000549316406,104.005126953125
2007-09-12,147.8699951171875,104.27304077148438
2007-09-13,148.91000366210938,105.00641632080078
2007-09-14,148.89999389648438,104.9994125366211
2007-09-17,148.10000610351562,104.43522644042969
2007-09-18,152.4600067138672,107.50977325439453
2007-09-19,153.36000061035156,108.14442443847656
2007-09-20,152.27999877929688,107.3828353881836
2007-09-21,151.97000122070312,107.67261505126953
2007-09-24,151.69000244140625,107.47425842285156
2007-09-25,151.38999938964844,107.26168823242188
2007-09-26,152.19000244140625,107.82849884033203
2007-09-27,153.08999633789062,108.46617126464844
2007-09-28,152.5800018310547,108.1048355102539
2007-10-01,154.3000030517578,109.32344055175781
2007-10-02,154.08999633789062,109.17469787597656
2007-10-03,153.77999877929688,108.9550552368164
2007-10-04,154.02000427246094,109.12509155273438
2007-10-05,155.85000610351562,110.42163848876953
2007-10-08,155.02000427246094,109.83358001708984
2007-10-09,156.47999572753906,110.8680191040039
2007-10-10,156.22000122070312,110.68379211425781
2007-10-11,155.47000122070312,110.1524429321289
2007-10-12,156.3300018310547,110.7617416381836
2007-10-15,155.00999450683594,109.82652282714844
2007-10-16,153.77999877929688,108.9550552368164
2007-10-17,154.25,109.28801727294922
2007-10-18,153.69000244140625,108.89127349853516
2007-10-19,149.6699981689453,106.04303741455078
2007-10-22,150.5399932861328,106.65947723388672
2007-10-23,151.75999450683594,107.52385711669922
2007-10-24,151.47999572753906,107.3254623413086
2007-10-25,151.83999633789062,107.58052062988281
2007-10-26,153.6199951171875,108.84166717529297
2007-10-29,154.1300048828125,109.2030029296875
2007-10-30,153.05999755859375,108.44490051269531
2007-10-31,154.64999389648438,109.57142639160156
2007-11-01,151.02999877929688,107.00665283203125
2007-11-02,151.1999969482422,107.12702941894531
2007-11-05,150.0500030517578,106.31227111816406
2007-11-06,152.07000732421875,107.7435302734375
2007-11-07,147.91000366210938,104.79608917236328
2007-11-08,147.16000366210938,104.26464080810547
2007-11-09,145.13999938964844,102.83345794677734
2007-11-12,143.6999969482422,101.81320190429688
2007-11-13,148.0800018310547,104.91649627685547
2007-11-14,147.6699981689453,104.62602233886719
2007-11-15,145.5399932861328,103.11687469482422
2007-11-16,145.7899932861328,103.29398345947266
2007-11-19,143.75999450683594,101.8557357788086
2007-11-20,144.63999938964844,102.47926330566406
2007-11-21,141.67999267578125,100.38201141357422
2007-11-23,144.1300048828125,102.117919921875
2007-11-26,140.9499969482422,99.86481475830078
2007-11-27,142.57000732421875,101.0125961303711
2007-11-28,147.1300048828125,104.24342346191406
2007-11-29,147.17999267578125,104.27886199951172
2007-11-30,148.66000366210938,105.32747650146484
2007-12-03,147.67999267578125,104.63312530517578
2007-12-04,146.36000061035156,103.69786071777344
2007-12-05,148.80999755859375,105.4336929321289
2007-12-06,150.94000244140625,106.94285583496094
2007-12-07,150.91000366210938,106.921630859375
2007-12-10,152.0800018310547,107.7505874633789
2007-12-11,147.91000366210938,104.79608917236328
2007-12-12,149.3699951171875,105.8304672241211
2007-12-13,149.05999755859375,105.6108627319336
2007-12-14,147.1699981689453,104.2717514038086
2007-12-17,145.07000732421875,102.78390502929688
2007-12-18,145.8800048828125,103.3577880859375
2007-12-19,145.8800048828125,103.3577880859375
2007-12-20,146.8000030517578,104.0096206665039
2007-12-21,148.1300048828125,105.50896453857422
2007-12-24,149.22999572753906,106.2924575805664
2007-12-26,149.5500030517578,106.5203857421875
2007-12-27,147.6699981689453,105.18132019042969
2007-12-28,147.3000030517578,104.91775512695312
2007-12-31,146.2100067138672,104.14144134521484
2008-01-02,144.92999267578125,103.22966003417969
2008-01-03,144.86000061035156,103.17984008789062
2008-01-04,141.30999755859375,100.6512222290039
2008-01-07,141.19000244140625,100.56575775146484
2008-01-08,138.91000366210938,98.9417953491211
2008-01-09,140.3699951171875,99.98175048828125
2008-01-10,141.2899932861328,100.63699340820312
2008-01-11,140.14999389648438,99.82499694824219
2008-01-14,141.27999877929688,100.62986755371094
2008-01-15,138.1699981689453,98.41468811035156
2008-01-16,136.97999572753906,97.56709289550781
2008-01-17,133.42999267578125,95.0385513305664
2008-01-18,132.05999755859375,94.0627212524414
2008-01-22,130.72000122070312,93.10826873779297
2008-01-23,133.86000061035156,95.34483337402344
2008-01-24,134.99000549316406,96.14969635009766
2008-01-25,133.0399932861328,94.76075744628906
2008-01-28,135.24000549316406,96.32778930664062
2008-01-29,135.91000366210938,96.8049545288086
2008-01-30,134.91000366210938,96.09268951416016
2008-01-31,137.3699951171875,97.84486389160156
2008-02-01,139.5800018310547,99.41899108886719
2008-02-04,137.82000732421875,98.1654281616211
2008-02-05,134.1300048828125,95.53714752197266
2008-02-06,133.0500030517578,94.76788330078125
2008-02-07,133.92999267578125,95.39469146728516
2008-02-08,133.07000732421875,94.7821273803711
2008-02-11,133.75,95.26647186279297
2008-02-12,134.99000549316406,96.14969635009766
2008-02-13,136.3699951171875,97.13261413574219
2008-02-14,135.1699981689453,96.27789306640625
2008-02-15,135.13999938964844,96.25650787353516
2008-02-19,135.52000427246094,96.52720642089844
2008-02-20,135.9199981689453,96.81207275390625
2008-02-21,134.7899932861328,96.00723266601562
2008-02-22,135.6199951171875,96.59841918945312
2008-02-25,137.3300018310547,97.81639862060547
2008-02-26,138.36000061035156,98.55005645751953
2008-02-27,138.22000122070312,98.45030975341797
2008-02-28,136.8699951171875,97.48872375488281
2008-02-29,133.82000732421875,95.31633758544922
2008-03-03,133.5,95.08837127685547
2008-03-04,132.99000549316406,94.72515106201172
2008-03-05,133.8300018310547,95.32344818115234
2008-03-06,131.05999755859375,93.35042572021484
2008-03-07,129.7100067138672,92.38887023925781
2008-03-10,128.0,91.1708984375
2008-03-11,132.60000610351562,94.44735717773438
2008-03-12,131.36000061035156,93.56411743164062
2008-03-13,131.64999389648438,93.77069854736328
2008-03-14,129.61000061035156,92.31766510009766
2008-03-17,128.3000030517578,91.38455200195312
2008-03-18,133.6300048828125,95.1810073852539
2008-03-19,130.32000732421875,92.8233871459961
2008-03-20,132.0800018310547,94.54273223876953
2008-03-24,134.72000122070312,96.43243408203125
2008-03-25,134.85000610351562,96.5254898071289
2008-03-26,133.1999969482422,95.34440612792969
2008-03-27,132.77999877929688,95.04379272460938
2008-03-28,131.50999450683594,94.13468933105469
2008-03-31,131.97000122070312,94.46395874023438
2008-04-01,136.61000061035156,97.78527069091797
2008-04-02,136.6999969482422,97.84971618652344
2008-04-03,137.0399932861328,98.09307861328125
2008-04-04,136.88999938964844,97.98572540283203
2008-04-07,136.9600067138672,98.03579711914062
2008-04-08,136.82000732421875,97.93561553955078
2008-04-09,135.8300018310547,97.2269515991211
2008-04-10,136.02000427246094,97.3630142211914
2008-04-11,133.3800048828125,95.47325897216797
2008-04-14,132.92999267578125,95.15115356445312
2008-04-15,133.24000549316406,95.37301635742188
2008-04-16,136.85000610351562,97.95707702636719
2008-04-17,137.0500030517578,98.10025024414062
2008-04-18,138.47999572753906,99.12381744384766
2008-04-21,138.5500030517578,99.17395782470703
2008-04-22,137.94000244140625,98.7373046875
2008-04-23,137.72000122070312,98.579833984375
2008-04-24,138.32000732421875,99.00929260253906
2008-04-25,139.60000610351562,99.92556762695312
2008-04-28,139.6300048828125,99.94698333740234
2008-04-29,139.0800018310547,99.5533218383789
2008-04-30,138.25999450683594,98.96639251708984
2008-05-01,141.1199951171875,101.01354217529297
2008-05-02,141.50999450683594,101.2927017211914
2008-05-05,140.8300018310547,100.80596160888672
2008-05-06,142.0500030517578,101.67924499511719
2008-05-07,139.52000427246094,99.86825561523438
2008-05-08,139.16000366210938,99.61053466796875
2008-05-09,138.89999389648438,99.42444610595703
2008-05-12,140.4600067138672,100.54109954833984
2008-05-13,140.47999572753906,100.55543518066406
2008-05-14,140.77000427246094,100.76301574707031
2008-05-15,142.52999877929688,102.02278137207031
2008-05-16,142.66000366210938,102.11589050292969
2008-05-19,143.0500030517578,102.39498901367188
2008-05-20,141.88999938964844,101.564697265625
2008-05-21,139.49000549316406,99.84676361083984
2008-05-22,139.50999450683594,99.86112976074219
2008-05-23,137.63999938964844,98.5225830078125
2008-05-27,138.66000366210938,99.2526626586914
2008-05-28,139.3000030517578,99.71080017089844
2008-05-29,140.0,100.21183013916016
2008-05-30,140.35000610351562,100.46236419677734
2008-06-02,138.89999389648438,99.42444610595703
2008-06-03,138.08999633789062,98.84465789794922
2008-06-04,138.02000427246094,98.79456329345703
2008-06-05,140.77999877929688,100.77017211914062
2008-06-06,136.2899932861328,97.55621337890625
2008-06-09,136.6199951171875,97.79240417480469
2008-06-10,135.94000244140625,97.30574798583984
2008-06-11,133.94000244140625,95.87407684326172
2008-06-12,134.4499969482422,96.23917388916016
2008-06-13,136.14999389648438,97.45597076416016
2008-06-16,136.22999572753906,97.51329803466797
2008-06-17,135.57000732421875,97.04082489013672
2008-06-18,134.25,96.09602355957031
2008-06-19,134.4199981689453,96.2176742553711
2008-06-20,131.5800018310547,94.6559066772461
2008-06-23,131.4499969482422,94.5624008178711
2008-06-24,131.19000244140625,94.37535858154297
2008-06-25,131.80999755859375,94.8213882446289
2008-06-26,128.22999572753906,92.24600219726562
2008-06-27,127.52999877929688,91.742431640625
2008-06-30,127.9800033569336,92.0661392211914
2008-07-01,128.3800048828125,92.35391235351562
2008-07-02,126.18000030517578,90.77127838134766
2008-07-03,126.30999755859375,90.86475372314453
2008-07-07,125.0199966430664,89.93679809570312
2008-07-08,127.23999786376953,91.53382110595703
2008-07-09,124.79000091552734,89.7713394165039
2008-07-10,125.30000305175781,90.13822174072266
2008-07-11,123.83999633789062,89.08794403076172
2008-07-14,122.72000122070312,88.28224182128906
2008-07-15,120.98999786376953,87.0376968383789
2008-07-16,123.95999908447266,89.17425537109375
2008-07-17,125.19999694824219,90.06627655029297
2008-07-18,125.9800033569336,90.62739562988281
2008-07-21,126.05000305175781,90.677734375
2008-07-22,127.4800033569336,91.70645141601562
2008-07-23,128.1699981689453,92.20284271240234
2008-07-24,125.51000213623047,90.28929901123047
2008-07-25,125.4800033569336,90.2676773071289
2008-07-28,123.63999938964844,88.94403839111328
2008-07-29,126.27999877929688,90.84320068359375
2008-07-30,128.52999877929688,92.4618148803711
2008-07-31,126.83000183105469,91.23886108398438
2008-08-01,126.16000366210938,90.75689697265625
2008-08-04,124.98999786376953,89.9151611328125
2008-08-05,128.36000061035156,92.3395004272461
2008-08-06,128.92999267578125,92.74956512451172
2008-08-07,127.01000213623047,91.36833953857422
2008-08-08,129.3699951171875,93.0660629272461
2008-08-11,130.7100067138672,94.03005981445312
2008-08-12,129.35000610351562,93.05171203613281
2008-08-13,128.57000732421875,92.4905776977539
2008-08-14,129.5399932861328,93.1883773803711
2008-08-15,130.1699981689453,93.64159393310547
2008-08-18,128.38999938964844,92.36111450195312
2008-08-19,126.98999786376953,91.35397338867188
2008-08-20,127.58000183105469,91.77840423583984
2008-08-21,127.80000305175781,91.93661499023438
2008-08-22,129.64999389648438,93.26752471923828
2008-08-25,127.0199966430664,91.37554931640625
2008-08-26,127.38999938964844,91.64171600341797
2008-08-27,128.6300048828125,92.53373718261719
2008-08-28,130.19000244140625,93.65601348876953
2008-08-29,128.7899932861328,92.64884185791016
2008-09-02,127.98999786376953,92.07331848144531
2008-09-03,127.87999725341797,91.99420166015625
2008-09-04,124.02999877929688,89.22460174560547
2008-09-05,124.41999816894531,89.50513458251953
2008-09-08,126.98999786376953,91.35397338867188
2008-09-09,123.22000122070312,88.64189910888672
2008-09-10,123.72000122070312,89.00161743164062
2008-09-11,125.51000213623047,90.28929901123047
2008-09-12,126.08999633789062,90.70653533935547
2008-09-15,120.08999633789062,86.3902359008789
2008-09-16,122.0999984741211,87.8362045288086
2008-09-17,116.61000061035156,83.8868179321289
2008-09-18,120.06999969482422,86.3758773803711
2008-09-19,124.12000274658203,89.80615997314453
2008-09-22,121.30999755859375,87.77301788330078
2008-09-23,118.55000305175781,85.77603912353516
2008-09-24,118.93000030517578,86.05097961425781
2008-09-25,120.79000091552734,87.39678955078125
2008-09-26,120.8499984741211,87.4401626586914
2008-09-29,111.37999725341797,80.5882339477539
2008-09-30,115.98999786376953,83.92375946044922
2008-10-01,116.05999755859375,83.97441864013672
2008-10-02,111.8499984741211,80.92829895019531
2008-10-03,110.33999633789062,79.83574676513672
2008-10-06,104.72000122070312,75.76941680908203
2008-10-07,100.02999877929688,72.37602996826172
2008-10-08,97.51000213623047,70.55270385742188
2008-10-09,90.69999694824219,65.62535858154297
2008-10-10,88.5,64.03358459472656
2008-10-13,101.3499984741211,73.33109283447266
2008-10-14,99.8499984741211,72.24579620361328
2008-10-15,90.0199966430664,65.13335418701172
2008-10-16,93.7699966430664,67.84663391113281
2008-10-17,93.20999908447266,67.44144439697266
2008-10-20,98.80999755859375,71.49331665039062
2008-10-21,95.86000061035156,69.35885620117188
2008-10-22,90.63999938964844,65.58193969726562
2008-10-23,91.69000244140625,66.3416976928711
2008-10-24,87.04000091552734,62.9771842956543
2008-10-27,83.94999694824219,60.7414436340332
2008-10-28,93.76000213623047,67.83940124511719
2008-10-29,93.08000183105469,67.34737396240234
2008-10-30,96.30000305175781,69.67720031738281
2008-10-31,96.83000183105469,70.06069946289062
2008-11-03,97.11000061035156,70.26329803466797
2008-11-04,100.41000366210938,72.65096282958984
2008-11-05,96.19000244140625,69.59760284423828
2008-11-06,90.86000061035156,65.7411880493164
2008-11-07,93.86000061035156,67.91175079345703
2008-11-10,92.62999725341797,67.02179718017578
2008-11-11,89.7699966430664,64.95245361328125
2008-11-12,85.81999969482422,62.094478607177734
2008-11-13,91.16999816894531,65.9654312133789
2008-11-14,86.62000274658203,62.67332458496094
2008-11-17,85.47000122070312,61.84121322631836
2008-11-18,87.08000183105469,63.0061149597168
2008-11-19,81.5,58.96876525878906
2008-11-20,75.44999694824219,54.5913200378418
2008-11-21,79.5199966430664,57.53615951538086
2008-11-24,85.02999877929688,61.52288818359375
2008-11-25,85.66000366210938,61.97871017456055
2008-11-26,88.97000122070312,64.3736572265625
2008-11-28,90.08999633789062,65.18399810791016
2008-12-01,82.11000061035156,59.41012954711914
2008-12-02,85.2699966430664,61.696510314941406
2008-12-03,87.31999969482422,63.17977523803711
2008-12-04,85.30000305175781,61.71821594238281
2008-12-05,87.93000030517578,63.62113571166992
2008-12-08,91.0,65.84243774414062
2008-12-09,89.5,64.75711059570312
2008-12-10,90.11000061035156,65.19847869873047
2008-12-11,87.94000244140625,63.62839126586914
2008-12-12,88.98999786376953,64.38809967041016
2008-12-15,87.75,63.49091720581055
2008-12-16,91.87999725341797,66.47916412353516
2008-12-17,90.98999786376953,65.83521270751953
2008-12-18,89.29000091552734,64.60513305664062
2008-12-19,88.19000244140625,64.3272933959961
2008-12-22,87.05999755859375,63.50299072265625
2008-12-23,86.16000366210938,62.84654998779297
2008-12-24,86.66000366210938,63.21127700805664
2008-12-26,87.16000366210938,63.57598876953125
2008-12-29,86.91000366210938,63.39362335205078
2008-12-30,88.97000122070312,64.89620208740234
2008-12-31,90.23999786376953,65.82254028320312
2009-01-02,92.95999908447266,67.80658721923828
2009-01-05,92.8499984741211,67.72633361816406
2009-01-06,93.47000122070312,68.17855834960938
2009-01-07,90.66999816894531,66.1362533569336
2009-01-08,91.04000091552734,66.40608978271484
2009-01-09,89.08999633789062,64.98373413085938
2009-01-12,86.94999694824219,63.42278289794922
2009-01-13,87.11000061035156,63.53949737548828
2009-01-14,84.37000274658203,61.540897369384766
2009-01-15,84.4000015258789,61.56275939941406
2009-01-16,85.05999755859375,62.044193267822266
2009-01-20,80.56999969482422,58.76912307739258
2009-01-21,84.05000305175781,61.30746841430664
2009-01-22,82.75,60.35921859741211
2009-01-23,83.11000061035156,60.621826171875
2009-01-26,83.68000030517578,61.0376091003418
2009-01-27,84.52999877929688,61.65760040283203
2009-01-28,87.38999938964844,63.74372482299805
2009-01-29,84.55000305175781,61.67216110229492
2009-01-30,82.83000183105469,60.417579650878906
2009-02-02,82.58000183105469,60.2352294921875
2009-02-03,83.73999786376953,61.08134841918945
2009-02-04,83.33000183105469,60.78227615356445
2009-02-05,84.56999969482422,61.686737060546875
2009-02-06,86.9800033569336,63.44467544555664
2009-02-09,87.0999984741211,63.532188415527344
2009-02-10,83.11000061035156,60.621826171875
2009-02-11,83.5999984741211,60.979225158691406
2009-02-12,83.66000366210938,61.02299880981445
2009-02-13,82.76000213623047,60.366539001464844
2009-02-17,79.22000122070312,57.78440856933594
2009-02-18,79.02999877929688,57.645782470703125
2009-02-19,78.18000030517578,57.02578353881836
2009-02-20,77.41999816894531,56.471439361572266
2009-02-23,74.6500015258789,54.45097351074219
2009-02-24,77.4800033569336,56.51521301269531
2009-02-25,76.87000274658203,56.07025909423828
2009-02-26,75.62000274658203,55.15848922729492
2009-02-27,73.93000030517578,53.92576217651367
2009-03-02,70.5999984741211,51.4968147277832
2009-03-03,70.06999969482422,51.1102180480957
2009-03-04,71.7300033569336,52.321067810058594
2009-03-05,68.80000305175781,50.18384552001953
2009-03-06,68.91999816894531,50.27139663696289
2009-03-09,68.11000061035156,49.680572509765625
2009-03-10,72.16999816894531,52.64200210571289
2009-03-11,72.63999938964844,52.984825134277344
2009-03-12,75.5,55.07096862792969
2009-03-13,76.08999633789062,55.50128936767578
2009-03-16,75.86000061035156,55.333553314208984
2009-03-17,78.18000030517578,57.02578353881836
2009-03-18,79.93000030517578,58.30229949951172
2009-03-19,78.94000244140625,57.58015441894531
2009-03-20,76.70999908447266,56.35404586791992
2009-03-23,82.22000122070312,60.401885986328125
2009-03-24,80.5999984741211,59.21178436279297
2009-03-25,81.44999694824219,59.836212158203125
2009-03-26,83.11000061035156,61.05573272705078
2009-03-27,81.61000061035156,59.95378875732422
2009-03-30,78.79000091552734,57.88209915161133
2009-03-31,79.5199966430664,58.418357849121094
2009-04-01,81.05999755859375,59.54970932006836
2009-04-02,83.43000030517578,61.290836334228516
2009-04-03,84.26000213623047,61.90054702758789
2009-04-06,83.5999984741211,61.41569519042969
2009-04-07,81.6500015258789,59.983177185058594
2009-04-08,82.52999877929688,60.629661560058594
2009-04-09,85.80999755859375,63.039249420166016
2009-04-13,85.83000183105469,63.05393981933594
2009-04-14,84.3499984741211,61.96665954589844
2009-04-15,85.25,62.62785339355469
2009-04-16,86.5,63.54615020751953
2009-04-17,87.08000183105469,63.972225189208984
2009-04-20,83.43000030517578,61.290836334228516
2009-04-21,85.05999755859375,62.48827362060547
2009-04-22,84.54000091552734,62.10626220703125
2009-04-23,85.37000274658203,62.71602249145508
2009-04-24,86.66000366210938,63.663700103759766
2009-04-27,85.83999633789062,63.06128692626953
2009-04-28,85.56999969482422,62.8629264831543
2009-04-29,87.38999938964844,64.19998168945312
2009-04-30,87.41999816894531,64.22200775146484
2009-05-01,87.88999938964844,64.56729888916016
2009-05-04,90.87999725341797,66.76383209228516
2009-05-05,90.56999969482422,66.53610229492188
2009-05-06,92.13999938964844,67.68951416015625
2009-05-07,90.86000061035156,66.74922180175781
2009-05-08,92.9800033569336,68.30663299560547
2009-05-11,91.23999786376953,67.0283203125
2009-05-12,90.97000122070312,66.8299789428711
2009-05-13,88.68000030517578,65.14765930175781
2009-05-14,89.44000244140625,65.70601654052734
2009-05-15,88.70999908447266,65.16969299316406
2009-05-18,91.2300033569336,67.02099609375
2009-05-19,91.12000274658203,66.94017791748047
2009-05-20,90.51000213623047,66.49205017089844
2009-05-21,89.20999908447266,65.53703308105469
2009-05-22,89.0199966430664,65.39740753173828
2009-05-26,91.30000305175781,67.07240295410156
2009-05-27,89.66999816894531,65.87495422363281
2009-05-28,90.91999816894531,66.7932357788086
2009-05-29,92.52999877929688,67.97602844238281
2009-06-01,94.7699966430664,69.62157440185547
2009-06-02,94.8499984741211,69.68034362792969
2009-06-03,93.6500015258789,68.79881286621094
2009-06-04,94.52999877929688,69.44527435302734
2009-06-05,94.55000305175781,69.45997619628906
2009-06-08,94.16000366210938,69.17349243164062
2009-06-09,94.63999938964844,69.52609252929688
2009-06-10,94.4000015258789,69.34980010986328
2009-06-11,94.81999969482422,69.65830993652344
2009-06-12,95.08000183105469,69.84929656982422
2009-06-15,92.9000015258789,68.24783325195312
2009-06-16,91.63999938964844,67.32218933105469
2009-06-17,91.55000305175781,67.25605773925781
2009-06-18,92.22000122070312,67.74826049804688
2009-06-19,92.04000091552734,67.99797821044922
2009-06-22,89.27999877929688,65.95893859863281
2009-06-23,89.3499984741211,66.01063537597656
2009-06-24,90.12000274658203,66.57952117919922
2009-06-25,92.08000183105469,68.02752685546875
2009-06-26,91.83999633789062,67.85022735595703
2009-06-29,92.69999694824219,68.4855728149414
2009-06-30,91.94999694824219,67.93150329589844
2009-07-01,92.33000183105469,68.21223449707031
2009-07-02,89.80999755859375,66.3504867553711
2009-07-06,89.80000305175781,66.34310913085938
2009-07-07,88.05999755859375,65.0576400756836
2009-07-08,88.0,65.0132827758789
2009-07-09,88.16999816894531,65.13887786865234
2009-07-10,87.95999908447266,64.98371887207031
2009-07-13,90.0999984741211,66.56475830078125
2009-07-14,90.61000061035156,66.9415283203125
2009-07-15,93.26000213623047,68.89928436279297
2009-07-16,93.11000061035156,68.78851318359375
2009-07-17,94.12999725341797,69.54203033447266
2009-07-20,95.12999725341797,70.28083038330078
2009-07-21,95.56999969482422,70.60590362548828
2009-07-22,95.55000305175781,70.59112548828125
2009-07-23,97.66000366210938,72.14997863769531
2009-07-24,98.05999755859375,72.44549560546875
2009-07-27,98.3499984741211,72.65972137451172
2009-07-28,97.88999938964844,72.31990814208984
2009-07-29,97.6500015258789,72.14259338378906
2009-07-30,98.66999816894531,72.89614868164062
2009-07-31,98.80999755859375,72.99958038330078
2009-08-03,100.44000244140625,74.20379638671875
2009-08-04,100.69999694824219,74.39584350585938
2009-08-05,100.41000366210938,74.1816177368164
2009-08-06,99.88999938964844,73.79747772216797
2009-08-07,101.19999694824219,74.7652816772461
2009-08-10,100.98999786376953,74.61014556884766
2009-08-11,99.7300033569336,73.67925262451172
2009-08-12,100.80000305175781,74.46975708007812
2009-08-13,101.56999969482422,75.03865051269531
2009-08-14,100.79000091552734,74.46237182617188
2009-08-17,98.30999755859375,72.63018035888672
2009-08-18,99.08999633789062,73.20643615722656
2009-08-19,99.95999908447266,73.84918212890625
2009-08-20,100.98999786376953,74.61014556884766
2009-08-21,102.97000122070312,76.07295227050781
2009-08-24,102.95999908447266,76.06552124023438
2009-08-25,103.16000366210938,76.21328735351562
2009-08-26,103.16999816894531,76.22068786621094
2009-08-27,103.4000015258789,76.39060974121094
2009-08-28,103.37999725341797,76.37581634521484
2009-08-31,102.45999908447266,75.6961441040039
2009-09-01,100.19999694824219,74.02650451660156
2009-09-02,99.81999969482422,73.74575805664062
2009-09-03,100.6500015258789,74.35893249511719
2009-09-04,102.05999755859375,75.400634765625
2009-09-08,102.94000244140625,76.05079650878906
2009-09-09,103.7300033569336,76.63441467285156
2009-09-10,104.79000091552734,77.41753387451172
2009-09-11,104.7699966430664,77.4027328491211
2009-09-14,105.27999877929688,77.77953338623047
2009-09-15,105.72000122070312,78.10462951660156
2009-09-16,107.31999969482422,79.2866439819336
2009-09-17,107.16000366210938,79.16844177246094
2009-09-18,106.72000122070312,79.21887969970703
2009-09-21,106.44999694824219,79.01850891113281
2009-09-22,107.06999969482422,79.4787368774414
2009-09-23,106.18000030517578,78.81806945800781
2009-09-24,105.01000213623047,77.94956970214844
2009-09-25,104.44999694824219,77.53388214111328
2009-09-28,106.31999969482422,78.92202758789062
2009-09-29,106.0,78.68450927734375
2009-09-30,105.58999633789062,78.38014221191406
2009-10-01,102.97000122070312,76.43531799316406
2009-10-02,102.48999786376953,76.07897186279297
2009-10-05,104.0199966430664,77.2146987915039
2009-10-06,105.51000213623047,78.32073211669922
2009-10-07,105.80000305175781,78.53601837158203
2009-10-08,106.61000061035156,79.13728332519531
2009-10-09,107.26000213623047,79.61975860595703
2009-10-12,107.68000030517578,79.93153381347656
2009-10-13,107.45999908447266,79.76823425292969
2009-10-14,109.30999755859375,81.1414794921875
2009-10-15,109.70999908447266,81.43841552734375
2009-10-16,108.88999938964844,80.8297348022461
2009-10-19,109.79000091552734,81.4977798461914
2009-10-20,109.20999908447266,81.06726837158203
2009-10-21,108.2300033569336,80.33979797363281
2009-10-22,109.33000183105469,81.1563720703125
2009-10-23,108.08000183105469,80.22847747802734
2009-10-26,106.91000366210938,79.3599853515625
2009-10-27,106.41999816894531,78.99626922607422
2009-10-28,104.41000366210938,77.50419616699219
2009-10-29,106.6500015258789,79.16696166992188
2009-10-30,103.55999755859375,76.87323760986328
2009-11-02,104.31999969482422,77.43741607666016
2009-11-03,104.6500015258789,77.6823501586914
2009-11-04,104.91999816894531,77.88275146484375
2009-11-05,106.8499984741211,79.31542205810547
2009-11-06,107.12999725341797,79.52327728271484
2009-11-09,109.56999969482422,81.33448791503906
2009-11-10,109.58999633789062,81.34937286376953
2009-11-11,110.1500015258789,81.7650375366211
2009-11-12,109.02999877929688,80.93365478515625
2009-11-13,109.62000274658203,81.3716049194336
2009-11-16,111.20999908447266,82.55183410644531
2009-11-17,111.33999633789062,82.64839172363281
2009-11-18,111.2699966430664,82.59638977050781
2009-11-19,109.81999969482422,81.52007293701172
2009-11-20,109.43000030517578,81.2305679321289
2009-11-23,110.81999969482422,82.26239013671875
2009-11-24,110.98999786376953,82.3885726928711
2009-11-25,111.37999725341797,82.67807006835938
2009-11-27,109.56999969482422,81.33448791503906
2009-11-30,109.94000244140625,81.60917663574219
2009-12-01,111.30000305175781,82.61870574951172
2009-12-02,111.25,82.58158111572266
2009-12-03,110.37999725341797,81.93576049804688
2009-12-04,111.01000213623047,82.4034194946289
2009-12-07,110.83999633789062,82.27723693847656
2009-12-08,109.61000061035156,81.36418151855469
2009-12-09,110.0199966430664,81.66854095458984
2009-12-10,110.63999938964844,82.12879180908203
2009-12-11,111.11000061035156,82.47766876220703
2009-12-14,111.87000274658203,83.04183197021484
2009-12-15,111.3499984741211,82.65579223632812
2009-12-16,111.5199966430664,82.78199768066406
2009-12-17,110.18000030517578,81.78728485107422
2009-12-18,110.20999908447266,82.25000762939453
2009-12-21,111.33000183105469,83.08588409423828
2009-12-22,111.7300033569336,83.38441467285156
2009-12-23,111.94999694824219,83.548583984375
2009-12-24,112.4800033569336,83.94416046142578
2009-12-28,112.72000122070312,84.12326049804688
2009-12-29,112.55999755859375,84.00382995605469
2009-12-30,112.5199966430664,83.97395324707031
2009-12-31,111.44000244140625,83.1679458618164
2010-01-04,113.33000183105469,84.5784912109375
2010-01-05,113.62999725341797,84.8023681640625
2010-01-06,113.70999908447266,84.86209106445312
2010-01-07,114.19000244140625,85.22027587890625
2010-01-08,114.56999969482422,85.50392150878906
2010-01-11,114.7300033569336,85.62330627441406
2010-01-12,113.66000366210938,84.8247299194336
2010-01-13,114.62000274658203,85.54121398925781
2010-01-14,114.93000030517578,85.77256774902344
2010-01-15,113.63999938964844,84.80982971191406
2010-01-19,115.05999755859375,85.8696060180664
2010-01-20,113.88999938964844,84.99640655517578
2010-01-21,111.69999694824219,83.36200714111328
2010-01-22,109.20999908447266,81.50370788574219
2010-01-25,109.7699966430664,81.921630859375
2010-01-26,109.30999755859375,81.57833099365234
2010-01-27,109.83000183105469,81.96642303466797
2010-01-28,108.56999969482422,81.02605438232422
2010-01-29,107.38999938964844,80.14543914794922
2010-02-01,109.05999755859375,81.39179229736328
2010-02-02,110.37999725341797,82.37686157226562
2010-02-03,109.83000183105469,81.96642303466797
2010-02-04,106.44000244140625,79.43646240234375
2010-02-05,106.66000366210938,79.60066986083984
2010-02-08,105.88999938964844,79.0260009765625
2010-02-09,107.22000122070312,80.01859283447266
2010-02-10,107.01000213623047,79.86183166503906
2010-02-11,108.12999725341797,80.69770050048828
2010-02-12,108.04000091552734,80.63053131103516
2010-02-16,109.73999786376953,81.89925384521484
2010-02-17,110.26000213623047,82.28733825683594
2010-02-18,110.91000366210938,82.77239990234375
2010-02-19,111.13999938964844,82.9440689086914
2010-02-22,111.16000366210938,82.95902252197266
2010-02-23,109.80999755859375,81.95147705078125
2010-02-24,110.81999969482422,82.70525360107422
2010-02-25,110.66999816894531,82.59333801269531
2010-02-26,110.73999786376953,82.64555358886719
2010-03-01,111.88999938964844,83.5038070678711
2010-03-02,112.19999694824219,83.73513793945312
2010-03-03,112.30000305175781,83.80976867675781
2010-03-04,112.63999938964844,84.06350708007812
2010-03-05,114.25,85.26509857177734
2010-03-08,114.2699966430664,85.28001403808594
2010-03-09,114.45999908447266,85.42182159423828
2010-03-10,114.97000122070312,85.80241394042969
2010-03-11,115.44999694824219,86.1606216430664
2010-03-12,115.45999908447266,86.16807556152344
2010-03-15,115.48999786376953,86.19050598144531
2010-03-16,116.41000366210938,86.87708282470703
2010-03-17,117.0999984741211,87.39205169677734
2010-03-18,117.04000091552734,87.34728240966797
2010-03-19,115.97000122070312,86.90514373779297
2010-03-22,116.58999633789062,87.3697509765625
2010-03-23,117.41000366210938,87.98423767089844
2010-03-24,116.83999633789062,87.55707550048828
2010-03-25,116.6500015258789,87.41471862792969
2010-03-26,116.58000183105469,87.36224365234375
2010-03-29,117.31999969482422,87.91679382324219
2010-03-30,117.4000015258789,87.97674560546875
2010-03-31,117.0,87.67700958251953
2010-04-01,117.80000305175781,88.27647399902344
2010-04-05,118.76000213623047,88.9958724975586
2010-04-06,119.04000091552734,89.20573425292969
2010-04-07,118.36000061035156,88.6961441040039
2010-04-08,118.7699966430664,89.00336456298828
2010-04-09,119.55000305175781,89.58790588378906
2010-04-12,119.73999786376953,89.73030090332031
2010-04-13,119.83000183105469,89.7977294921875
2010-04-14,121.19000244140625,90.81685638427734
2010-04-15,121.29000091552734,90.8918228149414
2010-04-16,119.36000061035156,89.44551849365234
2010-04-19,119.80999755859375,89.7827377319336
2010-04-20,120.87999725341797,90.5845947265625
2010-04-21,120.66000366210938,90.41972351074219
2010-04-22,121.0199966430664,90.6894760131836
2010-04-23,121.80999755859375,91.28145599365234
2010-04-26,121.3499984741211,90.936767578125
2010-04-27,118.4800033569336,88.78605651855469
2010-04-28,119.37999725341797,89.46048736572266
2010-04-29,120.86000061035156,90.56958770751953
2010-04-30,118.80999755859375,89.0333251953125
2010-05-03,120.3499984741211,90.18739318847656
2010-05-04,117.5199966430664,88.06668090820312
2010-05-05,116.81999969482422,87.54210662841797
2010-05-06,112.94000244140625,84.634521484375
2010-05-07,111.26000213623047,83.37555694580078
2010-05-10,116.16000366210938,87.04751586914062
2010-05-11,115.83000183105469,86.80021667480469
2010-05-12,117.44999694824219,88.01419067382812
2010-05-13,115.98999786376953,86.92012023925781
2010-05-14,113.88999938964844,85.34642028808594
2010-05-17,113.94999694824219,85.39137268066406
2010-05-18,112.4000015258789,84.22985076904297
2010-05-19,111.76000213623047,83.75025177001953
2010-05-20,107.54000091552734,80.58789825439453
2010-05-21,109.11000061035156,81.764404296875
2010-05-24,107.70999908447266,80.71524810791016
2010-05-25,107.81999969482422,80.7977066040039
2010-05-26,107.16999816894531,80.31062316894531
2010-05-27,110.76000213623047,83.00093078613281
2010-05-28,109.37000274658203,81.9592514038086
2010-06-01,107.52999877929688,80.58040618896484
2010-06-02,110.33000183105469,82.67864227294922
2010-06-03,110.70999908447266,82.96341705322266
2010-06-04,106.81999969482422,80.04833221435547
2010-06-07,105.48999786376953,79.05169677734375
2010-06-08,106.62000274658203,79.89847564697266
2010-06-09,106.05000305175781,79.47129821777344
2010-06-10,109.1500015258789,81.79436492919922
2010-06-11,109.68000030517578,82.1915512084961
2010-06-14,109.51000213623047,82.06414031982422
2010-06-15,112.0,83.93011474609375
2010-06-16,111.95999908447266,83.90015411376953
2010-06-17,112.13999938964844,84.03504180908203
2010-06-18,111.7300033569336,84.12613677978516
2010-06-21,111.41000366210938,83.88518524169922
2010-06-22,109.56999969482422,82.4997787475586
2010-06-23,109.2300033569336,82.24378204345703
2010-06-24,107.41999816894531,80.88097381591797
2010-06-25,107.87000274658203,81.21976470947266
2010-06-28,107.52999877929688,80.96379089355469
2010-06-29,104.20999908447266,78.46400451660156
2010-06-30,103.22000122070312,77.71858978271484
2010-07-01,102.76000213623047,77.37226867675781
2010-07-02,102.19999694824219,76.95056915283203
2010-07-06,102.87000274658203,77.45506286621094
2010-07-07,106.11000061035156,79.89460754394531
2010-07-08,107.16000366210938,80.68522644042969
2010-07-09,107.95999908447266,81.28755950927734
2010-07-12,108.02999877929688,81.34024047851562
2010-07-13,109.66000366210938,82.56758117675781
2010-07-14,109.6500015258789,82.56002807617188
2010-07-15,109.68000030517578,82.58258056640625
2010-07-16,106.66000366210938,80.30874633789062
2010-07-19,107.29000091552734,80.78307342529297
2010-07-20,108.4800033569336,81.67906188964844
2010-07-21,107.06999969482422,80.617431640625
2010-07-22,109.45999908447266,82.41696166992188
2010-07-23,110.41000366210938,83.13224792480469
2010-07-26,111.55999755859375,83.99813842773438
2010-07-27,111.55000305175781,83.99061584472656
2010-07-28,110.83000183105469,83.44847869873047
2010-07-29,110.29000091552734,83.04188537597656
2010-07-30,110.2699966430664,83.02682495117188
2010-08-02,112.76000213623047,84.90166473388672
2010-08-03,112.22000122070312,84.49506378173828
2010-08-04,112.97000122070312,85.05978393554688
2010-08-05,112.8499984741211,84.96939086914062
2010-08-06,112.38999938964844,84.6230697631836
2010-08-09,112.98999786376953,85.0748291015625
2010-08-10,112.37999725341797,84.61551666259766
2010-08-11,109.30000305175781,82.29649353027344
2010-08-12,108.62999725341797,81.79200744628906
2010-08-13,108.30999755859375,81.55107879638672
2010-08-16,108.26000213623047,81.513427734375
2010-08-17,109.58999633789062,82.5147933959961
2010-08-18,109.79000091552734,82.66542053222656
2010-08-19,107.87999725341797,81.22731018066406
2010-08-20,107.52999877929688,80.96379089355469
2010-08-23,107.12000274658203,80.65504455566406
2010-08-24,105.52999877929688,79.45791625976562
2010-08-25,105.94000244140625,79.76660919189453
2010-08-26,105.2300033569336,79.23199462890625
2010-08-27,106.86000061035156,80.45930480957031
2010-08-30,105.30999755859375,79.292236328125
2010-08-31,105.30999755859375,79.292236328125
2010-09-01,108.45999908447266,81.66400146484375
2010-09-02,109.47000122070312,82.42449188232422
2010-09-03,110.88999938964844,83.4936752319336
2010-09-07,109.63999938964844,82.55248260498047
2010-09-08,110.41000366210938,83.13224792480469
2010-09-09,110.91999816894531,83.51626586914062
2010-09-10,111.4800033569336,83.93790435791016
2010-09-13,112.72000122070312,84.8715591430664
2010-09-14,112.6500015258789,84.81881713867188
2010-09-15,113.08000183105469,85.14258575439453
2010-09-16,113.05000305175781,85.12004089355469
2010-09-17,112.48999786376953,85.15179443359375
2010-09-20,114.20999908447266,86.45379638671875
2010-09-21,113.9800033569336,86.27967834472656
2010-09-22,113.41999816894531,85.85578918457031
2010-09-23,112.5,85.15935516357422
2010-09-24,114.81999969482422,86.91556549072266
2010-09-27,114.2699966430664,86.49919891357422
2010-09-28,114.66999816894531,86.8020248413086
2010-09-29,114.47000122070312,86.65058898925781
2010-09-30,114.12999725341797,86.39323425292969
2010-10-01,114.61000061035156,86.7566146850586
2010-10-04,113.75,86.10559844970703
2010-10-05,116.04000091552734,87.83907318115234
2010-10-06,116.02999877929688,87.83148956298828
2010-10-07,115.88999938964844,87.72550964355469
2010-10-08,116.54000091552734,88.217529296875
2010-10-11,116.6500015258789,88.30081939697266
2010-10-12,117.01000213623047,88.57332611083984
2010-10-13,117.91999816894531,89.26217651367188
2010-10-14,117.45999908447266,88.91394805908203
2010-10-15,117.69999694824219,89.09564208984375
2010-10-18,118.27999877929688,89.53466796875
2010-10-19,116.7300033569336,88.36135864257812
2010-10-20,117.87000274658203,89.22430419921875
2010-10-21,118.12999725341797,89.4211196899414
2010-10-22,118.3499984741211,89.58768463134766
2010-10-25,118.69999694824219,89.85262298583984
2010-10-26,118.72000122070312,89.86773681640625
2010-10-27,118.37999725341797,89.61038208007812
2010-10-28,118.4000015258789,89.62554168701172
2010-10-29,118.48999786376953,89.6936264038086
2010-11-01,118.52999877929688,89.72393035888672
2010-11-02,119.47000122070312,90.43548583984375
2010-11-03,119.94999694824219,90.798828125
2010-11-04,122.26000213623047,92.54740905761719
2010-11-05,122.72000122070312,92.89561462402344
2010-11-08,122.48999786376953,92.72154235839844
2010-11-09,121.61000061035156,92.05538940429688
2010-11-10,122.0999984741211,92.42628479003906
2010-11-11,121.63999938964844,92.07809448242188
2010-11-12,120.19999694824219,90.98805236816406
2010-11-15,120.02999877929688,90.85935974121094
2010-11-16,118.16000366210938,89.44380950927734
2010-11-17,118.22000122070312,89.48926544189453
2010-11-18,119.95999908447266,90.80638885498047
2010-11-19,120.29000091552734,91.05619049072266
2010-11-22,120.19000244140625,90.98046875
2010-11-23,118.44999694824219,89.66334533691406
2010-11-24,120.19999694824219,90.98805236816406
2010-11-26,118.80000305175781,89.92831420898438
2010-11-29,119.16000366210938,90.20082092285156
2010-11-30,118.48999786376953,89.6936264038086
2010-12-01,121.01000213623047,91.60121154785156
2010-12-02,122.55999755859375,92.77452087402344
2010-12-03,122.88999938964844,93.02434539794922
2010-12-06,122.76000213623047,92.92591094970703
2010-12-07,122.83000183105469,92.97893524169922
2010-12-08,123.27999877929688,93.31953430175781
2010-12-09,123.76000213623047,93.682861328125
2010-12-10,124.4800033569336,94.2279052734375
2010-12-13,124.55999755859375,94.28844451904297
2010-12-14,124.66999816894531,94.37171173095703
2010-12-15,124.0999984741211,93.94024658203125
2010-12-16,124.81999969482422,94.48526763916016
2010-12-17,124.30000305175781,94.58645629882812
2010-12-20,124.5999984741211,94.81476593017578
2010-12-21,125.38999938964844,95.41590881347656
2010-12-22,125.77999877929688,95.71270751953125
2010-12-23,125.5999984741211,95.57572937011719
2010-12-27,125.6500015258789,95.61376190185547
2010-12-28,125.83000183105469,95.75072479248047
2010-12-29,125.91999816894531,95.8192138671875
2010-12-30,125.72000122070312,95.66703033447266
2010-12-31,125.75,95.6898422241211
2011-01-03,127.05000305175781,96.67909240722656
2011-01-04,126.9800033569336,96.6258316040039
2011-01-05,127.63999938964844,97.1280517578125
2011-01-06,127.38999938964844,96.9378433227539
2011-01-07,127.13999938964844,96.7475814819336
2011-01-10,126.9800033569336,96.6258316040039
2011-01-11,127.43000030517578,96.9682388305664
2011-01-12,128.5800018310547,97.84335327148438
2011-01-13,128.3699951171875,97.68353271484375
2011-01-14,129.3000030517578,98.39124298095703
2011-01-18,129.52000427246094,98.55863952636719
2011-01-19,128.25,97.59223175048828
2011-01-20,128.0800018310547,97.462890625
2011-01-21,128.3699951171875,97.68353271484375
2011-01-24,129.10000610351562,98.23905181884766
2011-01-25,129.1699981689453,98.29232788085938
2011-01-26,129.6699981689453,98.67278289794922
2011-01-27,129.99000549316406,98.91630554199219
2011-01-28,127.72000122070312,97.1889419555664
2011-01-31,128.67999267578125,97.9194564819336
2011-02-01,130.74000549316406,99.48701477050781
2011-02-02,130.49000549316406,99.29676055908203
2011-02-03,130.77999877929688,99.51744079589844
2011-02-04,131.14999389648438,99.79901123046875
2011-02-07,131.97000122070312,100.4229965209961
2011-02-08,132.57000732421875,100.87958526611328
2011-02-09,132.27000427246094,100.65129852294922
2011-02-10,132.32000732421875,100.68931579589844
2011-02-11,133.11000061035156,101.29044342041016
2011-02-14,133.42999267578125,101.53397369384766
2011-02-15,133.00999450683594,101.21435546875
2011-02-16,133.85000610351562,101.85359954833984
2011-02-17,134.25,102.15796661376953
2011-02-18,134.52999877929688,102.37102508544922
2011-02-22,131.8300018310547,100.31646728515625
2011-02-23,131.02000427246094,99.70008850097656
2011-02-24,130.92999267578125,99.631591796875
2011-02-25,132.3300018310547,100.69695281982422
2011-02-28,133.14999389648438,101.32090759277344
2011-03-01,130.92999267578125,99.631591796875
2011-03-02,131.2100067138672,99.84463500976562
2011-03-03,133.47000122070312,101.5644302368164
2011-03-04,132.47000122070312,100.8034439086914
2011-03-07,131.42999267578125,100.0120849609375
2011-03-08,132.5800018310547,100.88716888427734
2011-03-09,132.38999938964844,100.74262237548828
2011-03-10,129.94000244140625,98.87828063964844
2011-03-11,130.83999633789062,99.5631332397461
2011-03-14,130.0500030517578,98.9619140625
2011-03-15,128.55999755859375,97.82815551757812
2011-03-16,126.18000030517578,96.01707458496094
2011-03-17,127.8499984741211,97.287841796875
2011-03-18,127.76000213623047,97.6417236328125
2011-03-21,129.74000549316406,99.15497589111328
2011-03-22,129.2899932861328,98.81100463867188
2011-03-23,129.66000366210938,99.09382629394531
2011-03-24,130.89999389648438,100.04147338867188
2011-03-25,131.3000030517578,100.34717559814453
2011-03-28,130.97999572753906,100.10263061523438
2011-03-29,131.86000061035156,100.77517700195312
2011-03-30,132.77000427246094,101.47066497802734
2011-03-31,132.58999633789062,101.33307647705078
2011-04-01,133.14999389648438,101.76106262207031
2011-04-04,133.25999450683594,101.84512329101562
2011-04-05,133.24000549316406,101.82987213134766
2011-04-06,133.66000366210938,102.15083312988281
2011-04-07,133.32000732421875,101.89102172851562
2011-04-08,132.86000061035156,101.5394515991211
2011-04-11,132.4600067138672,101.2337646484375
2011-04-12,131.47000122070312,100.47710418701172
2011-04-13,131.4600067138672,100.469482421875
2011-04-14,131.55999755859375,100.54586791992188
2011-04-15,132.0399932861328,100.91275024414062
2011-04-18,130.55999755859375,99.7816390991211
2011-04-19,131.30999755859375,100.35481262207031
2011-04-20,133.10000610351562,101.7228775024414
2011-04-21,133.77999877929688,102.24254608154297
2011-04-25,133.63999938964844,102.13554382324219
2011-04-26,134.7899932861328,103.01447296142578
2011-04-27,135.6699981689453,103.68701171875
2011-04-28,136.11000061035156,104.02330017089844
2011-04-29,136.42999267578125,104.26782989501953
2011-05-02,136.22000122070312,104.10731506347656
2011-05-03,135.72999572753906,103.73287200927734
2011-05-04,134.8300018310547,103.04505920410156
2011-05-05,133.61000061035156,102.11264038085938
2011-05-06,134.1999969482422,102.56354522705078
2011-05-09,134.72000122070312,102.96099090576172
2011-05-10,135.8699951171875,103.83988189697266
2011-05-11,134.44000244140625,102.74697875976562
2011-05-12,135.0800018310547,103.23609924316406
2011-05-13,134.0399932861328,102.44127655029297
2011-05-16,133.19000244140625,101.7916488647461
2011-05-17,133.1699981689453,101.77632904052734
2011-05-18,134.36000061035156,102.6858139038086
2011-05-19,134.67999267578125,102.93041229248047
2011-05-20,133.61000061035156,102.11264038085938
2011-05-23,132.05999755859375,100.92803192138672
2011-05-24,131.9499969482422,100.84395599365234
2011-05-25,132.38999938964844,101.18025970458984
2011-05-26,133.0,101.64640045166016
2011-05-27,133.50999450683594,102.03620147705078
2011-05-31,134.89999389648438,103.0985107421875
2011-06-01,131.8699951171875,100.78280639648438
2011-06-02,131.72999572753906,100.6758041381836
2011-06-03,130.4199981689453,99.67463684082031
2011-06-06,129.0399932861328,98.61994934082031
2011-06-07,128.9600067138672,98.55883026123047
2011-06-08,128.4199981689453,98.14612579345703
2011-06-09,129.39999389648438,98.8951187133789
2011-06-10,127.5999984741211,97.51943969726562
2011-06-13,127.69999694824219,97.59585571289062
2011-06-14,129.32000732421875,98.8339614868164
2011-06-15,127.0199966430664,97.0761947631836
2011-06-16,127.30000305175781,97.29014587402344
2011-06-17,127.05000305175781,97.58048248291016
2011-06-20,127.69999694824219,98.0797119140625
2011-06-21,129.4499969482422,99.42379760742188
2011-06-22,128.6699981689453,98.82469177246094
2011-06-23,128.3000030517578,98.54052734375
2011-06-24,126.80999755859375,97.3961410522461
2011-06-27,127.94000244140625,98.26405334472656
2011-06-28,129.61000061035156,99.54666900634766
2011-06-29,130.72000122070312,100.39921569824219
2011-06-30,131.97000122070312,101.35929107666016
2011-07-01,133.9199981689453,102.85694122314453
2011-07-05,133.80999755859375,102.77246856689453
2011-07-06,133.97000122070312,102.89537048339844
2011-07-07,135.36000061035156,103.96298217773438
2011-07-08,134.39999389648438,103.22563171386719
2011-07-11,131.97000122070312,101.35929107666016
2011-07-12,131.39999389648438,100.92146301269531
2011-07-13,131.83999633789062,101.25942993164062
2011-07-14,130.92999267578125,100.56048583984375
2011-07-15,131.69000244140625,101.14424133300781
2011-07-18,130.61000061035156,100.31470489501953
2011-07-19,132.72999572753906,101.94298553466797
2011-07-20,132.64999389648438,101.88156127929688
2011-07-21,134.49000549316406,103.29473114013672
2011-07-22,134.5800018310547,103.3638916015625
2011-07-25,133.8300018310547,102.78783416748047
2011-07-26,133.3300018310547,102.40382385253906
2011-07-27,130.60000610351562,100.30709838867188
2011-07-28,130.22000122070312,100.01521301269531
2011-07-29,129.3300018310547,99.33161926269531
2011-08-01,128.77999877929688,98.90918731689453
2011-08-02,125.48999786376953,96.38230895996094
2011-08-03,126.16999816894531,96.90460968017578
2011-08-04,120.26000213623047,92.36544799804688
2011-08-05,120.08000183105469,92.22718048095703
2011-08-08,112.26000213623047,86.22106170654297
2011-08-09,117.4800033569336,90.23025512695312
2011-08-10,112.29000091552734,86.24409484863281
2011-08-11,117.33000183105469,90.11506652832031
2011-08-12,118.12000274658203,90.72181701660156
2011-08-15,120.62000274658203,92.64193725585938
2011-08-16,119.58999633789062,91.85087585449219
2011-08-17,119.66999816894531,91.91228485107422
2011-08-18,114.51000213623047,87.94915008544922
2011-08-19,112.63999938964844,86.51290893554688
2011-08-22,112.7300033569336,86.58203887939453
2011-08-23,116.44000244140625,89.4314956665039
2011-08-24,118.08000183105469,90.69109344482422
2011-08-25,116.27999877929688,89.30859375
2011-08-26,117.97000122070312,90.60660552978516
2011-08-29,121.36000061035156,93.21029663085938
2011-08-30,121.68000030517578,93.45604705810547
2011-08-31,122.22000122070312,93.87081909179688
2011-09-01,120.94000244140625,92.88771057128906
2011-09-02,117.8499984741211,90.51445007324219
2011-09-06,116.98999786376953,89.85391235351562
2011-09-07,120.29000091552734,92.38848876953125
2011-09-08,119.04000091552734,91.42841339111328
2011-09-09,115.91999816894531,89.0321273803711
2011-09-12,116.66999816894531,89.60814666748047
2011-09-13,117.73999786376953,90.429931640625
2011-09-14,119.37000274658203,91.68185424804688
2011-09-15,121.43000030517578,93.26404571533203
2011-09-16,121.5199966430664,93.8160400390625
2011-09-19,120.30999755859375,92.88188171386719
2011-09-20,120.16999816894531,92.7738265991211
2011-09-21,116.62999725341797,90.04087829589844
2011-09-22,112.86000061035156,87.13035583496094
2011-09-23,113.54000091552734,87.65534973144531
2011-09-26,116.23999786376953,89.73976135253906
2011-09-27,117.54000091552734,90.7433853149414
2011-09-28,115.13999938964844,88.89054870605469
2011-09-29,116.05000305175781,89.59313201904297
2011-09-30,113.1500015258789,87.35423278808594
2011-10-03,109.93000030517578,84.86833190917969
2011-10-04,112.33999633789062,86.72888946533203
2011-10-05,114.41999816894531,88.33466339111328
2011-10-06,116.48999786376953,89.93280029296875
2011-10-07,115.70999908447266,89.33062744140625
2011-10-10,119.58000183105469,92.31832885742188
2011-10-11,119.69999694824219,92.41097259521484
2011-10-12,120.75,93.22159576416016
2011-10-13,120.51000213623047,93.03628540039062
2011-10-14,122.56999969482422,94.62667846679688
2011-10-17,120.2300033569336,92.82014465332031
2011-10-18,122.58000183105469,94.63439178466797
2011-10-19,121.12999725341797,93.51496124267578
2011-10-20,121.66000366210938,93.9240951538086
2011-10-21,123.97000122070312,95.70751190185547
2011-10-24,125.48999786376953,96.88095092773438
2011-10-25,123.05000305175781,94.99725341796875
2011-10-26,124.30000305175781,95.96224212646484
2011-10-27,128.6300048828125,99.30512237548828
2011-10-28,128.60000610351562,99.28194427490234
2011-10-31,125.5,96.8886947631836
2011-11-01,122.0,94.18660736083984
2011-11-02,123.98999786376953,95.72295379638672
2011-11-03,126.25,97.46771240234375
2011-11-04,125.4800033569336,96.87327575683594
2011-11-07,126.26000213623047,97.47542572021484
2011-11-08,127.87999725341797,98.72612762451172
2011-11-09,123.16000366210938,95.08216857910156
2011-11-10,124.31999969482422,95.97766876220703
2011-11-11,126.66000366210938,97.78424835205078
2011-11-14,125.45999908447266,96.85779571533203
2011-11-15,126.08000183105469,97.33648681640625
2011-11-16,124.08000183105469,95.79242706298828
2011-11-17,122.11000061035156,94.27155303955078
2011-11-18,121.9800033569336,94.17118072509766
2011-11-21,119.66000366210938,92.38008880615234
2011-11-22,119.19000244140625,92.01721954345703
2011-11-23,116.55999755859375,89.98682403564453
2011-11-25,116.33999633789062,89.81697845458984
2011-11-28,119.70999908447266,92.41868591308594
2011-11-29,120.05000305175781,92.68116760253906
2011-11-30,124.98999786376953,96.49494934082031
2011-12-01,124.97000122070312,96.47953796386719
2011-12-02,124.86000061035156,96.39459991455078
2011-12-05,126.22000122070312,97.44454956054688
2011-12-06,126.26000213623047,97.47542572021484
2011-12-07,126.7300033569336,97.8382797241211
2011-12-08,123.94999694824219,95.6920394897461
2011-12-09,126.05000305175781,97.31329345703125
2011-12-12,124.20999908447266,95.89279174804688
2011-12-13,123.05000305175781,94.99725341796875
2011-12-14,121.73999786376953,93.98589324951172
2011-12-15,122.18000030517578,94.32556915283203
2011-12-16,121.58999633789062,94.46542358398438
2011-12-19,120.29000091552734,93.45542907714844
2011-12-20,123.93000030517578,96.28340911865234
2011-12-21,124.16999816894531,96.4698715209961
2011-12-22,125.2699966430664,97.32447052001953
2011-12-23,126.38999938964844,98.19464874267578
2011-12-27,126.48999786376953,98.27230834960938
2011-12-28,124.83000183105469,96.98265075683594
2011-12-29,126.12000274658203,97.98486328125
2011-12-30,125.5,97.50318145751953
2012-01-03,127.5,99.05701446533203
2012-01-04,127.69999694824219,99.21240234375
2012-01-05,128.0399932861328,99.4765396118164
2012-01-06,127.70999908447266,99.22015380859375
2012-01-09,128.02000427246094,99.46101379394531
2012-01-10,129.1300048828125,100.32339477539062
2012-01-11,129.1999969482422,100.37775421142578
2012-01-12,129.50999450683594,100.61861419677734
2012-01-13,128.83999633789062,100.09807586669922
2012-01-17,129.33999633789062,100.48653411865234
2012-01-18,130.77000427246094,101.59752655029297
2012-01-19,131.4600067138672,102.13362121582031
2012-01-20,131.9499969482422,102.51431274414062
2012-01-23,131.61000061035156,102.2501449584961
2012-01-24,131.4600067138672,102.13362121582031
2012-01-25,132.55999755859375,102.9881820678711
2012-01-26,131.8800048828125,102.45993041992188
2012-01-27,131.82000732421875,102.41326904296875
2012-01-30,131.3699951171875,102.06369018554688
2012-01-31,131.32000732421875,102.02487182617188
2012-02-01,132.47000122070312,102.91828155517578
2012-02-02,132.67999267578125,103.08145141601562
2012-02-03,134.5399932861328,104.52652740478516
2012-02-06,134.4499969482422,104.45659637451172
2012-02-07,134.7899932861328,104.72073364257812
2012-02-08,135.19000244140625,105.03150177001953
2012-02-09,135.36000061035156,105.16358947753906
2012-02-10,134.36000061035156,104.38664245605469
2012-02-13,135.36000061035156,105.16358947753906
2012-02-14,135.19000244140625,105.03150177001953
2012-02-15,134.55999755859375,104.54204559326172
2012-02-16,136.0500030517578,105.69967651367188
2012-02-17,136.41000366210938,105.97933197021484
2012-02-21,136.47000122070312,106.02593994140625
2012-02-22,136.02999877929688,105.68413543701172
2012-02-23,136.6300048828125,106.1502456665039
2012-02-24,136.92999267578125,106.38335418701172
2012-02-27,137.16000366210938,106.56202697753906
2012-02-28,137.55999755859375,106.872802734375
2012-02-29,137.02000427246094,106.45329284667969
2012-03-01,137.72999572753906,107.00489044189453
2012-03-02,137.30999755859375,106.6785659790039
2012-03-05,136.75,106.24349975585938
2012-03-06,134.75,104.6896743774414
2012-03-07,135.69000244140625,105.4199447631836
2012-03-08,137.0399932861328,106.46879577636719
2012-03-09,137.57000732421875,106.88056945800781
2012-03-12,137.5800018310547,106.88835144042969
2012-03-13,140.05999755859375,108.81513214111328
2012-03-14,139.91000366210938,108.69859313964844
2012-03-15,140.72000122070312,109.3279037475586
2012-03-16,140.3000030517578,109.47925567626953
2012-03-19,140.85000610351562,109.90840148925781
2012-03-20,140.44000244140625,109.58849334716797
2012-03-21,140.2100067138672,109.40902709960938
2012-03-22,139.1999969482422,108.62089538574219
2012-03-23,139.64999389648438,108.97201538085938
2012-03-26,141.61000061035156,110.50147247314453
2012-03-27,141.1699981689453,110.15811157226562
2012-03-28,140.47000122070312,109.61193084716797
2012-03-29,140.22999572753906,109.42461395263672
2012-03-30,140.80999755859375,109.87724304199219
2012-04-02,141.83999633789062,110.68094635009766
2012-04-03,141.25999450683594,110.22835540771484
2012-04-04,139.86000061035156,109.13594055175781
2012-04-05,139.7899932861328,109.08125305175781
2012-04-09,138.22000122070312,107.85619354248047
2012-04-10,135.89999389648438,106.04582977294922
2012-04-11,137.0,106.9041748046875
2012-04-12,138.7899932861328,108.30098724365234
2012-04-13,137.13999938964844,107.01342010498047
2012-04-16,137.0500030517578,106.94319152832031
2012-04-17,139.0800018310547,108.52725219726562
2012-04-18,138.61000061035156,108.16045379638672
2012-04-19,137.72000122070312,107.46601867675781
2012-04-20,137.9499969482422,107.6454849243164
2012-04-23,136.7899932861328,106.74031829833984
2012-04-24,137.30999755859375,107.14608001708984
2012-04-25,139.19000244140625,108.61309814453125
2012-04-26,140.16000366210938,109.3699951171875
2012-04-27,140.38999938964844,109.54944610595703
2012-04-30,139.8699951171875,109.14372253417969
2012-05-01,140.74000549316406,109.82260131835938
2012-05-02,140.32000732421875,109.49488067626953
2012-05-03,139.25,108.6598892211914
2012-05-04,137.0,106.9041748046875
2012-05-07,137.10000610351562,106.98222351074219
2012-05-08,136.5500030517578,106.55303955078125
2012-05-09,135.74000549316406,105.92098236083984
2012-05-10,136.02000427246094,106.13947296142578
2012-05-11,135.61000061035156,105.81951141357422
2012-05-14,134.11000061035156,104.6490478515625
2012-05-15,133.33999633789062,104.0481948852539
2012-05-16,132.8300018310547,103.65023040771484
2012-05-17,130.86000061035156,102.11300659179688
2012-05-18,129.74000549316406,101.23906707763672
2012-05-21,131.97000122070312,102.97917938232422
2012-05-22,132.1999969482422,103.15863037109375
2012-05-23,132.27000427246094,103.21328735351562
2012-05-24,132.52999877929688,103.41617584228516
2012-05-25,132.10000610351562,103.08059692382812
2012-05-29,133.6999969482422,104.32911682128906
2012-05-30,131.75999450683594,102.81529998779297
2012-05-31,131.47000122070312,102.5889892578125
2012-06-01,128.16000366210938,100.00613403320312
2012-06-04,128.10000610351562,99.9593276977539
2012-06-05,129.07000732421875,100.71621704101562
2012-06-06,131.97000122070312,102.97917938232422
2012-06-07,132.0500030517578,103.04161834716797
2012-06-08,133.10000610351562,103.86094665527344
2012-06-11,131.41000366210938,102.54218292236328
2012-06-12,132.9199981689453,103.720458984375
2012-06-13,132.07000732421875,103.05718994140625
2012-06-14,133.47000122070312,104.1496353149414
2012-06-15,134.13999938964844,105.21480560302734
2012-06-18,134.39999389648438,105.41879272460938
2012-06-19,135.6999969482422,106.43841552734375
2012-06-20,135.47999572753906,106.265869140625
2012-06-21,132.44000244140625,103.88140869140625
2012-06-22,133.4600067138672,104.68145751953125
2012-06-25,131.32000732421875,103.00293731689453
2012-06-26,131.97999572753906,103.52059173583984
2012-06-27,133.1699981689453,104.4540023803711
2012-06-28,132.7899932861328,104.15589904785156
2012-06-29,136.10000610351562,106.75218963623047
2012-07-02,136.50999450683594,107.07377624511719
2012-07-03,137.41000366210938,107.7796630859375
2012-07-05,136.7899932861328,107.29338073730469
2012-07-06,135.49000549316406,106.27371215820312
2012-07-09,135.32000732421875,106.14035034179688
2012-07-10,134.13999938964844,105.21480560302734
2012-07-11,134.16000366210938,105.23050689697266
2012-07-12,133.50999450683594,104.72065734863281
2012-07-13,135.75,106.4776382446289
2012-07-16,135.42999267578125,106.22660827636719
2012-07-17,136.36000061035156,106.95611572265625
2012-07-18,137.3699951171875,107.74832916259766
2012-07-19,137.72999572753906,108.03070068359375
2012-07-20,136.47000122070312,107.04237365722656
2012-07-23,135.08999633789062,105.95997619628906
2012-07-24,133.92999267578125,105.05008697509766
2012-07-25,133.9600067138672,105.07364654541016
2012-07-26,136.1699981689453,106.80707550048828
2012-07-27,138.67999267578125,108.77581787109375
2012-07-30,138.67999267578125,108.77581787109375
2012-07-31,137.7100067138672,108.0150146484375
2012-08-01,137.58999633789062,107.9208755493164
2012-08-02,136.63999938964844,107.17570495605469
2012-08-03,139.35000610351562,109.3013916015625
2012-08-06,139.6199951171875,109.51312255859375
2012-08-07,140.32000732421875,110.06222534179688
2012-08-08,140.49000549316406,110.1955337524414
2012-08-09,140.61000061035156,110.28965759277344
2012-08-10,140.83999633789062,110.47003936767578
2012-08-13,140.77000427246094,110.41514587402344
2012-08-14,140.7899932861328,110.43085479736328
2012-08-15,140.9499969482422,110.55635070800781
2012-08-16,141.99000549316406,111.37207794189453
2012-08-17,142.17999267578125,111.5210952758789
2012-08-20,142.19000244140625,111.52894592285156
2012-08-21,141.75999450683594,111.1916732788086
2012-08-22,141.82000732421875,111.23876953125
2012-08-23,140.66000366210938,110.32887268066406
2012-08-24,141.50999450683594,110.99559783935547
2012-08-27,141.5399932861328,111.01911926269531
2012-08-28,141.39999389648438,110.90930938720703
2012-08-29,141.50999450683594,110.99559783935547
2012-08-30,140.49000549316406,110.1955337524414
2012-08-31,141.16000366210938,110.72106170654297
2012-09-04,141.02999877929688,110.619140625
2012-09-05,140.91000366210938,110.52499389648438
2012-09-06,143.77000427246094,112.76824951171875
2012-09-07,144.3300018310547,113.20751190185547
2012-09-10,143.50999450683594,112.5643539428711
2012-09-11,143.91000366210938,112.8780746459961
2012-09-12,144.38999938964844,113.25457000732422
2012-09-13,146.58999633789062,114.98021697998047
2012-09-14,147.24000549316406,115.489990234375
2012-09-17,146.74000549316406,115.0978012084961
2012-09-18,146.6199951171875,115.00370788574219
2012-09-19,146.6999969482422,115.0664291381836
2012-09-20,146.7100067138672,115.0743179321289
2012-09-21,145.8699951171875,115.02615356445312
2012-09-24,145.64999389648438,114.85269927978516
2012-09-25,144.10000610351562,113.63047790527344
2012-09-26,143.2899932861328,112.9917221069336
2012-09-27,144.63999938964844,114.05630493164062
2012-09-28,143.97000122070312,113.52793884277344
2012-10-01,144.35000610351562,113.82759094238281
2012-10-02,144.5,113.94590759277344
2012-10-03,145.08999633789062,114.41111755371094
2012-10-04,146.1300048828125,115.231201171875
2012-10-05,146.13999938964844,115.23908996582031
2012-10-08,145.63999938964844,114.84481811523438
2012-10-09,144.1999969482422,113.70933532714844
2012-10-10,143.27999877929688,112.98385620117188
2012-10-11,143.36000061035156,113.04691314697266
2012-10-12,142.88999938964844,112.67631530761719
2012-10-15,144.0800018310547,113.6147232055664
2012-10-16,145.5399932861328,114.76591491699219
2012-10-17,146.1999969482422,115.28641510009766
2012-10-18,145.82000732421875,114.98675537109375
2012-10-19,143.38999938964844,113.07056427001953
2012-10-22,143.41000366210938,113.08636474609375
2012-10-23,141.4199981689453,111.51710510253906
2012-10-24,141.02000427246094,111.20171356201172
2012-10-25,141.42999267578125,111.52500915527344
2012-10-26,141.35000610351562,111.46195220947266
2012-10-31,141.35000610351562,111.46195220947266
2012-11-01,142.8300018310547,112.6290054321289
2012-11-02,141.55999755859375,111.6275405883789
2012-11-05,141.85000610351562,111.85623168945312
2012-11-06,142.9600067138672,112.73153686523438
2012-11-07,139.72000122070312,110.17659759521484
2012-11-08,138.0399932861328,108.85182189941406
2012-11-09,138.16000366210938,108.94646453857422
2012-11-12,138.27000427246094,109.03321075439453
2012-11-13,137.7899932861328,108.65467834472656
2012-11-14,135.92999267578125,107.18797302246094
2012-11-15,135.6999969482422,107.00662231445312
2012-11-16,136.3699951171875,107.53495025634766
2012-11-19,139.1300048828125,109.71133422851562
2012-11-20,139.19000244140625,109.75867462158203
2012-11-21,139.4499969482422,109.96371459960938
2012-11-23,141.35000610351562,111.46195220947266
2012-11-26,141.0500030517578,111.2253646850586
2012-11-27,140.3300018310547,110.65764617919922
2012-11-28,141.4600067138672,111.54869079589844
2012-11-29,142.1199951171875,112.06915283203125
2012-11-30,142.14999389648438,112.0927505493164
2012-12-03,141.4499969482422,111.54077911376953
2012-12-04,141.25,111.38304901123047
2012-12-05,141.5,111.5802001953125
2012-12-06,141.97999572753906,111.9587173461914
2012-12-07,142.41000366210938,112.29778289794922
2012-12-10,142.47000122070312,112.34510040283203
2012-12-11,143.44000244140625,113.11000061035156
2012-12-12,143.50999450683594,113.16522979736328
2012-12-13,142.6300048828125,112.47132873535156
2012-12-14,142.10000610351562,112.05335998535156
2012-12-17,143.77000427246094,113.37022399902344
2012-12-18,145.3699951171875,114.63191986083984
2012-12-19,144.2899932861328,113.78026580810547
2012-12-20,145.1199951171875,114.43478393554688
2012-12-21,142.7899932861328,113.39604187011719
2012-12-24,142.35000610351562,113.04659271240234
2012-12-26,141.75,112.57012176513672
2012-12-27,141.55999755859375,112.41925048828125
2012-12-28,140.02999877929688,111.20417785644531
2012-12-31,142.41000366210938,113.09424591064453
2013-01-02,146.05999755859375,115.99291229248047
2013-01-03,145.72999572753906,115.7308349609375
2013-01-04,146.3699951171875,116.23909759521484
2013-01-07,145.97000122070312,115.92142486572266
2013-01-08,145.5500030517578,115.58790588378906
2013-01-09,145.9199981689453,115.88168334960938
2013-01-10,147.0800018310547,116.80290985107422
2013-01-11,147.07000732421875,116.79498291015625
2013-01-14,146.97000122070312,116.71558380126953
2013-01-15,147.07000732421875,116.79498291015625
2013-01-16,147.0500030517578,116.77910614013672
2013-01-17,148.0,117.53350830078125
2013-01-18,148.3300018310547,117.79559326171875
2013-01-22,149.1300048828125,118.43087768554688
2013-01-23,149.3699951171875,118.62152862548828
2013-01-24,149.41000366210938,118.65328216552734
2013-01-25,150.25,119.32035064697266
2013-01-28,150.07000732421875,119.17739868164062
2013-01-29,150.66000366210938,119.64595031738281
2013-01-30,150.07000732421875,119.17739868164062
2013-01-31,149.6999969482422,118.88355255126953
2013-02-01,151.24000549316406,120.10658264160156
2013-02-04,149.5399932861328,118.75651550292969
2013-02-05,151.0500030517578,119.95568084716797
2013-02-06,151.16000366210938,120.04303741455078
2013-02-07,150.9600067138672,119.88420104980469
2013-02-08,151.8000030517578,120.55125427246094
2013-02-11,151.77000427246094,120.52745056152344
2013-02-12,152.02000427246094,120.72599029541016
2013-02-13,152.14999389648438,120.82923126220703
2013-02-14,152.2899932861328,120.94042205810547
2013-02-15,152.11000061035156,120.7974853515625
2013-02-19,153.25,121.70279693603516
2013-02-20,151.33999633789062,120.18597412109375
2013-02-21,150.4199981689453,119.45537567138672
2013-02-22,151.88999938964844,120.62277221679688
2013-02-25,149.0,118.32768249511719
2013-02-26,150.02000427246094,119.13770294189453
2013-02-27,151.91000366210938,120.63868713378906
2013-02-28,151.61000061035156,120.40044403076172
2013-03-01,152.11000061035156,120.7974853515625
2013-03-04,152.9199981689453,121.44076538085938
2013-03-05,154.2899932861328,122.52873992919922
2013-03-06,154.5,122.69547271728516
2013-03-07,154.77999877929688,122.91783905029297
2013-03-08,155.44000244140625,123.4419937133789
2013-03-11,156.02999877929688,123.91049194335938
2013-03-12,155.67999267578125,123.63257598876953
2013-03-13,155.89999389648438,123.80728912353516
2013-03-14,156.72999572753906,124.46644592285156
2013-03-15,155.8300018310547,124.30210876464844
2013-03-18,154.97000122070312,123.6160659790039
2013-03-19,154.61000061035156,123.3289566040039
2013-03-20,155.69000244140625,124.19043731689453
2013-03-21,154.36000061035156,123.1295166015625
2013-03-22,155.60000610351562,124.11861419677734
2013-03-25,154.9499969482422,123.60011291503906
2013-03-26,156.19000244140625,124.58924865722656
2013-03-27,156.19000244140625,124.58924865722656
2013-03-28,156.6699981689453,124.97215270996094
2013-04-01,156.0500030517578,124.47757720947266
2013-04-02,156.82000732421875,125.09181213378906
2013-04-03,155.22999572753906,123.82351684570312
2013-04-04,155.86000061035156,124.32603454589844
2013-04-05,155.16000366210938,123.76763916015625
2013-04-08,156.2100067138672,124.60527038574219
2013-04-09,156.75,125.03597259521484
2013-04-10,158.6699981689453,126.56753540039062
2013-04-11,159.19000244140625,126.98226165771484
2013-04-12,158.8000030517578,126.67121887207031
2013-04-15,155.1199951171875,123.73571014404297
2013-04-16,157.41000366210938,125.56246948242188
2013-04-17,155.11000061035156,123.7278060913086
2013-04-18,154.13999938964844,122.95398712158203
2013-04-19,155.47999572753906,124.02291870117188
2013-04-22,156.1699981689453,124.57331085205078
2013-04-23,157.77999877929688,125.85762023925781
2013-04-24,157.8800048828125,125.93733215332031
2013-04-25,158.52000427246094,126.44783782958984
2013-04-26,158.24000549316406,126.22447204589844
2013-04-29,159.3000030517578,127.0700454711914
2013-04-30,159.67999267578125,127.3731689453125
2013-05-01,158.27999877929688,126.25640869140625
2013-05-02,159.75,127.42896270751953
2013-05-03,161.3699951171875,128.72120666503906
2013-05-06,161.77999877929688,129.04833984375
2013-05-07,162.60000610351562,129.70245361328125
2013-05-08,163.33999633789062,130.2926483154297
2013-05-09,162.8800048828125,129.92576599121094
2013-05-10,163.41000366210938,130.34848022460938
2013-05-13,163.5399932861328,130.45220947265625
2013-05-14,165.22999572753906,131.80026245117188
2013-05-15,166.1199951171875,132.51016235351562
2013-05-16,165.33999633789062,131.88804626464844
2013-05-17,166.94000244140625,133.16427612304688
2013-05-20,166.92999267578125,133.15634155273438
2013-05-21,167.1699981689453,133.3477783203125
2013-05-22,165.92999267578125,132.358642578125
2013-05-23,165.4499969482422,131.9757537841797
2013-05-24,165.30999755859375,131.8640899658203
2013-05-28,166.3000030517578,132.65377807617188
2013-05-29,165.22000122070312,131.79226684570312
2013-05-30,165.8300018310547,132.27890014648438
2013-05-31,163.4499969482422,130.38035583496094
2013-06-03,164.35000610351562,131.0982666015625
2013-06-04,163.55999755859375,130.46810913085938
2013-06-05,161.27000427246094,128.64146423339844
2013-06-06,162.72999572753906,129.8061065673828
2013-06-07,164.8000030517578,131.45724487304688
2013-06-10,164.8000030517578,131.45724487304688
2013-06-11,163.10000610351562,130.1012420654297
2013-06-12,161.75,129.02432250976562
2013-06-13,164.2100067138672,130.98660278320312
2013-06-14,163.17999267578125,130.16497802734375
2013-06-17,164.44000244140625,131.17010498046875
2013-06-18,165.74000549316406,132.20706176757812
2013-06-19,163.4499969482422,130.38035583496094
2013-06-20,159.39999389648438,127.1498031616211
2013-06-21,159.07000732421875,127.55799865722656
2013-06-24,157.05999755859375,125.9461441040039
2013-06-25,158.57000732421875,127.15702056884766
2013-06-26,160.13999938964844,128.41600036621094
2013-06-27,161.0800018310547,129.16983032226562
2013-06-28,160.4199981689453,128.6405487060547
2013-07-01,161.36000061035156,129.3943328857422
2013-07-02,161.2100067138672,129.2739715576172
2013-07-03,161.27999877929688,129.33018493652344
2013-07-05,163.02000427246094,130.7254638671875
2013-07-08,163.9499969482422,131.4712371826172
2013-07-09,165.1300048828125,132.41744995117188
2013-07-10,165.19000244140625,132.465576171875
2013-07-11,167.44000244140625,134.2698974609375
2013-07-12,167.50999450683594,134.3260040283203
2013-07-15,168.14999389648438,134.83917236328125
2013-07-16,167.52000427246094,134.333984375
2013-07-17,167.9499969482422,134.67884826660156
2013-07-18,168.8699951171875,135.41659545898438
2013-07-19,169.1699981689453,135.65713500976562
2013-07-22,169.5,135.9217529296875
2013-07-23,169.13999938964844,135.63314819335938
2013-07-24,168.52000427246094,135.13597106933594
2013-07-25,168.92999267578125,135.4646759033203
2013-07-26,169.11000061035156,135.60903930664062
2013-07-29,168.58999633789062,135.19198608398438
2013-07-30,168.58999633789062,135.19198608398438
2013-07-31,168.7100067138672,135.288330078125
2013-08-01,170.66000366210938,136.8519744873047
2013-08-02,170.9499969482422,137.08456420898438
2013-08-05,170.6999969482422,136.88404846191406
2013-08-06,169.72999572753906,136.10621643066406
2013-08-07,169.17999267578125,135.66513061523438
2013-08-08,169.8000030517578,136.162353515625
2013-08-09,169.30999755859375,135.76942443847656
2013-08-12,169.11000061035156,135.60903930664062
2013-08-13,169.61000061035156,136.01004028320312
2013-08-14,168.74000549316406,135.3123779296875
2013-08-15,166.3800048828125,133.41989135742188
2013-08-16,165.8300018310547,132.97882080078125
2013-08-19,164.77000427246094,132.1287841796875
2013-08-20,165.5800018310547,132.7783660888672
2013-08-21,164.55999755859375,131.96044921875
2013-08-22,166.05999755859375,133.16323852539062
2013-08-23,166.6199951171875,133.61228942871094
2013-08-26,166.0,133.11517333984375
2013-08-27,163.3300018310547,130.97402954101562
2013-08-28,163.91000366210938,131.43917846679688
2013-08-29,164.1699981689453,131.64764404296875
2013-08-30,163.64999389648438,131.2306671142578
2013-09-03,164.38999938964844,131.82408142089844
2013-09-04,165.75,132.91464233398438
2013-09-05,165.9600067138672,133.0830841064453
2013-09-06,166.0399932861328,133.1471405029297
2013-09-09,167.6300048828125,134.4222412109375
2013-09-10,168.8699951171875,135.41659545898438
2013-09-11,169.39999389648438,135.8415985107422
2013-09-12,168.9499969482422,135.48074340820312
2013-09-13,169.3300018310547,135.78546142578125
2013-09-16,170.30999755859375,136.57131958007812
2013-09-17,171.07000732421875,137.18077087402344
2013-09-18,173.0500030517578,138.7684783935547
2013-09-19,172.75999450683594,138.53598022460938
2013-09-20,170.72000122070312,137.56741333007812
2013-09-23,169.92999267578125,136.9307861328125
2013-09-24,169.52999877929688,136.60848999023438
2013-09-25,169.0399932861328,136.213623046875
2013-09-26,169.69000244140625,136.73736572265625
2013-09-27,168.91000366210938,136.10885620117188
2013-09-30,168.00999450683594,135.3836669921875
2013-10-01,169.33999633789062,136.45535278320312
2013-10-02,169.17999267578125,136.32640075683594
2013-10-03,167.6199951171875,135.06942749023438
2013-10-04,168.88999938964844,136.09278869628906
2013-10-07,167.42999267578125,134.91629028320312
2013-10-08,165.47999572753906,133.344970703125
2013-10-09,165.60000610351562,133.44166564941406
2013-10-10,169.1699981689453,136.3184051513672
2013-10-11,170.25999450683594,137.1967010498047
2013-10-14,170.94000244140625,137.7446746826172
2013-10-15,169.6999969482422,136.74546813964844
2013-10-16,172.07000732421875,138.65525817871094
2013-10-17,173.22000122070312,139.58192443847656
2013-10-18,174.38999938964844,140.52471923828125
2013-10-21,174.39999389648438,140.5327911376953
2013-10-22,175.41000366210938,141.34664916992188
2013-10-23,174.57000732421875,140.66970825195312
2013-10-24,175.14999389648438,141.13710021972656
2013-10-25,175.9499969482422,141.78173828125
2013-10-28,176.22999572753906,142.00743103027344
2013-10-29,177.1699981689453,142.76487731933594
2013-10-30,176.2899932861328,142.05575561523438
2013-10-31,175.7899932861328,141.65284729003906
2013-11-01,176.2100067138672,141.9912872314453
2013-11-04,176.8300018310547,142.49087524414062
2013-11-05,176.27000427246094,142.03958129882812
2013-11-06,177.1699981689453,142.76487731933594
2013-11-07,174.92999267578125,140.95989990234375
2013-11-08,177.2899932861328,142.86151123046875
2013-11-11,177.32000732421875,142.88568115234375
2013-11-12,176.9600067138672,142.595703125
2013-11-13,178.3800048828125,143.73985290527344
2013-11-14,179.27000427246094,144.4570770263672
2013-11-15,180.0500030517578,145.08558654785156
2013-11-18,179.4199981689453,144.5779266357422
2013-11-19,179.02999877929688,144.263671875
2013-11-20,178.47000122070312,143.81239318847656
2013-11-21,179.91000366210938,144.9727783203125
2013-11-22,180.80999755859375,145.69801330566406
2013-11-25,180.6300048828125,145.55294799804688
2013-11-26,180.67999267578125,145.5933074951172
2013-11-27,181.1199951171875,145.94778442382812
2013-11-29,181.0,145.85107421875
2013-12-02,180.52999877929688,145.47238159179688
2013-12-03,179.75,144.8438262939453
2013-12-04,179.72999572753906,144.8276824951172
2013-12-05,178.94000244140625,144.1911163330078
2013-12-06,180.94000244140625,145.80270385742188
2013-12-09,181.39999389648438,146.1733856201172
2013-12-10,180.75,145.649658203125
2013-12-11,178.72000122070312,144.01385498046875
2013-12-12,178.1300048828125,143.5384521484375
2013-12-13,178.11000061035156,143.52227783203125
2013-12-16,179.22000122070312,144.416748046875
2013-12-17,178.64999389648438,143.95742797851562
2013-12-18,181.6999969482422,146.41513061523438
2013-12-19,181.49000549316406,146.2458953857422
2013-12-20,181.55999755859375,147.0966339111328
2013-12-23,182.52999877929688,147.88250732421875
2013-12-24,182.92999267578125,148.20654296875
2013-12-26,183.86000061035156,148.9600372314453
2013-12-27,183.85000610351562,148.9519805908203
2013-12-30,183.82000732421875,148.9276885986328
2013-12-31,184.69000244140625,149.63253784179688
2014-01-02,182.9199981689453,148.19845581054688
2014-01-03,182.88999938964844,148.17416381835938
2014-01-06,182.36000061035156,147.7447967529297
2014-01-07,183.47999572753906,148.6521759033203
2014-01-08,183.52000427246094,148.68460083007812
2014-01-09,183.63999938964844,148.78179931640625
2014-01-10,184.13999938964844,149.1869354248047
2014-01-13,181.69000244140625,147.20196533203125
2014-01-14,183.6699981689453,148.80612182617188
2014-01-15,184.66000366210938,149.60816955566406
2014-01-16,184.4199981689453,149.4137420654297
2014-01-17,183.63999938964844,148.78179931640625
2014-01-21,184.17999267578125,149.2193145751953
2014-01-22,184.3000030517578,149.31649780273438
2014-01-23,182.7899932861328,148.09310913085938
2014-01-24,178.88999938964844,144.93344116210938
2014-01-27,178.00999450683594,144.22047424316406
2014-01-28,179.07000732421875,145.07923889160156
2014-01-29,177.35000610351562,143.68569946289062
2014-01-30,179.22999572753906,145.20892333984375
2014-01-31,178.17999267578125,144.35816955566406
2014-02-03,174.1699981689453,141.10943603515625
2014-02-04,175.38999938964844,142.09780883789062
2014-02-05,175.1699981689453,141.91958618164062
2014-02-06,177.47999572753906,143.79110717773438
2014-02-07,179.67999267578125,145.5734405517578
2014-02-10,180.00999450683594,145.8408660888672
2014-02-11,181.97999572753906,147.43690490722656
2014-02-12,182.07000732421875,147.50985717773438
2014-02-13,183.00999450683594,148.27139282226562
2014-02-14,184.02000427246094,149.08966064453125
2014-02-18,184.24000549316406,149.2679443359375
2014-02-19,183.02000427246094,148.2794647216797
2014-02-20,184.10000610351562,149.154541015625
2014-02-21,183.88999938964844,148.9843292236328
2014-02-24,184.91000366210938,149.81072998046875
2014-02-25,184.83999633789062,149.75401306152344
2014-02-26,184.85000610351562,149.76210021972656
2014-02-27,185.82000732421875,150.54800415039062
2014-02-28,186.2899932861328,150.92877197265625
2014-03-03,184.97999572753906,149.86737060546875
2014-03-04,187.5800018310547,151.97389221191406
2014-03-05,187.75,152.11163330078125
2014-03-06,188.17999267578125,152.46006774902344
2014-03-07,188.25999450683594,152.52487182617188
2014-03-10,188.16000366210938,152.44383239746094
2014-03-11,187.22999572753906,151.6903839111328
2014-03-12,187.27999877929688,151.73086547851562
2014-03-13,185.17999267578125,150.02947998046875
2014-03-14,184.66000366210938,149.60816955566406
2014-03-17,186.3300018310547,150.96121215820312
2014-03-18,187.66000366210938,152.03875732421875
2014-03-19,186.66000366210938,151.22854614257812
2014-03-20,187.75,152.11163330078125
2014-03-21,186.1999969482422,151.52163696289062
2014-03-24,185.42999267578125,150.89508056640625
2014-03-25,186.30999755859375,151.6112060546875
2014-03-26,184.97000122070312,150.52069091796875
2014-03-27,184.5800018310547,150.20338439941406
2014-03-28,185.49000549316406,150.9438934326172
2014-03-31,187.00999450683594,152.1807861328125
2014-04-01,188.25,153.1898651123047
2014-04-02,188.8800048828125,153.7025604248047
2014-04-03,188.6300048828125,153.4990692138672
2014-04-04,186.39999389648438,151.68443298339844
2014-04-07,184.33999633789062,150.008056640625
2014-04-08,185.10000610351562,150.62648010253906
2014-04-09,187.08999633789062,152.24591064453125
2014-04-10,183.16000366210938,149.04786682128906
2014-04-11,181.50999450683594,147.70510864257812
2014-04-14,182.94000244140625,148.8688507080078
2014-04-15,184.1999969482422,149.89413452148438
2014-04-16,186.1300048828125,151.46473693847656
2014-04-17,186.38999938964844,151.67630004882812
2014-04-21,187.0399932861328,152.20530700683594
2014-04-22,187.88999938964844,152.89695739746094
2014-04-23,187.4499969482422,152.53883361816406
2014-04-24,187.8300018310547,152.84811401367188
2014-04-25,186.2899932861328,151.59486389160156
2014-04-28,186.8800048828125,152.07501220703125
2014-04-29,187.75,152.78297424316406
2014-04-30,188.30999755859375,153.2386932373047
2014-05-01,188.3300018310547,153.25494384765625
2014-05-02,188.05999755859375,153.03524780273438
2014-05-05,188.4199981689453,153.32821655273438
2014-05-06,186.77999877929688,151.99363708496094
2014-05-07,187.8800048828125,152.8888702392578
2014-05-08,187.67999267578125,152.7259979248047
2014-05-09,187.9600067138672,152.95384216308594
2014-05-12,189.7899932861328,154.4430389404297
2014-05-13,189.9600067138672,154.58143615722656
2014-05-14,189.05999755859375,153.8489990234375
2014-05-15,187.39999389648438,152.49819946289062
2014-05-16,188.0500030517578,153.027099609375
2014-05-19,188.74000549316406,153.58863830566406
2014-05-20,187.5500030517578,152.62030029296875
2014-05-21,189.1300048828125,153.90597534179688
2014-05-22,189.58999633789062,154.28030395507812
2014-05-23,190.35000610351562,154.8987579345703
2014-05-27,191.52000427246094,155.85089111328125
2014-05-28,191.3800048828125,155.7369384765625
2014-05-29,192.3699951171875,156.54254150390625
2014-05-30,192.67999267578125,156.7947998046875
2014-06-02,192.89999389648438,156.973876953125
2014-06-03,192.8000030517578,156.89247131347656
2014-06-04,193.19000244140625,157.20985412597656
2014-06-05,194.4499969482422,158.23516845703125
2014-06-06,195.3800048828125,158.9919891357422
2014-06-09,195.5800018310547,159.1547393798828
2014-06-10,195.60000610351562,159.17092895507812
2014-06-11,194.9199981689453,158.61764526367188
2014-06-12,193.5399932861328,157.49465942382812
2014-06-13,194.1300048828125,157.97479248046875
2014-06-16,194.2899932861328,158.1049346923828
2014-06-17,194.8300018310547,158.54441833496094
2014-06-18,196.25999450683594,159.70806884765625
2014-06-19,196.47999572753906,159.88711547851562
2014-06-20,195.94000244140625,160.2117462158203
2014-06-23,195.8800048828125,160.16268920898438
2014-06-24,194.6999969482422,159.1978302001953
2014-06-25,195.5800018310547,159.9174041748047
2014-06-26,195.44000244140625,159.80291748046875
2014-06-27,195.82000732421875,160.1136016845703
2014-06-30,195.72000122070312,160.03184509277344
2014-07-01,197.02999877929688,161.1029510498047
2014-07-02,197.22999572753906,161.26649475097656
2014-07-03,198.1999969482422,162.05963134765625
2014-07-07,197.50999450683594,161.4954376220703
2014-07-08,196.24000549316406,160.45704650878906
2014-07-09,197.1199951171875,161.17652893066406
2014-07-10,196.33999633789062,160.5387420654297
2014-07-11,196.61000061035156,160.7595977783203
2014-07-14,197.60000610351562,161.5690460205078
2014-07-15,197.22999572753906,161.26649475097656
2014-07-16,197.9600067138672,161.86341857910156
2014-07-17,195.7100067138672,160.02365112304688
2014-07-18,197.7100067138672,161.65895080566406
2014-07-21,197.33999633789062,161.3564453125
2014-07-22,198.1999969482422,162.05963134765625
2014-07-23,198.63999938964844,162.41937255859375
2014-07-24,198.64999389648438,162.42755126953125
2014-07-25,197.72000122070312,161.6671142578125
2014-07-28,197.8000030517578,161.73251342773438
2014-07-29,196.9499969482422,161.0375213623047
2014-07-30,196.97999572753906,161.0620574951172
2014-07-31,193.08999633789062,157.8813934326172
2014-08-01,192.5,157.39898681640625
2014-08-04,193.88999938964844,158.53553771972656
2014-08-05,192.00999450683594,156.99827575683594
2014-08-06,192.07000732421875,157.04736328125
2014-08-07,191.02999877929688,156.19703674316406
2014-08-08,193.24000549316406,158.00401306152344
2014-08-11,193.8000030517578,158.46188354492188
2014-08-12,193.52999877929688,158.24111938476562
2014-08-13,194.83999633789062,159.3123016357422
2014-08-14,195.75999450683594,160.0645294189453
2014-08-15,195.72000122070312,160.03184509277344
2014-08-18,197.36000061035156,161.37281799316406
2014-08-19,198.38999938964844,162.21495056152344
2014-08-20,198.9199981689453,162.64828491210938
2014-08-21,199.5,163.12257385253906
2014-08-22,199.19000244140625,162.8690948486328
2014-08-25,200.1999969482422,163.69493103027344
2014-08-26,200.3300018310547,163.8011932373047
2014-08-27,200.25,163.73583984375
2014-08-28,200.13999938964844,163.6458740234375
2014-08-29,200.7100067138672,164.11195373535156
2014-09-02,200.61000061035156,164.0301055908203
2014-09-03,200.5,163.94029235839844
2014-09-04,200.2100067138672,163.70309448242188
2014-09-05,201.11000061035156,164.4390106201172
2014-09-08,200.58999633789062,164.01380920410156
2014-09-09,199.32000732421875,162.97540283203125
2014-09-10,200.07000732421875,163.58860778808594
2014-09-11,200.3000030517578,163.77671813964844
2014-09-12,199.1300048828125,162.82005310058594
2014-09-15,198.97999572753906,162.6973876953125
2014-09-16,200.47999572753906,163.9238739013672
2014-09-17,200.75,164.1446533203125
2014-09-18,201.82000732421875,165.01951599121094
2014-09-19,200.6999969482422,164.870849609375
2014-09-22,199.14999389648438,163.5975341796875
2014-09-23,198.00999450683594,162.66107177734375
2014-09-24,199.55999755859375,163.93434143066406
2014-09-25,196.33999633789062,161.28919982910156
2014-09-26,197.89999389648438,162.57066345214844
2014-09-29,197.5399932861328,162.27496337890625
2014-09-30,197.02000427246094,161.84780883789062
2014-10-01,194.35000610351562,159.65443420410156
2014-10-02,194.3800048828125,159.67913818359375
2014-10-03,196.52000427246094,161.43707275390625
2014-10-06,196.2899932861328,161.24815368652344
2014-10-07,193.25999450683594,158.75901794433594
2014-10-08,196.63999938964844,161.53567504882812
2014-10-09,192.74000549316406,158.33189392089844
2014-10-10,190.5399932861328,156.52456665039062
2014-10-13,187.41000366210938,153.95339965820312
2014-10-14,187.6999969482422,154.191650390625
2014-10-15,186.42999267578125,153.14834594726562
2014-10-16,186.27000427246094,153.01687622070312
2014-10-17,188.47000122070312,154.82420349121094
2014-10-20,190.3000030517578,156.3274688720703
2014-10-21,194.07000732421875,159.42440795898438
2014-10-22,192.69000244140625,158.29083251953125
2014-10-23,194.92999267578125,160.13088989257812
2014-10-24,196.42999267578125,161.36309814453125
2014-10-27,196.16000366210938,161.141357421875
2014-10-28,198.41000366210938,162.98960876464844
2014-10-29,198.11000061035156,162.7432098388672
2014-10-30,199.3800048828125,163.7864990234375
2014-10-31,201.66000366210938,165.6594696044922
2014-11-03,201.77000427246094,165.74977111816406
2014-11-04,201.07000732421875,165.17481994628906
2014-11-05,202.33999633789062,166.21807861328125
2014-11-06,203.14999389648438,166.8834686279297
2014-11-07,203.33999633789062,167.0395965576172
2014-11-10,203.97999572753906,167.56529235839844
2014-11-11,204.17999267578125,167.72959899902344
2014-11-12,203.9600067138672,167.54885864257812
2014-11-13,204.19000244140625,167.7378387451172
2014-11-14,204.24000549316406,167.77883911132812
2014-11-17,204.3699951171875,167.8856658935547
2014-11-18,205.5500030517578,168.85499572753906
2014-11-19,205.22000122070312,168.5839080810547
2014-11-20,205.5800018310547,168.87960815429688
2014-11-21,206.67999267578125,169.78329467773438
2014-11-24,207.25999450683594,170.25978088378906
2014-11-25,207.11000061035156,170.1365509033203
2014-11-26,207.63999938964844,170.5718994140625
2014-11-28,207.1999969482422,170.2104949951172
2014-12-01,205.75999450683594,169.02755737304688
2014-12-02,207.08999633789062,170.12010192871094
2014-12-03,207.88999938964844,170.7772979736328
2014-12-04,207.66000366210938,170.5883331298828
2014-12-05,208.0,170.86767578125
2014-12-08,206.61000061035156,169.72576904296875
2014-12-09,206.47000122070312,169.61077880859375
2014-12-10,203.16000366210938,166.8916473388672
2014-12-11,204.19000244140625,167.7378387451172
2014-12-12,200.88999938964844,165.02691650390625
2014-12-15,199.50999450683594,163.89324951171875
2014-12-16,197.91000366210938,162.5789031982422
2014-12-17,201.7899932861328,165.7662353515625
2014-12-18,206.77999877929688,169.86541748046875
2014-12-19,206.52000427246094,170.58816528320312
2014-12-22,207.47000122070312,171.37298583984375
2014-12-23,207.75,171.60421752929688
2014-12-24,207.77000427246094,171.62069702148438
2014-12-26,208.44000244140625,172.17413330078125
2014-12-29,208.72000122070312,172.40542602539062
2014-12-30,207.60000610351562,171.4802703857422
2014-12-31,205.5399932861328,169.77870178222656
2015-01-02,205.42999267578125,169.68785095214844
2015-01-05,201.72000122070312,166.62335205078125
2015-01-06,199.82000732421875,165.053955078125
2015-01-07,202.30999755859375,167.11070251464844
2015-01-08,205.89999389648438,170.0760498046875
2015-01-09,204.25,168.71319580078125
2015-01-12,202.64999389648438,167.39151000976562
2015-01-13,202.0800018310547,166.92063903808594
2015-01-14,200.86000061035156,165.9129638671875
2015-01-15,199.02000427246094,164.3931121826172
2015-01-16,201.6300048828125,166.54896545410156
2015-01-20,202.05999755859375,166.90420532226562
2015-01-21,203.0800018310547,167.74671936035156
2015-01-22,206.10000610351562,170.2412567138672
2015-01-23,204.97000122070312,169.30787658691406
2015-01-26,205.4499969482422,169.70436096191406
2015-01-27,202.74000549316406,167.46583557128906
2015-01-28,200.13999938964844,165.31826782226562
2015-01-29,201.99000549316406,166.8463592529297
2015-01-30,199.4499969482422,164.748291015625
2015-02-02,201.9199981689453,166.7885284423828
2015-02-03,204.83999633789062,169.20045471191406
2015-02-04,204.05999755859375,168.55621337890625
2015-02-05,206.1199951171875,170.25779724121094
2015-02-06,205.5500030517578,169.78700256347656
2015-02-09,204.6300048828125,169.02703857421875
2015-02-10,206.80999755859375,170.82774353027344
2015-02-11,206.92999267578125,170.9268798828125
2015-02-12,208.9199981689453,172.5706024169922
2015-02-13,209.77999877929688,173.2809600830078
2015-02-17,210.11000061035156,173.5536346435547
2015-02-18,210.1300048828125,173.57008361816406
2015-02-19,209.97999572753906,173.44618225097656
2015-02-20,211.24000549316406,174.48695373535156
2015-02-23,211.2100067138672,174.46217346191406
2015-02-24,211.80999755859375,174.9578094482422
2015-02-25,211.6300048828125,174.8091583251953
2015-02-26,211.3800048828125,174.60264587402344
2015-02-27,210.66000366210938,174.00790405273438
2015-03-02,211.99000549316406,175.1065216064453
2015-03-03,211.1199951171875,174.38787841796875
2015-03-04,210.22999572753906,173.65274047851562
2015-03-05,210.4600067138672,173.84268188476562
2015-03-06,207.5,171.39768981933594
2015-03-09,208.36000061035156,172.10806274414062
2015-03-10,204.97999572753906,169.31614685058594
2015-03-11,204.5,168.91966247558594
2015-03-12,207.10000610351562,171.06729125976562
2015-03-13,205.8300018310547,170.0182647705078
2015-03-16,208.5800018310547,172.289794921875
2015-03-17,207.9600067138672,171.77767944335938
2015-03-18,210.4600067138672,173.84268188476562
2015-03-19,209.5,173.0497283935547
2015-03-20,210.41000366210938,174.5771942138672
2015-03-23,210.0,174.23703002929688
2015-03-24,208.82000732421875,173.2579803466797
2015-03-25,205.75999450683594,170.71908569335938
2015-03-26,205.27000427246094,170.31253051757812
2015-03-27,205.74000549316406,170.7024688720703
2015-03-30,208.25,172.7850341796875
2015-03-31,206.42999267578125,171.27499389648438
2015-04-01,205.6999969482422,170.66929626464844
2015-04-02,206.44000244140625,171.28330993652344
2015-04-06,207.8300018310547,172.43655395507812
2015-04-07,207.27999877929688,171.98020935058594
2015-04-08,207.97999572753906,172.56100463867188
2015-04-09,208.89999389648438,173.32440185546875
2015-04-10,210.0399932861328,174.270263671875
2015-04-13,209.08999633789062,173.48199462890625
2015-04-14,209.49000549316406,173.81387329101562
2015-04-15,210.42999267578125,174.59384155273438
2015-04-16,210.3699951171875,174.54397583007812
2015-04-17,207.9499969482422,172.5361328125
2015-04-20,209.85000610351562,174.1125946044922
2015-04-21,209.60000610351562,173.90509033203125
2015-04-22,210.6300048828125,174.75973510742188
2015-04-23,211.16000366210938,175.199462890625
2015-04-24,211.64999389648438,175.60601806640625
2015-04-27,210.77000427246094,174.87591552734375
2015-04-28,211.44000244140625,175.4318084716797
2015-04-29,210.57000732421875,174.70993041992188
2015-04-30,208.4600067138672,172.95932006835938
2015-05-01,210.72000122070312,174.8343963623047
2015-05-04,211.32000732421875,175.33224487304688
2015-05-05,208.89999389648438,173.32440185546875
2015-05-06,208.0399932861328,172.6107635498047
2015-05-07,208.8699951171875,173.2994384765625
2015-05-08,211.6199951171875,175.5811309814453
2015-05-11,210.61000061035156,174.74317932128906
2015-05-12,209.97999572753906,174.220458984375
2015-05-13,210.02000427246094,174.25363159179688
2015-05-14,212.2100067138672,176.07066345214844
2015-05-15,212.44000244140625,176.26150512695312
2015-05-18,213.10000610351562,176.80908203125
2015-05-19,213.02999877929688,176.75103759765625
2015-05-20,212.8800048828125,176.6265869140625
2015-05-21,213.5,177.14100646972656
2015-05-22,212.99000549316406,176.7178192138672
2015-05-26,210.6999969482422,174.8177947998047
2015-05-27,212.6999969482422,176.4772186279297
2015-05-28,212.4600067138672,176.27809143066406
2015-05-29,211.13999938964844,175.182861328125
2015-06-01,211.57000732421875,175.53968811035156
2015-06-02,211.36000061035156,175.36537170410156
2015-06-03,211.9199981689453,175.830078125
2015-06-04,210.1300048828125,174.34487915039062
2015-06-05,209.77000427246094,174.04612731933594
2015-06-08,208.47999572753906,172.97589111328125
2015-06-09,208.4499969482422,172.95098876953125
2015-06-10,210.9499969482422,175.02520751953125
2015-06-11,211.6300048828125,175.5894317626953
2015-06-12,210.00999450683594,174.24537658691406
2015-06-15,209.11000061035156,173.4985809326172
2015-06-16,210.25,174.44448852539062
2015-06-17,210.58999633789062,174.7265167236328
2015-06-18,212.77999877929688,176.54364013671875
2015-06-19,210.80999755859375,175.7598876953125
2015-06-22,211.88999938964844,176.6602783203125
2015-06-23,212.0399932861328,176.78538513183594
2015-06-24,210.5,175.5013885498047
2015-06-25,209.86000061035156,174.9678192138672
2015-06-26,209.82000732421875,174.93450927734375
2015-06-29,205.4199981689453,171.26605224609375
2015-06-30,205.85000610351562,171.6245574951172
2015-07-01,207.5,173.0001678466797
2015-07-02,207.30999755859375,172.8418426513672
2015-07-06,206.72000122070312,172.3498992919922
2015-07-07,208.02000427246094,173.4337921142578
2015-07-08,204.52999877929688,170.52398681640625
2015-07-09,204.89999389648438,170.83248901367188
2015-07-10,207.47999572753906,172.98348999023438
2015-07-13,209.77000427246094,174.892822265625
2015-07-14,210.67999267578125,175.6514892578125
2015-07-15,210.61000061035156,175.59317016601562
2015-07-16,212.3000030517578,177.00213623046875
2015-07-17,212.47999572753906,177.15219116210938
2015-07-20,212.58999633789062,177.24395751953125
2015-07-21,211.75,176.5436248779297
2015-07-22,211.3699951171875,176.22682189941406
2015-07-23,210.17999267578125,175.23460388183594
2015-07-24,208.0,173.41708374023438
2015-07-27,206.7899932861328,172.4082794189453
2015-07-28,209.3300018310547,174.5259552001953
2015-07-29,210.77000427246094,175.72653198242188
2015-07-30,210.82000732421875,175.76820373535156
2015-07-31,210.5,175.5013885498047
2015-08-03,209.7899932861328,174.90945434570312
2015-08-04,209.3800048828125,174.567626953125
2015-08-05,210.07000732421875,175.14292907714844
2015-08-06,208.35000610351562,173.70895385742188
2015-08-07,207.9499969482422,173.3754119873047
2015-08-10,210.57000732421875,175.5597381591797
2015-08-11,208.6699981689453,173.97564697265625
2015-08-12,208.9199981689453,174.18411254882812
2015-08-13,208.66000366210938,173.96731567382812
2015-08-14,209.4199981689453,174.60101318359375
2015-08-17,210.58999633789062,175.57647705078125
2015-08-18,209.97999572753906,175.06785583496094
2015-08-19,208.32000732421875,173.68392944335938
2015-08-20,203.97000122070312,170.05715942382812
2015-08-21,197.8300018310547,164.93798828125
2015-08-24,189.5,157.9929962158203
2015-08-25,187.27000427246094,156.13375854492188
2015-08-26,194.4600067138672,162.12831115722656
2015-08-27,199.27000427246094,166.13856506347656
2015-08-28,199.27999877929688,166.14691162109375
2015-08-31,197.6699981689453,164.80459594726562
2015-09-01,191.77000427246094,159.88555908203125
2015-09-02,195.41000366210938,162.92039489746094
2015-09-03,195.5500030517578,163.03709411621094
2015-09-04,192.58999633789062,160.56922912597656
2015-09-08,197.42999267578125,164.6045379638672
2015-09-09,194.7899932861328,162.4033966064453
2015-09-10,195.85000610351562,163.2871551513672
2015-09-11,196.74000549316406,164.02915954589844
2015-09-14,196.00999450683594,163.42059326171875
2015-09-15,198.4600067138672,165.46324157714844
2015-09-16,200.17999267578125,166.89723205566406
2015-09-17,199.72999572753906,166.5220489501953
2015-09-18,195.4499969482422,163.80088806152344
2015-09-21,196.4600067138672,164.64730834960938
2015-09-22,193.91000366210938,162.51023864746094
2015-09-23,193.60000610351562,162.2504425048828
2015-09-24,192.89999389648438,161.66372680664062
2015-09-25,192.85000610351562,161.62193298339844
2015-09-28,188.00999450683594,157.5656280517578
2015-09-29,188.1199951171875,157.65782165527344
2015-09-30,191.6300048828125,160.59942626953125
2015-10-01,192.1300048828125,161.0184783935547
2015-10-02,195.0,163.4237518310547
2015-10-05,198.47000122070312,166.33184814453125
2015-10-06,197.7899932861328,165.76193237304688
2015-10-07,199.41000366210938,167.1195831298828
2015-10-08,201.2100067138672,168.6281280517578
2015-10-09,201.3300018310547,168.72872924804688
2015-10-12,201.52000427246094,168.88792419433594
2015-10-13,200.25,167.82357788085938
2015-10-14,199.2899932861328,167.0190887451172
2015-10-15,202.35000610351562,169.58355712890625
2015-10-16,203.27000427246094,170.35462951660156
2015-10-19,203.3699951171875,170.43836975097656
2015-10-20,203.11000061035156,170.22047424316406
2015-10-21,201.85000610351562,169.16448974609375
2015-10-22,205.25999450683594,172.0223388671875
2015-10-23,207.50999450683594,173.90798950195312
2015-10-26,207.0,173.4805145263672
2015-10-27,206.60000610351562,173.1453399658203
2015-10-28,208.9499969482422,175.1147918701172
2015-10-29,208.8300018310547,175.01426696777344
2015-10-30,207.92999267578125,174.25999450683594
2015-11-02,210.38999938964844,176.3215789794922
2015-11-03,211.0,176.83287048339844
2015-11-04,210.36000061035156,176.29647827148438
2015-11-05,210.14999389648438,176.12051391601562
2015-11-06,210.0399932861328,176.02830505371094
2015-11-09,208.0800018310547,174.3856964111328
2015-11-10,208.55999755859375,174.78797912597656
2015-11-11,207.74000549316406,174.10076904296875
2015-11-12,204.83999633789062,171.67034912109375
2015-11-13,202.5399932861328,169.7427978515625
2015-11-16,205.6199951171875,172.32406616210938
2015-11-17,205.47000122070312,172.19833374023438
2015-11-18,208.72999572753906,174.93045043945312
2015-11-19,208.5500030517578,174.77957153320312
2015-11-20,209.30999755859375,175.41650390625
2015-11-23,209.07000732421875,175.2154083251953
2015-11-24,209.35000610351562,175.4500274658203
2015-11-25,209.32000732421875,175.42491149902344
2015-11-27,209.55999755859375,175.62603759765625
2015-11-30,208.69000244140625,174.89691162109375
2015-12-01,210.67999267578125,176.564697265625
2015-12-02,208.52999877929688,174.7628631591797
2015-12-03,205.61000061035156,172.31564331054688
2015-12-04,209.6199951171875,175.6763458251953
2015-12-07,208.35000610351562,174.612060546875
2015-12-08,206.9499969482422,173.43862915039062
2015-12-09,205.33999633789062,172.08944702148438
2015-12-10,205.8699951171875,172.53355407714844
2015-12-11,201.8800048828125,169.18960571289062
2015-12-14,202.89999389648438,170.04449462890625
2015-12-15,205.02999877929688,171.82958984375
2015-12-16,208.02999877929688,174.34381103515625
2015-12-17,204.86000061035156,171.68716430664062
2015-12-18,200.02000427246094,168.62847900390625
2015-12-21,201.6699981689453,170.01951599121094
2015-12-22,203.5,171.56231689453125
2015-12-23,206.02000427246094,173.6868438720703
2015-12-24,205.67999267578125,173.4001922607422
2015-12-28,205.2100067138672,173.0039825439453
2015-12-29,207.39999389648438,174.85028076171875
2015-12-30,205.92999267578125,173.6109619140625
2015-12-31,203.8699951171875,171.87423706054688
2016-01-04,201.02000427246094,169.47154235839844
2016-01-05,201.36000061035156,169.7581787109375
2016-01-06,198.82000732421875,167.61688232421875
2016-01-07,194.0500030517578,163.5953826904297
2016-01-08,191.9199981689453,161.79974365234375
2016-01-11,192.11000061035156,161.9599151611328
2016-01-12,193.66000366210938,163.2666778564453
2016-01-13,188.8300018310547,159.19467163085938
2016-01-14,191.92999267578125,161.8081817626953
2016-01-15,187.80999755859375,158.33482360839844
2016-01-19,188.05999755859375,158.54554748535156
2016-01-20,185.64999389648438,156.51380920410156
2016-01-21,186.69000244140625,157.39051818847656
2016-01-22,190.52000427246094,160.61944580078125
2016-01-25,187.63999938964844,158.1914520263672
2016-01-26,190.1999969482422,160.34967041015625
2016-01-27,188.1300048828125,158.60455322265625
2016-01-28,189.11000061035156,159.43075561523438
2016-01-29,193.72000122070312,163.3172149658203
2016-02-01,193.64999389648438,163.2582244873047
2016-02-02,190.16000366210938,160.31591796875
2016-02-03,191.3000030517578,161.2770538330078
2016-02-04,191.60000610351562,161.52993774414062
2016-02-05,187.9499969482422,158.45281982421875
2016-02-08,185.4199981689453,156.3198699951172
2016-02-09,185.42999267578125,156.32826232910156
2016-02-10,185.27000427246094,156.19334411621094
2016-02-11,182.86000061035156,154.16163635253906
2016-02-12,186.6300048828125,157.33995056152344
2016-02-16,189.77999877929688,159.99557495117188
2016-02-17,192.8800048828125,162.60906982421875
2016-02-18,192.08999633789062,161.94300842285156
2016-02-19,192.0,161.86715698242188
2016-02-22,194.77999877929688,164.2108612060547
2016-02-23,192.32000732421875,162.13697814941406
2016-02-24,193.1999969482422,162.8788299560547
2016-02-25,195.5399932861328,164.85162353515625
2016-02-26,195.08999633789062,164.4722137451172
2016-02-29,193.55999755859375,163.182373046875
2016-03-01,198.11000061035156,167.01824951171875
2016-03-02,199.0,167.7686004638672
2016-03-03,199.77999877929688,168.42616271972656
2016-03-04,200.42999267578125,168.97412109375
2016-03-07,200.58999633789062,169.10903930664062
2016-03-08,198.39999389648438,167.26271057128906
2016-03-09,199.3800048828125,168.08895874023438
2016-03-10,199.5399932861328,168.22377014160156
2016-03-11,202.75999450683594,170.9384765625
2016-03-14,202.5,170.71926879882812
2016-03-15,202.1699981689453,170.44110107421875
2016-03-16,203.33999633789062,171.4274444580078
2016-03-17,204.6300048828125,172.5150146484375
2016-03-18,204.3800048828125,173.19288635253906
2016-03-21,204.6699981689453,173.43862915039062
2016-03-22,204.55999755859375,173.345458984375
2016-03-23,203.2100067138672,172.20144653320312
2016-03-24,203.1199951171875,172.12521362304688
2016-03-28,203.24000549316406,172.2268829345703
2016-03-29,205.1199951171875,173.8199920654297
2016-03-30,206.02000427246094,174.5826416015625
2016-03-31,205.52000427246094,174.15892028808594
2016-04-01,206.9199981689453,175.34532165527344
2016-04-04,206.25,174.7775421142578
2016-04-05,204.19000244140625,173.03192138671875
2016-04-06,206.4199981689453,174.92160034179688
2016-04-07,203.9499969482422,172.82852172851562
2016-04-08,204.5,173.2946319580078
2016-04-11,204.02000427246094,172.8878173828125
2016-04-12,205.9199981689453,174.49790954589844
2016-04-13,208.0,176.26052856445312
2016-04-14,208.00999450683594,176.26901245117188
2016-04-15,207.77999877929688,176.07406616210938
2016-04-18,209.24000549316406,177.311279296875
2016-04-19,209.89999389648438,177.87060546875
2016-04-20,210.10000610351562,178.0401153564453
2016-04-21,208.97000122070312,177.08250427246094
2016-04-22,208.97000122070312,177.08250427246094
2016-04-25,208.61000061035156,176.77745056152344
2016-04-26,208.9199981689453,177.0401611328125
2016-04-27,209.35000610351562,177.40451049804688
2016-04-28,207.4499969482422,175.79446411132812
2016-04-29,206.3300018310547,174.8453826904297
2016-05-02,207.97000122070312,176.23507690429688
2016-05-03,206.16000366210938,174.70132446289062
2016-05-04,205.00999450683594,173.72677612304688
2016-05-05,204.97000122070312,173.69285583496094
2016-05-06,205.72000122070312,174.3284454345703
2016-05-09,205.88999938964844,174.4724884033203
2016-05-10,208.4499969482422,176.64183044433594
2016-05-11,206.5,174.98941040039062
2016-05-12,206.55999755859375,175.0402374267578
2016-05-13,204.75999450683594,173.514892578125
2016-05-16,206.77999877929688,175.2267303466797
2016-05-17,204.85000610351562,173.59117126464844
2016-05-18,204.91000366210938,173.64205932617188
2016-05-19,204.1999969482422,173.0404052734375
2016-05-20,205.49000549316406,174.13352966308594
2016-05-23,205.2100067138672,173.8962860107422
2016-05-24,207.8699951171875,176.1503143310547
2016-05-25,209.27999877929688,177.3451690673828
2016-05-26,209.33999633789062,177.3960418701172
2016-05-27,210.24000549316406,178.1587371826172
2016-05-31,209.83999633789062,177.81976318359375
2016-06-01,210.27000427246094,178.1841583251953
2016-06-02,210.91000366210938,178.72647094726562
2016-06-03,210.27999877929688,178.192626953125
2016-06-06,211.35000610351562,179.09933471679688
2016-06-07,211.67999267578125,179.37896728515625
2016-06-08,212.3699951171875,179.96372985839844
2016-06-09,212.0800018310547,179.71795654296875
2016-06-10,210.07000732421875,178.01467895507812
2016-06-13,208.4499969482422,176.64183044433594
2016-06-14,208.0399932861328,176.29443359375
2016-06-15,207.75,176.0486602783203
2016-06-16,208.3699951171875,176.57408142089844
2016-06-17,206.52000427246094,175.91648864746094
2016-06-20,207.85000610351562,177.04934692382812
2016-06-21,208.44000244140625,177.55191040039062
2016-06-22,208.10000610351562,177.26234436035156
2016-06-23,210.80999755859375,179.57073974609375
2016-06-24,203.24000549316406,173.12246704101562
2016-06-27,199.60000610351562,170.02191162109375
2016-06-28,203.1999969482422,173.0884246826172
2016-06-29,206.66000366210938,176.0357666015625
2016-06-30,209.47999572753906,178.4378662109375
2016-07-01,209.9199981689453,178.81260681152344
2016-07-05,208.41000366210938,177.5264434814453
2016-07-06,209.66000366210938,178.5911102294922
2016-07-07,209.52999877929688,178.48040771484375
2016-07-08,212.64999389648438,181.13809204101562
2016-07-11,213.39999389648438,181.77694702148438
2016-07-12,214.9499969482422,183.0972442626953
2016-07-13,214.9199981689453,183.07167053222656
2016-07-14,216.1199951171875,184.0938720703125
2016-07-15,215.8300018310547,183.8468017578125
2016-07-18,216.41000366210938,184.34092712402344
2016-07-19,216.19000244140625,184.15353393554688
2016-07-20,217.08999633789062,184.92010498046875
2016-07-21,216.27000427246094,184.22169494628906
2016-07-22,217.24000549316406,185.0479278564453
2016-07-25,216.64999389648438,184.54534912109375
2016-07-26,216.75,184.63047790527344
2016-07-27,216.52000427246094,184.4346160888672
2016-07-28,216.77000427246094,184.64755249023438
2016-07-29,217.1199951171875,184.9457244873047
2016-08-01,216.94000244140625,184.7923583984375
2016-08-02,215.5500030517578,183.6083221435547
2016-08-03,216.17999267578125,184.1449737548828
2016-08-04,216.41000366210938,184.34092712402344
2016-08-05,218.17999267578125,185.8485870361328
2016-08-08,218.0500030517578,185.73785400390625
2016-08-09,218.17999267578125,185.8485870361328
2016-08-10,217.63999938964844,185.3886260986328
2016-08-11,218.64999389648438,186.24893188476562
2016-08-12,218.4600067138672,186.08714294433594
2016-08-15,219.08999633789062,186.62379455566406
2016-08-16,217.9600067138672,185.66122436523438
2016-08-17,218.3699951171875,186.01043701171875
2016-08-18,218.86000061035156,186.42782592773438
2016-08-19,218.5399932861328,186.15524291992188
2016-08-22,218.52999877929688,186.146728515625
2016-08-23,218.97000122070312,186.52154541015625
2016-08-24,217.85000610351562,185.56752014160156
2016-08-25,217.6999969482422,185.43978881835938
2016-08-26,217.2899932861328,185.09046936035156
2016-08-29,218.36000061035156,186.001953125
2016-08-30,218.0,185.69525146484375
2016-08-31,217.3800048828125,185.1671905517578
2016-09-01,217.38999938964844,185.17567443847656
2016-09-02,218.3699951171875,186.01043701171875
2016-09-06,219.02999877929688,186.57261657714844
2016-09-07,219.00999450683594,186.55560302734375
2016-09-08,218.50999450683594,186.12965393066406
2016-09-09,213.27999877929688,181.6747283935547
2016-09-12,216.33999633789062,184.28128051757812
2016-09-13,213.22999572753906,181.63214111328125
2016-09-14,213.14999389648438,181.5640106201172
2016-09-15,215.27999877929688,183.3783721923828
2016-09-16,213.3699951171875,182.66946411132812
2016-09-19,213.41000366210938,182.7037353515625
2016-09-20,213.4199981689453,182.71231079101562
2016-09-21,215.82000732421875,184.76695251464844
2016-09-22,217.17999267578125,185.9312744140625
2016-09-23,215.99000549316406,184.91249084472656
2016-09-26,214.24000549316406,183.414306640625
2016-09-27,215.57000732421875,184.5529327392578
2016-09-28,216.63999938964844,185.46900939941406
2016-09-29,214.67999267578125,183.7909698486328
2016-09-30,216.3000030517578,185.1779022216797
2016-10-03,215.77999877929688,184.7327117919922
2016-10-04,214.67999267578125,183.7909698486328
2016-10-05,215.6300048828125,184.6042938232422
2016-10-06,215.77999877929688,184.7327117919922
2016-10-07,215.0399932861328,184.0991973876953
2016-10-10,216.16000366210938,185.0580291748047
2016-10-11,213.42999267578125,182.7208709716797
2016-10-12,213.7100067138672,182.96055603027344
2016-10-13,213.00999450683594,182.3612518310547
2016-10-14,213.1199951171875,182.45541381835938
2016-10-17,212.3800048828125,181.8219451904297
2016-10-18,213.7100067138672,182.96055603027344
2016-10-19,214.27999877929688,183.44854736328125
2016-10-20,213.8800048828125,183.1061248779297
2016-10-21,213.97999572753906,183.19166564941406
2016-10-24,214.88999938964844,183.9707794189453
2016-10-25,214.1699981689453,183.35435485839844
2016-10-26,213.74000549316406,182.9862518310547
2016-10-27,213.1699981689453,182.4982452392578
2016-10-28,212.5399932861328,181.9589080810547
2016-10-31,212.5500030517578,181.96743774414062
2016-11-01,211.00999450683594,180.6490020751953
2016-11-02,209.74000549316406,179.56178283691406
2016-11-03,208.77999877929688,178.73989868164062
2016-11-04,208.5500030517578,178.54298400878906
2016-11-07,213.14999389648438,182.48109436035156
2016-11-08,214.11000061035156,183.30299377441406
2016-11-09,216.3800048828125,185.24642944335938
2016-11-10,216.9199981689453,185.70867919921875
2016-11-11,216.4199981689453,185.2805938720703
2016-11-14,216.58999633789062,185.4261474609375
2016-11-15,218.27999877929688,186.87301635742188
2016-11-16,217.8699951171875,186.52197265625
2016-11-17,218.99000549316406,187.4808349609375
2016-11-18,218.5,187.06137084960938
2016-11-21,220.14999389648438,188.4739532470703
2016-11-22,220.5800018310547,188.84207153320312
2016-11-23,220.6999969482422,188.9447784423828
2016-11-25,221.52000427246094,189.64683532714844
2016-11-28,220.47999572753906,188.7564697265625
2016-11-29,220.91000366210938,189.1245880126953
2016-11-30,220.3800048828125,188.67083740234375
2016-12-01,219.57000732421875,187.97743225097656
2016-12-02,219.67999267578125,188.07159423828125
2016-12-05,221.0,189.20162963867188
2016-12-06,221.6999969482422,189.8009033203125
2016-12-07,224.60000610351562,192.28367614746094
2016-12-08,225.14999389648438,192.7545166015625
2016-12-09,226.50999450683594,193.91883850097656
2016-12-12,226.25,193.69622802734375
2016-12-13,227.75999450683594,194.98898315429688
2016-12-14,225.8800048828125,193.37950134277344
2016-12-15,226.80999755859375,194.17568969726562
2016-12-16,225.0399932861328,193.7958984375
2016-12-19,225.52999877929688,194.2178955078125
2016-12-20,226.39999389648438,194.96710205078125
2016-12-21,225.77000427246094,194.42459106445312
2016-12-22,225.3800048828125,194.0886688232422
2016-12-23,225.7100067138672,194.37290954589844
2016-12-27,226.27000427246094,194.85511779785156
2016-12-28,224.39999389648438,193.2447052001953
2016-12-29,224.35000610351562,193.2017364501953
2016-12-30,223.52999877929688,192.49549865722656
2017-01-03,225.24000549316406,193.96815490722656
2017-01-04,226.5800018310547,195.12208557128906
2017-01-05,226.39999389648438,194.96710205078125
2017-01-06,227.2100067138672,195.6646270751953
2017-01-09,226.4600067138672,195.018798828125
2017-01-10,226.4600067138672,195.018798828125
2017-01-11,227.10000610351562,195.56991577148438
2017-01-12,226.52999877929688,195.0790557861328
2017-01-13,227.0500030517578,195.5268096923828
2017-01-17,226.25,194.83792114257812
2017-01-18,226.75,195.26852416992188
2017-01-19,225.91000366210938,194.5450897216797
2017-01-20,226.74000549316406,195.25994873046875
2017-01-23,226.14999389648438,194.75180053710938
2017-01-24,227.60000610351562,196.0005340576172
2017-01-25,229.57000732421875,197.6969451904297
2017-01-26,229.3300018310547,197.4903106689453
2017-01-27,228.97000122070312,197.18026733398438
2017-01-30,227.5500030517578,195.95741271972656
2017-01-31,227.52999877929688,195.94020080566406
2017-02-01,227.6199951171875,196.01766967773438
2017-02-02,227.77000427246094,196.14686584472656
2017-02-03,229.33999633789062,197.4989013671875
2017-02-06,228.92999267578125,197.14584350585938
2017-02-07,228.94000244140625,197.1544647216797
2017-02-08,229.24000549316406,197.41281127929688
2017-02-09,230.60000610351562,198.58396911621094
2017-02-10,231.50999450683594,199.36766052246094
2017-02-13,232.77000427246094,200.45272827148438
2017-02-14,233.6999969482422,201.25357055664062
2017-02-15,234.9199981689453,202.30422973632812
2017-02-16,234.72000122070312,202.13194274902344
2017-02-17,235.08999633789062,202.4505615234375
2017-02-21,236.49000549316406,203.65623474121094
2017-02-22,236.27999877929688,203.47535705566406
2017-02-23,236.44000244140625,203.61318969726562
2017-02-24,236.74000549316406,203.87152099609375
2017-02-27,237.11000061035156,204.190185546875
2017-02-28,236.47000122070312,203.63900756835938
2017-03-01,239.77999877929688,206.48941040039062
2017-03-02,238.27000427246094,205.18911743164062
2017-03-03,238.4199981689453,205.31826782226562
2017-03-06,237.7100067138672,204.7068328857422
2017-03-07,237.0,204.0954132080078
2017-03-08,236.55999755859375,203.71649169921875
2017-03-09,236.86000061035156,203.97488403320312
2017-03-10,237.69000244140625,204.68963623046875
2017-03-13,237.80999755859375,204.79290771484375
2017-03-14,236.89999389648438,204.0093231201172
2017-03-15,238.9499969482422,205.77464294433594
2017-03-16,238.47999572753906,205.36997985839844
2017-03-17,237.02999877929688,205.00927734375
2017-03-20,236.77000427246094,204.78439331054688
2017-03-21,233.72999572753906,202.155029296875
2017-03-22,234.27999877929688,202.63076782226562
2017-03-23,234.02999877929688,202.41455078125
2017-03-24,233.86000061035156,202.26751708984375
2017-03-27,233.6199951171875,202.05995178222656
2017-03-28,235.32000732421875,203.53030395507812
2017-03-29,235.5399932861328,203.72056579589844
2017-03-30,236.2899932861328,204.36923217773438
2017-03-31,235.74000549316406,203.89352416992188
2017-04-03,235.3300018310547,203.53892517089844
2017-04-04,235.47999572753906,203.66867065429688
2017-04-05,234.77999877929688,203.063232421875
2017-04-06,235.44000244140625,203.63404846191406
2017-04-07,235.1999969482422,203.42648315429688
2017-04-10,235.33999633789062,203.54759216308594
2017-04-11,235.05999755859375,203.30543518066406
2017-04-12,234.02999877929688,202.41455078125
2017-04-13,232.50999450683594,201.09986877441406
2017-04-17,234.57000732421875,202.88156127929688
2017-04-18,233.8699951171875,202.27615356445312
2017-04-19,233.44000244140625,201.90420532226562
2017-04-20,235.33999633789062,203.54759216308594
2017-04-21,234.58999633789062,202.8988800048828
2017-04-24,237.1699981689453,205.1303253173828
2017-04-25,238.5500030517578,206.32394409179688
2017-04-26,238.39999389648438,206.1942138671875
2017-04-27,238.60000610351562,206.36720275878906
2017-04-28,238.0800018310547,205.91741943359375
2017-05-01,238.67999267578125,206.43637084960938
2017-05-02,238.77000427246094,206.5142059326172
2017-05-03,238.47999572753906,206.26339721679688
2017-05-04,238.75999450683594,206.5055694580078
2017-05-05,239.6999969482422,207.31857299804688
2017-05-08,239.66000366210938,207.28396606445312
2017-05-09,239.44000244140625,207.0936737060547
2017-05-10,239.8699951171875,207.46560668945312
2017-05-11,239.3800048828125,207.0418243408203
2017-05-12,238.97999572753906,206.69580078125
2017-05-15,240.3000030517578,207.8375244140625
2017-05-16,240.0800018310547,207.64718627929688
2017-05-17,235.82000732421875,203.9627227783203
2017-05-18,236.77000427246094,204.78439331054688
2017-05-19,238.30999755859375,206.11631774902344
2017-05-22,239.52000427246094,207.16287231445312
2017-05-23,240.0500030517578,207.62130737304688
2017-05-24,240.61000061035156,208.10565185546875
2017-05-25,241.75999450683594,209.1002197265625
2017-05-26,241.7100067138672,209.0570831298828
2017-05-30,241.5,208.8754119873047
2017-05-31,241.44000244140625,208.823486328125
2017-06-01,243.36000061035156,210.48410034179688
2017-06-02,244.1699981689453,211.18470764160156
2017-06-05,243.99000549316406,211.029052734375
2017-06-06,243.2100067138672,210.35438537597656
2017-06-07,243.66000366210938,210.74362182617188
2017-06-08,243.77999877929688,210.84739685058594
2017-06-09,243.41000366210938,210.5273895263672
2017-06-12,243.36000061035156,210.48410034179688
2017-06-13,244.5500030517578,211.5133514404297
2017-06-14,244.24000549316406,211.24526977539062
2017-06-15,243.77000427246094,210.83877563476562
2017-06-16,242.63999938964844,210.8848419189453
2017-06-19,244.66000366210938,212.64044189453125
2017-06-20,243.00999450683594,211.20639038085938
2017-06-21,242.9499969482422,211.15420532226562
2017-06-22,242.83999633789062,211.05868530273438
2017-06-23,243.1300048828125,211.3107147216797
2017-06-26,243.2899932861328,211.44970703125
2017-06-27,241.3300018310547,209.74624633789062
2017-06-28,243.49000549316406,211.62359619140625
2017-06-29,241.35000610351562,209.763671875
2017-06-30,241.8000030517578,210.15467834472656
2017-07-03,242.2100067138672,210.51107788085938
2017-07-05,242.77000427246094,210.997802734375
2017-07-06,240.5500030517578,209.0683135986328
2017-07-07,242.11000061035156,210.42413330078125
2017-07-10,242.3699951171875,210.65016174316406
2017-07-11,242.19000244140625,210.4936981201172
2017-07-12,244.00999450683594,212.07550048828125
2017-07-13,244.4199981689453,212.43186950683594
2017-07-14,245.55999755859375,213.4226837158203
2017-07-17,245.52999877929688,213.39657592773438
2017-07-18,245.66000366210938,213.50958251953125
2017-07-19,246.99000549316406,214.66554260253906
2017-07-20,247.10000610351562,214.76112365722656
2017-07-21,246.8800048828125,214.56991577148438
2017-07-24,246.82000732421875,214.5177764892578
2017-07-25,247.4199981689453,215.03919982910156
2017-07-26,247.42999267578125,215.04794311523438
2017-07-27,247.1999969482422,214.84799194335938
2017-07-28,246.91000366210938,214.595947265625
2017-07-31,246.77000427246094,214.4743194580078
2017-08-01,247.32000732421875,214.9523162841797
2017-08-02,247.44000244140625,215.05665588378906
2017-08-03,246.9600067138672,214.63943481445312
2017-08-04,247.41000366210938,215.030517578125
2017-08-07,247.8699951171875,215.43032836914062
2017-08-08,247.25999450683594,214.9002227783203
2017-08-09,247.25,214.8914794921875
2017-08-10,243.75999450683594,211.8582305908203
2017-08-11,244.1199951171875,212.17111206054688
2017-08-14,246.5399932861328,214.2743682861328
2017-08-15,246.50999450683594,214.24830627441406
2017-08-16,246.94000244140625,214.62208557128906
2017-08-17,243.08999633789062,211.2759246826172
2017-08-18,242.7100067138672,210.94564819335938
2017-08-21,242.89999389648438,211.1107940673828
2017-08-22,245.44000244140625,213.318359375
2017-08-23,244.55999755859375,212.55348205566406
2017-08-24,243.99000549316406,212.05816650390625
2017-08-25,244.55999755859375,212.55348205566406
2017-08-28,244.57000732421875,212.56224060058594
2017-08-29,244.85000610351562,212.8056182861328
2017-08-30,246.00999450683594,213.81373596191406
2017-08-31,247.49000549316406,215.10009765625
2017-09-01,247.83999633789062,215.40428161621094
2017-09-05,246.05999755859375,213.857177734375
2017-09-06,246.89999389648438,214.5872802734375
2017-09-07,246.8699951171875,214.56118774414062
2017-09-08,246.5800018310547,214.30917358398438
2017-09-11,249.2100067138672,216.59503173828125
2017-09-12,250.0500030517578,217.3250274658203
2017-09-13,250.1699981689453,217.4293212890625
2017-09-14,250.08999633789062,217.35980224609375
2017-09-15,249.19000244140625,217.65240478515625
2017-09-18,249.72000122070312,218.1153106689453
2017-09-19,249.97000122070312,218.33370971679688
2017-09-20,250.05999755859375,218.4122772216797
2017-09-21,249.38999938964844,217.82708740234375
2017-09-22,249.44000244140625,217.87078857421875
2017-09-25,248.92999267578125,217.42529296875
2017-09-26,249.0800018310547,217.55633544921875
2017-09-27,250.0500030517578,218.40353393554688
2017-09-28,250.35000610351562,218.66561889648438
2017-09-29,251.22999572753906,219.4342041015625
2017-10-02,252.32000732421875,220.3862762451172
2017-10-03,252.86000061035156,220.85791015625
2017-10-04,253.16000366210938,221.11997985839844
2017-10-05,254.66000366210938,222.43014526367188
2017-10-06,254.3699951171875,222.1767578125
2017-10-09,253.9499969482422,221.80999755859375
2017-10-10,254.6199951171875,222.39520263671875
2017-10-11,255.02000427246094,222.74452209472656
2017-10-12,254.63999938964844,222.4126739501953
2017-10-13,254.9499969482422,222.6833953857422
2017-10-16,255.2899932861328,222.98037719726562
2017-10-17,255.47000122070312,223.13760375976562
2017-10-18,255.72000122070312,223.35594177246094
2017-10-19,255.7899932861328,223.41712951660156
2017-10-20,257.1099853515625,224.57003784179688
2017-10-23,256.1099853515625,223.6966094970703
2017-10-24,256.55999755859375,224.0896453857422
2017-10-25,255.2899932861328,222.98037719726562
2017-10-26,255.6199951171875,223.26861572265625
2017-10-27,257.7099914550781,225.0940704345703
2017-10-30,256.75,224.25563049316406
2017-10-31,257.1499938964844,224.60504150390625
2017-11-01,257.489990234375,224.9019775390625
2017-11-02,257.5899963378906,224.9893341064453
2017-11-03,258.45001220703125,225.74046325683594
2017-11-06,258.8500061035156,226.08985900878906
2017-11-07,258.6700134277344,225.93263244628906
2017-11-08,259.1099853515625,226.31689453125
2017-11-09,258.1700134277344,225.4959259033203
2017-11-10,258.0899963378906,225.42601013183594
2017-11-13,258.3299865722656,225.63568115234375
2017-11-14,257.7300109863281,225.11160278320312
2017-11-15,256.44000244140625,223.98484802246094
2017-11-16,258.6199951171875,225.8889617919922
2017-11-17,257.8599853515625,225.2251434326172
2017-11-20,258.29998779296875,225.60943603515625
2017-11-21,259.989990234375,227.0855255126953
2017-11-22,259.760009765625,226.88462829589844
2017-11-24,260.3599853515625,227.40872192382812
2017-11-27,260.2300109863281,227.29519653320312
2017-11-28,262.8699951171875,229.6010284423828
2017-11-29,262.7099914550781,229.46128845214844
2017-11-30,265.010009765625,231.47027587890625
2017-12-01,264.4599914550781,230.9898681640625
2017-12-04,264.1400146484375,230.71031188964844
2017-12-05,263.19000244140625,229.8805694580078
2017-12-06,263.239990234375,229.92420959472656
2017-12-07,264.07000732421875,230.6492156982422
2017-12-08,265.510009765625,231.9069366455078
2017-12-11,266.30999755859375,232.6057586669922
2017-12-12,266.7799987792969,233.01620483398438
2017-12-13,266.75,232.98995971679688
2017-12-14,265.6600036621094,232.0379180908203
2017-12-15,266.510009765625,233.97023010253906
2017-12-18,268.20001220703125,235.45388793945312
2017-12-19,267.1700134277344,234.54965209960938
2017-12-20,267.0299987792969,234.4267120361328
2017-12-21,267.5799865722656,234.9095916748047
2017-12-22,267.510009765625,234.84817504882812
2017-12-26,267.19000244140625,234.56716918945312
2017-12-27,267.32000732421875,234.6813201904297
2017-12-28,267.8699951171875,235.16419982910156
2017-12-29,266.8599853515625,234.27743530273438
2018-01-02,268.7699890136719,235.9542694091797
2018-01-03,270.4700012207031,237.44679260253906
2018-01-04,271.6099853515625,238.44752502441406
2018-01-05,273.4200134277344,240.0365753173828
2018-01-08,273.9200134277344,240.47543334960938
2018-01-09,274.5400085449219,241.019775390625
2018-01-10,274.1199951171875,240.65106201171875
2018-01-11,276.1199951171875,242.40692138671875
2018-01-12,277.9200134277344,243.9871368408203
2018-01-16,276.9700012207031,243.1529998779297
2018-01-17,279.6099853515625,245.4707489013672
2018-01-18,279.1400146484375,245.05813598632812
2018-01-19,280.4100036621094,246.17312622070312
2018-01-22,282.69000244140625,248.17471313476562
2018-01-23,283.2900085449219,248.7014617919922
2018-01-24,283.17999267578125,248.60488891601562
2018-01-25,283.29998779296875,248.71018981933594
2018-01-26,286.5799865722656,251.58966064453125
2018-01-29,284.67999267578125,249.9217987060547
2018-01-30,281.760009765625,247.3582763671875
2018-01-31,281.8999938964844,247.48121643066406
2018-02-01,281.5799865722656,247.2002410888672
2018-02-02,275.45001220703125,241.81863403320312
2018-02-05,263.92999267578125,231.70518493652344
2018-02-06,269.1300048828125,236.27032470703125
2018-02-07,267.6700134277344,234.98858642578125
2018-02-08,257.6300048828125,226.17445373535156
2018-02-09,261.5,229.57191467285156
2018-02-12,265.3399963378906,232.9430694580078
2018-02-13,266.0,233.5224609375
2018-02-14,269.5899963378906,236.6741180419922
2018-02-15,273.0299987792969,239.69412231445312
2018-02-16,273.1099853515625,239.76438903808594
2018-02-20,271.3999938964844,238.2632293701172
2018-02-21,270.04998779296875,237.0779571533203
2018-02-22,270.3999938964844,237.38528442382812
2018-02-23,274.7099914550781,241.16905212402344
2018-02-26,277.8999938964844,243.9695587158203
2018-02-27,274.42999267578125,240.92324829101562
2018-02-28,271.6499938964844,238.48263549804688
2018-03-01,267.70001220703125,235.01492309570312
2018-03-02,269.0799865722656,236.2264404296875
2018-03-05,272.19000244140625,238.95672607421875
2018-03-06,272.8800048828125,239.5624542236328
2018-03-07,272.7799987792969,239.4746856689453
2018-03-08,274.1000061035156,240.633544921875
2018-03-09,278.8699951171875,244.8211669921875
2018-03-12,278.5199890136719,244.51382446289062
2018-03-13,276.7200012207031,242.9335479736328
2018-03-14,275.29998779296875,241.68699645996094
2018-03-15,275.0,241.42364501953125
2018-03-16,274.20001220703125,241.68540954589844
2018-03-19,270.489990234375,238.4153594970703
2018-03-20,270.95001220703125,238.8208465576172
2018-03-21,270.42999267578125,238.36251831054688
2018-03-22,263.6700134277344,232.40408325195312
2018-03-23,258.04998779296875,227.450439453125
2018-03-26,265.1099853515625,233.67330932617188
2018-03-27,260.6000061035156,229.69813537597656
2018-03-28,259.8299865722656,229.01943969726562
2018-03-29,263.1499938964844,231.9457550048828
2018-04-02,257.4700012207031,226.93930053710938
2018-04-03,260.7699890136719,229.8479461669922
2018-04-04,263.55999755859375,232.30711364746094
2018-04-05,265.6400146484375,234.14048767089844
2018-04-06,259.7200012207031,228.9224395751953
2018-04-09,261.0,230.05064392089844
2018-04-10,265.1499938964844,233.70860290527344
2018-04-11,263.760009765625,232.48338317871094
2018-04-12,265.92999267578125,234.39608764648438
2018-04-13,265.1499938964844,233.70860290527344
2018-04-16,267.3299865722656,235.6300811767578
2018-04-17,270.19000244140625,238.15090942382812
2018-04-18,270.3900146484375,238.3271942138672
2018-04-19,268.8900146484375,237.00509643554688
2018-04-20,266.6099853515625,234.99549865722656
2018-04-23,266.57000732421875,234.9601593017578
2018-04-24,262.9800109863281,231.79583740234375
2018-04-25,263.6300048828125,232.36888122558594
2018-04-26,266.30999755859375,234.73106384277344
2018-04-27,266.55999755859375,234.95144653320312
2018-04-30,264.510009765625,233.14447021484375
2018-05-01,264.9800109863281,233.55874633789062
2018-05-02,263.20001220703125,231.98980712890625
2018-05-03,262.6199951171875,231.4785614013672
2018-05-04,266.0199890136719,234.47540283203125
2018-05-07,266.9200134277344,235.26861572265625
2018-05-08,266.9200134277344,235.26861572265625
2018-05-09,269.5,237.5427703857422
2018-05-10,272.0199890136719,239.76394653320312
2018-05-11,272.8500061035156,240.4954071044922
2018-05-14,272.9800109863281,240.61007690429688
2018-05-15,271.1000061035156,238.95298767089844
2018-05-16,272.239990234375,239.9578094482422
2018-05-17,272.010009765625,239.75511169433594
2018-05-18,271.3299865722656,239.15573120117188
2018-05-21,273.3699951171875,240.95387268066406
2018-05-22,272.6099853515625,240.283935546875
2018-05-23,273.3599853515625,240.94500732421875
2018-05-24,272.79998779296875,240.45140075683594
2018-05-25,272.1499938964844,239.8784942626953
2018-05-29,269.0199890136719,237.11962890625
2018-05-30,272.6099853515625,240.283935546875
2018-05-31,270.94000244140625,238.8119659423828
2018-06-01,273.6000061035156,241.15655517578125
2018-06-04,274.8999938964844,242.302490234375
2018-06-05,275.1000061035156,242.4787139892578
2018-06-06,277.3999938964844,244.5059814453125
2018-06-07,277.3699951171875,244.47946166992188
2018-06-08,278.19000244140625,245.2023468017578
2018-06-11,278.55999755859375,245.52838134765625
2018-06-12,278.9200134277344,245.84576416015625
2018-06-13,278.0299987792969,245.061279296875
2018-06-14,278.7300109863281,245.67819213867188
2018-06-15,277.1300048828125,245.36483764648438
2018-06-18,276.55999755859375,244.86016845703125
2018-06-19,275.5,243.9217529296875
2018-06-20,275.9700012207031,244.3378143310547
2018-06-21,274.239990234375,242.80604553222656
2018-06-22,274.739990234375,243.24876403808594
2018-06-25,271.0,239.93739318847656
2018-06-26,271.6000061035156,240.46864318847656
2018-06-27,269.3500061035156,238.4766082763672
2018-06-28,270.8900146484375,239.84010314941406
2018-06-29,271.2799987792969,240.18539428710938
2018-07-02,271.8599853515625,240.6989288330078
2018-07-03,270.8999938964844,239.84898376464844
2018-07-05,273.1099853515625,241.80557250976562
2018-07-06,275.4200134277344,243.85084533691406
2018-07-09,277.8999938964844,246.04656982421875
2018-07-10,278.8999938964844,246.931884765625
2018-07-11,276.8599853515625,245.12571716308594
2018-07-12,279.3699951171875,247.3480682373047
2018-07-13,279.5899963378906,247.54286193847656
2018-07-16,279.3399963378906,247.32150268554688
2018-07-17,280.4700012207031,248.3219757080078
2018-07-18,281.05999755859375,248.8443603515625
2018-07-19,280.0,247.9058074951172
2018-07-20,279.67999267578125,247.62246704101562
2018-07-23,280.20001220703125,248.08291625976562
2018-07-24,281.6099853515625,249.33128356933594
2018-07-25,284.010009765625,251.45620727539062
2018-07-26,283.3399963378906,250.8629608154297
2018-07-27,281.4200134277344,249.16319274902344
2018-07-30,279.95001220703125,247.861572265625
2018-07-31,281.3299865722656,249.08340454101562
2018-08-01,280.8599853515625,248.66732788085938
2018-08-02,282.3900146484375,250.02188110351562
2018-08-03,283.6000061035156,251.0932159423828
2018-08-06,284.6400146484375,252.01405334472656
2018-08-07,285.5799865722656,252.84619140625
2018-08-08,285.4599914550781,252.73995971679688
2018-08-09,285.07000732421875,252.394775390625
2018-08-10,283.1600036621094,250.70364379882812
2018-08-13,282.1000061035156,249.76516723632812
2018-08-14,283.8999938964844,251.35882568359375
2018-08-15,281.7799987792969,249.4818572998047
2018-08-16,284.05999755859375,251.50048828125
2018-08-17,285.05999755859375,252.3857879638672
2018-08-20,285.6700134277344,252.926025390625
2018-08-21,286.3399963378906,253.51914978027344
2018-08-22,286.1700134277344,253.36862182617188
2018-08-23,285.7900085449219,253.03221130371094
2018-08-24,287.510009765625,254.55508422851562
2018-08-27,289.7799987792969,256.5649108886719
2018-08-28,289.9200134277344,256.6888122558594
2018-08-29,291.4800109863281,258.0700378417969
2018-08-30,290.29998779296875,257.0252685546875
2018-08-31,290.30999755859375,257.0341796875
2018-09-04,289.80999755859375,256.5914306640625
2018-09-05,289.0299987792969,255.90086364746094
2018-09-06,288.1600036621094,255.1304931640625
2018-09-07,287.6000061035156,254.6348114013672
2018-09-10,288.1000061035156,255.07736206054688
2018-09-11,289.04998779296875,255.91860961914062
2018-09-12,289.1199951171875,255.9805145263672
2018-09-13,290.8299865722656,257.4944763183594
2018-09-14,290.8800048828125,257.53875732421875
2018-09-17,289.3399963378906,256.17535400390625
2018-09-18,290.9100036621094,257.5652770996094
2018-09-19,291.2200012207031,257.83978271484375
2018-09-20,293.5799865722656,259.9292907714844
2018-09-21,291.989990234375,259.6918029785156
2018-09-24,291.0199890136719,258.8291015625
2018-09-25,290.75,258.5889587402344
2018-09-26,289.8800048828125,257.8152770996094
2018-09-27,290.69000244140625,258.5356750488281
2018-09-28,290.7200012207031,258.56231689453125
2018-10-01,291.7300109863281,259.460693359375
2018-10-02,291.55999755859375,259.30938720703125
2018-10-03,291.7200012207031,259.45172119140625
2018-10-04,289.44000244140625,257.4239501953125
2018-10-05,287.82000732421875,255.9830780029297
2018-10-08,287.82000732421875,255.9830780029297
2018-10-09,287.3999938964844,255.60960388183594
2018-10-10,278.29998779296875,247.51609802246094
2018-10-11,272.1700134277344,242.06422424316406
2018-10-12,275.95001220703125,245.4261474609375
2018-10-15,274.3999938964844,244.04750061035156
2018-10-16,280.3999938964844,249.38389587402344
2018-10-17,280.45001220703125,249.4282989501953
2018-10-18,276.3999938964844,245.8263702392578
2018-10-19,276.25,245.69296264648438
2018-10-22,275.010009765625,244.59011840820312
2018-10-23,273.6099853515625,243.34487915039062
2018-10-24,265.32000732421875,235.97189331054688
2018-10-25,270.0799865722656,240.20538330078125
2018-10-26,265.3299865722656,235.98077392578125
2018-10-29,263.8599853515625,234.67333984375
2018-10-30,267.7699890136719,238.15087890625
2018-10-31,270.6300048828125,240.69459533691406
2018-11-01,273.510009765625,243.25601196289062
2018-11-02,271.8900146484375,241.81520080566406
2018-11-05,273.3900146484375,243.14932250976562
2018-11-06,275.1199951171875,244.68792724609375
2018-11-07,281.010009765625,249.92633056640625
2018-11-08,280.5,249.4727783203125
2018-11-09,277.760009765625,247.03591918945312
2018-11-12,272.57000732421875,242.4199676513672
2018-11-13,272.05999755859375,241.9663543701172
2018-11-14,270.20001220703125,240.3121337890625
2018-11-15,273.0199890136719,242.82025146484375
2018-11-16,273.7300109863281,243.45162963867188
2018-11-19,269.1000061035156,239.333740234375
2018-11-20,264.1199951171875,234.9046173095703
2018-11-21,265.0199890136719,235.70504760742188
2018-11-23,263.25,234.13088989257812
2018-11-26,267.5,237.9107666015625
2018-11-27,268.3999938964844,238.71124267578125
2018-11-28,274.5799865722656,244.20762634277344
2018-11-29,273.9800109863281,243.6739959716797
2018-11-30,275.6499938964844,245.15927124023438
2018-12-03,279.29998779296875,248.40548706054688
2018-12-04,270.25,240.3565673828125
2018-12-06,269.8399963378906,239.99191284179688
2018-12-07,263.57000732421875,234.41549682617188
2018-12-10,264.07000732421875,234.86016845703125
2018-12-11,264.1300048828125,234.9135284423828
2018-12-12,265.4599914550781,236.09642028808594
2018-12-13,265.3699951171875,236.01637268066406
2018-12-14,260.4700012207031,231.6584014892578
2018-12-17,255.36000061035156,227.11361694335938
2018-12-18,255.0800018310547,226.86459350585938
2018-12-19,251.25999450683594,223.46714782714844
2018-12-20,247.1699981689453,219.8295440673828
2018-12-21,240.6999969482422,215.32533264160156
2018-12-24,234.33999633789062,209.63580322265625
2018-12-26,246.17999267578125,220.2276153564453
2018-12-27,248.07000732421875,221.91842651367188
2018-12-28,247.75,221.63214111328125
2018-12-31,249.9199981689453,223.57339477539062
2019-01-02,250.17999267578125,223.80593872070312
2019-01-03,244.2100067138672,218.46530151367188
2019-01-04,252.38999938964844,225.7830047607422
2019-01-07,254.3800048828125,227.56320190429688
2019-01-08,256.7699890136719,229.70123291015625
2019-01-09,257.9700012207031,230.7747344970703
2019-01-10,258.8800048828125,231.5887908935547
2019-01-11,258.9800109863281,231.6782684326172
2019-01-14,257.3999938964844,230.26480102539062
2019-01-15,260.3500061035156,232.90386962890625
2019-01-16,260.9800109863281,233.46742248535156
2019-01-17,262.9599914550781,235.23867797851562
2019-01-18,266.4599914550781,238.36972045898438
2019-01-22,262.8599853515625,235.149169921875
2019-01-23,263.4100036621094,235.6412811279297
2019-01-24,263.54998779296875,235.7665252685547
2019-01-25,265.7799987792969,237.76133728027344
2019-01-28,263.760009765625,235.95436096191406
2019-01-29,263.4100036621094,235.6412811279297
2019-01-30,267.5799865722656,239.3716583251953
2019-01-31,269.92999267578125,241.47393798828125
2019-02-01,270.05999755859375,241.59017944335938
2019-02-04,271.9599914550781,243.28982543945312
2019-02-05,273.1000061035156,244.30970764160156
2019-02-06,272.739990234375,243.9876708984375
2019-02-07,270.1400146484375,241.66184997558594
2019-02-08,270.4700012207031,241.95701599121094
2019-02-11,270.6199951171875,242.0911865234375
2019-02-12,274.1000061035156,245.20425415039062
2019-02-13,274.989990234375,246.00050354003906
2019-02-14,274.3800048828125,245.4547882080078
2019-02-15,277.3699951171875,248.1295928955078
2019-02-19,277.8500061035156,248.5589599609375
2019-02-20,278.4100036621094,249.05992126464844
2019-02-21,277.4200134277344,248.1742706298828
2019-02-22,279.1400146484375,249.7130126953125
2019-02-25,279.5199890136719,250.05287170410156
2019-02-26,279.32000732421875,249.8740692138672
2019-02-27,279.20001220703125,249.7666473388672
2019-02-28,278.67999267578125,249.3013916015625
2019-03-01,280.4200134277344,250.85809326171875
2019-03-04,279.3999938964844,249.9455108642578
2019-03-05,279.0199890136719,249.60552978515625
2019-03-06,277.3299865722656,248.09376525878906
2019-03-07,275.010009765625,246.01841735839844
2019-03-08,274.4599914550781,245.52633666992188
2019-03-11,278.44000244140625,249.08676147460938
2019-03-12,279.489990234375,250.02609252929688
2019-03-13,281.3399963378906,251.68113708496094
2019-03-14,281.1600036621094,251.5200653076172
2019-03-15,281.30999755859375,252.76271057128906
2019-03-18,282.3299865722656,253.6792449951172
2019-03-19,282.3999938964844,253.74205017089844
2019-03-20,281.54998779296875,252.9783172607422
2019-03-21,284.7300109863281,255.83560180664062
2019-03-22,279.25,250.91177368164062
2019-03-25,279.0400085449219,250.72305297851562
2019-03-26,281.1199951171875,252.5919952392578
2019-03-27,279.6499938964844,251.27108764648438
2019-03-28,280.7099914550781,252.22360229492188
2019-03-29,282.4800109863281,253.8139190673828
2019-04-01,285.8299865722656,256.8239440917969
2019-04-02,285.9700012207031,256.94976806640625
2019-04-03,286.4200134277344,257.3540954589844
2019-04-04,287.17999267578125,258.0369567871094
2019-04-05,288.57000732421875,259.2859802246094
2019-04-08,288.7900085449219,259.48370361328125
2019-04-09,287.30999755859375,258.1537780761719
2019-04-10,288.2900085449219,259.0344543457031
2019-04-11,288.2099914550781,258.9624328613281
2019-04-12,290.1600036621094,260.71453857421875
2019-04-15,289.9700012207031,260.5438232421875
2019-04-16,290.1600036621094,260.71453857421875
2019-04-17,289.45001220703125,260.07666015625
2019-04-18,290.0199890136719,260.58880615234375
2019-04-22,290.2699890136719,260.8135070800781
2019-04-23,292.8800048828125,263.1585693359375
2019-04-24,292.2300109863281,262.5745544433594
2019-04-25,292.04998779296875,262.4128112792969
2019-04-26,293.4100036621094,263.63482666015625
2019-04-29,293.8699951171875,264.048095703125
2019-04-30,294.0199890136719,264.18292236328125
2019-05-01,291.80999755859375,262.1971435546875
2019-05-02,291.17999267578125,261.63104248046875
2019-05-03,294.0299987792969,264.1917724609375
2019-05-06,292.82000732421875,263.10467529296875
2019-05-07,287.92999267578125,258.7109069824219
2019-05-08,287.5299987792969,258.3514404296875
2019-05-09,286.6600036621094,257.5697937011719
2019-05-10,288.1000061035156,258.8636474609375
2019-05-13,280.8599853515625,252.3583984375
2019-05-14,283.3999938964844,254.64053344726562
2019-05-15,285.05999755859375,256.13201904296875
2019-05-16,287.70001220703125,258.5043029785156
2019-05-17,285.8399963378906,256.8329772949219
2019-05-20,283.95001220703125,255.13478088378906
2019-05-21,286.510009765625,257.43505859375
2019-05-22,285.6300048828125,256.644287109375
2019-05-23,282.1400146484375,253.50848388671875
2019-05-24,282.7799987792969,254.08349609375
2019-05-28,280.1499938964844,251.72035217285156
2019-05-29,278.2699890136719,250.03123474121094
2019-05-30,279.0299987792969,250.71412658691406
2019-05-31,275.2699890136719,247.33555603027344
2019-06-03,274.57000732421875,246.70669555664062
2019-06-04,280.5299987792969,252.06185913085938
2019-06-05,282.9599914550781,254.2452392578125
2019-06-06,284.79998779296875,255.89857482910156
2019-06-07,287.6499938964844,258.45928955078125
2019-06-10,288.9700012207031,259.64532470703125
2019-06-11,288.8999938964844,259.5824890136719
2019-06-12,288.3900146484375,259.12420654296875
2019-06-13,289.5799865722656,260.1933898925781
2019-06-14,289.260009765625,259.9059143066406
2019-06-17,289.3699951171875,260.00469970703125
2019-06-18,292.3999938964844,262.7272644042969
2019-06-19,293.05999755859375,263.3202819824219
2019-06-20,295.8599853515625,265.83612060546875
2019-06-21,294.0,265.44970703125
2019-06-24,293.6400146484375,265.124755859375
2019-06-25,290.760009765625,262.5244445800781
2019-06-26,290.4700012207031,262.26251220703125
2019-06-27,291.5,263.1925048828125
2019-06-28,293.0,264.5467529296875
2019-07-01,295.6600036621094,266.948486328125
2019-07-02,296.42999267578125,267.643798828125
2019-07-03,298.79998779296875,269.7835693359375
2019-07-05,298.4599914550781,269.4766540527344
2019-07-08,296.82000732421875,267.995849609375
2019-07-09,297.19000244140625,268.3299560546875
2019-07-10,298.6099853515625,269.6120910644531
2019-07-11,299.30999755859375,270.24407958984375
2019-07-12,300.6499938964844,271.4539794921875
2019-07-15,300.75,271.5442199707031
2019-07-16,299.7799987792969,270.66845703125
2019-07-17,297.739990234375,268.8265075683594
2019-07-18,298.8299865722656,269.81072998046875
2019-07-19,297.1700134277344,268.3119201660156
2019-07-22,297.8999938964844,268.9708557128906
2019-07-23,300.0299987792969,270.89410400390625
2019-07-24,301.44000244140625,272.16729736328125
2019-07-25,300.0,270.8670959472656
2019-07-26,302.010009765625,272.6819152832031
2019-07-29,301.4599914550781,272.185302734375
2019-07-30,300.7200012207031,271.5171203613281
2019-07-31,297.42999267578125,268.5466613769531
2019-08-01,294.8399963378906,266.2081604003906
2019-08-02,292.6199951171875,264.2037658691406
2019-08-05,283.82000732421875,256.25823974609375
2019-08-06,287.79998779296875,259.8518371582031
2019-08-07,287.9700012207031,260.0052490234375
2019-08-08,293.6199951171875,265.1065979003906
2019-08-09,291.6199951171875,263.3008728027344
2019-08-12,288.07000732421875,260.0955810546875
2019-08-13,292.54998779296875,264.1405334472656
2019-08-14,283.8999938964844,256.3304443359375
2019-08-15,284.6499938964844,257.0076904296875
2019-08-16,288.8500061035156,260.7998046875
2019-08-19,292.3299865722656,263.94189453125
2019-08-20,290.0899963378906,261.9194030761719
2019-08-21,292.45001220703125,264.0502624511719
2019-08-22,292.3599853515625,263.9689636230469
2019-08-23,284.8500061035156,257.1882629394531
2019-08-26,288.0,260.0323791503906
2019-08-27,286.8699951171875,259.0120849609375
2019-08-28,288.8900146484375,260.8359680175781
2019-08-29,292.5799865722656,264.1675720214844
2019-08-30,292.45001220703125,264.0502624511719
2019-09-03,290.739990234375,262.5062255859375
2019-09-04,294.0400085449219,265.48577880859375
2019-09-05,297.82000732421875,268.89874267578125
2019-09-06,298.04998779296875,269.1064453125
2019-09-09,298.20001220703125,269.2418518066406
2019-09-10,298.1300048828125,269.1787109375
2019-09-11,300.25,271.09283447265625
2019-09-12,301.2900085449219,272.0318298339844
2019-09-13,301.0899963378906,271.85125732421875
2019-09-16,300.1600036621094,271.01153564453125
2019-09-17,300.9200134277344,271.6977233886719
2019-09-18,301.1000061035156,271.8601989746094
2019-09-19,301.0799865722656,271.8421936035156
2019-09-20,298.2799987792969,270.5577392578125
2019-09-23,298.2099914550781,270.4942626953125
2019-09-24,295.8699951171875,268.37176513671875
2019-09-25,297.6199951171875,269.9591369628906
2019-09-26,297.0,269.396728515625
2019-09-27,295.3999938964844,267.9455261230469
2019-09-30,296.7699890136719,269.1881408691406
2019-10-01,293.239990234375,265.9862060546875
2019-10-02,288.05999755859375,261.28765869140625
2019-10-03,290.4200134277344,263.4283142089844
2019-10-04,294.3500061035156,266.9930725097656
2019-10-07,293.0799865722656,265.84112548828125
2019-10-08,288.5299987792969,261.7139587402344
2019-10-09,291.2699890136719,264.19921875
2019-10-10,293.239990234375,265.9862060546875
2019-10-11,296.2799987792969,268.7436828613281
2019-10-14,295.95001220703125,268.44427490234375
2019-10-15,298.8800048828125,271.1020202636719
2019-10-16,298.3999938964844,270.6666564941406
2019-10-17,299.2799987792969,271.46484375
2019-10-18,297.9700012207031,270.2765808105469
2019-10-21,299.989990234375,272.1088562011719
2019-10-22,299.010009765625,271.2199401855469
2019-10-23,299.8800048828125,272.0091552734375
2019-10-24,300.3699951171875,272.4534912109375
2019-10-25,301.6000061035156,273.5692443847656
2019-10-28,303.29998779296875,275.11126708984375
2019-10-29,303.2099914550781,275.02960205078125
2019-10-30,304.1400146484375,275.8731994628906
2019-10-31,303.3299865722656,275.1384582519531
2019-11-01,306.1400146484375,277.6872253417969
2019-11-04,307.3699951171875,278.8029479980469
2019-11-05,307.0299987792969,278.4945373535156
2019-11-06,307.1000061035156,278.55816650390625
2019-11-07,308.17999267578125,279.5376892089844
2019-11-08,308.94000244140625,280.2270202636719
2019-11-11,308.3500061035156,279.69189453125
2019-11-12,309.0,280.2815246582031
2019-11-13,309.1000061035156,280.3721923828125
2019-11-14,309.54998779296875,280.78033447265625
2019-11-15,311.7900085449219,282.8121643066406
2019-11-18,312.0199890136719,283.02081298828125
2019-11-19,311.92999267578125,282.9390869140625
2019-11-20,310.7699890136719,281.88702392578125
2019-11-21,310.2699890136719,281.4335021972656
2019-11-22,310.9599914550781,282.0592956542969
2019-11-25,313.3699951171875,284.24530029296875
2019-11-26,314.0799865722656,284.8892517089844
2019-11-27,315.4800109863281,286.1592712402344
2019-11-29,314.30999755859375,285.0979919433594
2019-12-02,311.6400146484375,282.67608642578125
2019-12-03,309.54998779296875,280.78033447265625
2019-12-04,311.4599914550781,282.5127868652344
2019-12-05,312.0199890136719,283.02081298828125
2019-12-06,314.8699951171875,285.6058044433594
2019-12-09,313.8800048828125,284.7078857421875
2019-12-10,313.5299987792969,284.3905029296875
2019-12-11,314.4200134277344,285.19775390625
2019-12-12,317.1300048828125,287.6559143066406
2019-12-13,317.32000732421875,287.8282470703125
2019-12-16,319.5,289.8056945800781
2019-12-17,319.57000732421875,289.8691101074219
2019-12-18,319.5899963378906,289.8873291015625
2019-12-19,320.8999938964844,291.07550048828125
2019-12-20,320.7300109863281,292.3515625
2019-12-23,321.2200012207031,292.7983093261719
2019-12-24,321.2300109863281,292.80743408203125
2019-12-26,322.94000244140625,294.36614990234375
2019-12-27,322.8599853515625,294.2931213378906
2019-12-30,321.0799865722656,292.670654296875
2019-12-31,321.8599853515625,293.381591796875
2020-01-02,324.8699951171875,296.1252746582031
2020-01-03,322.4100036621094,293.88299560546875
2020-01-06,323.6400146484375,295.00408935546875
2020-01-07,322.7300109863281,294.1746826171875
2020-01-08,324.45001220703125,295.7424621582031
2020-01-09,326.6499938964844,297.74774169921875
2020-01-10,325.7099914550781,296.8910217285156
2020-01-13,327.95001220703125,298.9327392578125
2020-01-14,327.45001220703125,298.4770202636719
2020-01-15,328.19000244140625,299.1516418457031
2020-01-16,330.9200134277344,301.6400146484375
2020-01-17,331.95001220703125,302.5788879394531
2020-01-21,331.29998779296875,301.98638916015625
2020-01-22,331.3399963378906,302.0228271484375
2020-01-23,331.7200012207031,302.3691711425781
2020-01-24,328.7699890136719,299.6802062988281
2020-01-27,323.5,294.8765563964844
2020-01-28,326.8900146484375,297.96649169921875
2020-01-29,326.6199951171875,297.7204284667969
2020-01-30,327.67999267578125,298.6866455078125
2020-01-31,321.7300109863281,293.2631530761719
2020-02-03,324.1199951171875,295.441650390625
2020-02-04,329.05999755859375,299.94451904296875
2020-02-05,332.8599853515625,303.4082946777344
2020-02-06,333.9800109863281,304.4292297363281
2020-02-07,332.20001220703125,302.8067321777344
2020-02-10,334.67999267578125,305.0672912597656
2020-02-11,335.260009765625,305.595947265625
2020-02-12,337.4200134277344,307.5649108886719
2020-02-13,337.05999755859375,307.2366638183594
2020-02-14,337.6000061035156,307.72894287109375
2020-02-18,336.7300109863281,306.9358825683594
2020-02-19,338.3399963378906,308.4034423828125
2020-02-20,336.95001220703125,307.13653564453125
2020-02-21,333.4800109863281,303.97344970703125
2020-02-24,322.4200134277344,293.8921203613281
2020-02-25,312.6499938964844,284.9865417480469
2020-02-26,311.5,283.93829345703125
2020-02-27,297.510009765625,271.1861572265625
2020-02-28,296.260009765625,270.0467529296875
2020-03-02,309.0899963378906,281.74151611328125
2020-03-03,300.239990234375,273.674560546875
2020-03-04,312.8599853515625,285.177978515625
2020-03-05,302.4599914550781,275.6981506347656
2020-03-06,297.4599914550781,271.14056396484375
2020-03-09,274.2300109863281,249.96597290039062
2020-03-10,288.4200134277344,262.9004211425781
2020-03-11,274.3599853515625,250.08450317382812
2020-03-12,248.11000061035156,226.1570587158203
2020-03-13,269.32000732421875,245.49034118652344
2020-03-16,239.85000610351562,218.62791442871094
2020-03-17,252.8000030517578,230.4320831298828
2020-03-18,240.0,218.76461791992188
2020-03-19,240.50999450683594,219.2295379638672
2020-03-20,228.8000030517578,209.781982421875
2020-03-23,222.9499969482422,204.41824340820312
2020-03-24,243.14999389648438,222.939208984375
2020-03-25,246.7899932861328,226.2766571044922
2020-03-26,261.20001220703125,239.48887634277344
2020-03-27,253.4199981689453,232.3555908203125
2020-03-30,261.6499938964844,239.90151977539062
2020-03-31,257.75,236.32566833496094
2020-04-01,246.14999389648438,225.68983459472656
2020-04-02,251.8300018310547,230.89776611328125
2020-04-03,248.19000244140625,227.56027221679688
2020-04-06,264.8599853515625,242.8446044921875
2020-04-07,265.1300048828125,243.09222412109375
2020-04-08,274.0299987792969,251.25247192382812
2020-04-09,278.20001220703125,255.07591247558594
2020-04-13,275.6600036621094,252.74697875976562
2020-04-14,283.7900085449219,260.2012023925781
2020-04-15,277.760009765625,254.6724090576172
2020-04-16,279.1000061035156,255.90101623535156
2020-04-17,286.6400146484375,262.81439208984375
2020-04-20,281.5899963378906,258.18408203125
2020-04-21,273.0400085449219,250.34475708007812
2020-04-22,279.1000061035156,255.90101623535156
2020-04-23,279.0799865722656,255.88262939453125
2020-04-24,282.9700012207031,259.4493103027344
2020-04-27,287.04998779296875,263.1902160644531
2020-04-28,285.7300109863281,261.9799499511719
2020-04-29,293.2099914550781,268.83819580078125
2020-04-30,290.4800109863281,266.33514404296875
2020-05-01,282.7900085449219,259.2843017578125
2020-05-04,283.57000732421875,259.99951171875
2020-05-05,286.19000244140625,262.4017333984375
2020-05-06,284.25,260.6229553222656
2020-05-07,287.67999267578125,263.7678527832031
2020-05-08,292.44000244140625,268.1322021484375
2020-05-11,292.5,268.18719482421875
2020-05-12,286.6700134277344,262.84185791015625
2020-05-13,281.6000061035156,258.19329833984375
2020-05-14,284.9700012207031,261.2830505371094
2020-05-15,286.2799987792969,262.48419189453125
2020-05-18,295.0,270.47943115234375
2020-05-19,291.9700012207031,267.7012939453125
2020-05-20,296.92999267578125,272.24896240234375
2020-05-21,294.8800048828125,270.3694152832031
2020-05-22,295.44000244140625,270.8828430175781
2020-05-26,299.0799865722656,274.2203369140625
2020-05-27,303.5299987792969,278.30035400390625
2020-05-28,302.9700012207031,277.7869567871094
2020-05-29,304.32000732421875,279.0247802734375
2020-06-01,305.54998779296875,280.1524658203125
2020-06-02,308.0799865722656,282.4721984863281
2020-06-03,312.17999267578125,286.2313537597656
2020-06-04,311.3599853515625,285.4794921875
2020-06-05,319.3399963378906,292.79620361328125
2020-06-08,323.20001220703125,296.3354187011719
2020-06-09,320.7900085449219,294.125732421875
2020-06-10,319.0,292.48455810546875
2020-06-11,300.6099853515625,275.6230773925781
2020-06-12,304.2099914550781,278.923828125
2020-06-15,307.04998779296875,281.5278015136719
2020-06-16,312.9599914550781,286.946533203125
2020-06-17,311.6600036621094,285.75457763671875
2020-06-18,311.7799987792969,285.86468505859375
2020-06-19,308.6400146484375,284.2308654785156
2020-06-22,310.6199951171875,286.05426025390625
2020-06-23,312.04998779296875,287.3712158203125
2020-06-24,304.0899963378906,280.0408020019531
2020-06-25,307.3500061035156,283.04296875
2020-06-26,300.04998779296875,276.3203125
2020-06-29,304.4599914550781,280.3816223144531
2020-06-30,308.3599853515625,283.9731140136719
2020-07-01,310.5199890136719,285.9622497558594
2020-07-02,312.2300109863281,287.5370178222656
2020-07-06,317.04998779296875,291.9757995605469
2020-07-07,313.7799987792969,288.9644775390625
2020-07-08,316.17999267578125,291.174560546875
2020-07-09,314.3800048828125,289.51702880859375
2020-07-10,317.5899963378906,292.4731750488281
2020-07-13,314.8399963378906,289.9405822753906
2020-07-14,318.9200134277344,293.6979064941406
2020-07-15,321.8500061035156,296.3961486816406
2020-07-16,320.7900085449219,295.42010498046875
2020-07-17,321.7200012207031,296.2764892578125
2020-07-20,324.32000732421875,298.6708984375
2020-07-21,325.010009765625,299.30633544921875
2020-07-22,326.8599853515625,301.0100402832031
2020-07-23,322.9599914550781,297.41851806640625
2020-07-24,320.8800048828125,295.5029296875
2020-07-27,323.2200012207031,297.6578369140625
2020-07-28,321.1700134277344,295.76995849609375
2020-07-29,325.1199951171875,299.4076232910156
2020-07-30,323.9599914550781,298.3393859863281
2020-07-31,326.5199890136719,300.6968078613281
2020-08-03,328.7900085449219,302.787353515625
2020-08-04,330.05999755859375,303.9568786621094
2020-08-05,332.1099853515625,305.84478759765625
2020-08-06,334.3299865722656,307.8891906738281
2020-08-07,334.57000732421875,308.1102600097656
2020-08-10,335.57000732421875,309.0311584472656
2020-08-11,332.79998779296875,306.4801940917969
2020-08-12,337.44000244140625,310.7532958984375
2020-08-13,336.8299865722656,310.19146728515625
2020-08-14,336.8399963378906,310.2006530761719
2020-08-17,337.9100036621094,311.1861267089844
2020-08-18,338.6400146484375,311.8584289550781
2020-08-19,337.2300109863281,310.5599060058594
2020-08-20,338.2799987792969,311.5268249511719
2020-08-21,339.4800109863281,312.6319580078125
2020-08-24,342.9200134277344,315.7999267578125
2020-08-25,344.1199951171875,316.90496826171875
2020-08-26,347.57000732421875,320.0821533203125
2020-08-27,348.3299865722656,320.7820129394531
2020-08-28,350.5799865722656,322.85406494140625
2020-08-31,349.30999755859375,321.6844787597656
2020-09-01,352.6000061035156,324.7143859863281
2020-09-02,357.70001220703125,329.4110412597656
2020-09-03,345.3900146484375,318.0745544433594
2020-09-04,342.57000732421875,315.4775085449219
2020-09-08,333.2099914550781,306.8578186035156
2020-09-09,339.7900085449219,312.9173889160156
2020-09-10,333.8900146484375,307.4839782714844
2020-09-11,334.05999755859375,307.6405029296875
2020-09-14,338.4599914550781,311.692626953125
2020-09-15,340.1700134277344,313.2673645019531
2020-09-16,338.82000732421875,312.0241394042969
2020-09-17,335.8399963378906,309.27984619140625
2020-09-18,330.6499938964844,305.7191162109375
2020-09-21,326.9700012207031,302.3167724609375
2020-09-22,330.29998779296875,305.3955993652344
2020-09-23,322.6400146484375,298.3130187988281
2020-09-24,323.5,299.1082763671875
2020-09-25,328.7300109863281,303.9440002441406
2020-09-28,334.19000244140625,308.99224853515625
2020-09-29,332.3699951171875,307.3094482421875
2020-09-30,334.8900146484375,309.6394958496094
2020-10-01,337.0400085449219,311.6274108886719
2020-10-02,333.8399963378906,308.668701171875
2020-10-05,339.760009765625,314.1423034667969
2020-10-06,334.92999267578125,309.6764831542969
2020-10-07,340.760009765625,315.06689453125
2020-10-08,343.7799987792969,317.859130859375
2020-10-09,346.8500061035156,320.6976013183594
2020-10-12,352.42999267578125,325.8570251464844
2020-10-13,350.1300048828125,323.73040771484375
2020-10-14,347.92999267578125,321.6962890625
2020-10-15,347.5,321.29864501953125
2020-10-16,347.2900085449219,321.1044921875
2020-10-19,342.010009765625,316.22259521484375
2020-10-20,343.3800048828125,317.48931884765625
2020-10-21,342.7300109863281,316.88836669921875
2020-10-22,344.6099853515625,318.6265563964844
2020-10-23,345.7799987792969,319.7083740234375
2020-10-26,339.3900146484375,313.8001708984375
2020-10-27,338.2200012207031,312.7183532714844
2020-10-28,326.6600036621094,302.0299987792969
2020-10-29,329.9800109863281,305.0997314453125
2020-10-30,326.5400085449219,301.91900634765625
2020-11-02,330.20001220703125,305.3031311035156
2020-11-03,336.0299987792969,310.6935729980469
2020-11-04,343.5400085449219,317.63726806640625
2020-11-05,350.239990234375,323.83209228515625
2020-11-06,350.1600036621094,323.75811767578125
2020-11-09,354.55999755859375,327.8263244628906
2020-11-10,354.0400085449219,327.3455505371094
2020-11-11,356.6700134277344,329.77728271484375
2020-11-12,353.2099914550781,326.57818603515625
2020-11-13,358.1000061035156,331.0993957519531
2020-11-16,362.57000732421875,335.2323913574219
2020-11-17,360.6199951171875,333.42938232421875
2020-11-18,356.2799987792969,329.41668701171875
2020-11-19,357.7799987792969,330.8036193847656
2020-11-20,355.3299865722656,328.53826904296875
2020-11-23,357.4599914550781,330.5077209472656
2020-11-24,363.2200012207031,335.83343505859375
2020-11-25,362.6600036621094,335.3156433105469
2020-11-27,363.6700134277344,336.2495422363281
2020-11-30,362.05999755859375,334.76080322265625
2020-12-01,366.0199890136719,338.42218017578125
2020-12-02,366.7900085449219,339.1341857910156
2020-12-03,366.69000244140625,339.0417785644531
2020-12-04,369.8500061035156,341.9635009765625
2020-12-07,369.0899963378906,341.26080322265625
2020-12-08,370.1700134277344,342.2593688964844
2020-12-09,366.8500061035156,339.18975830078125
2020-12-10,366.7300109863281,339.0787658691406
2020-12-11,366.29998779296875,338.6812438964844
2020-12-14,364.6600036621094,337.1648864746094
2020-12-15,369.5899963378906,341.7231140136719
2020-12-16,370.1700134277344,342.2593688964844
2020-12-17,372.239990234375,344.17333984375
2020-12-18,369.17999267578125,342.7989807128906
2020-12-21,367.8599853515625,341.5733642578125
2020-12-22,367.239990234375,340.99774169921875
2020-12-23,367.57000732421875,341.30413818359375
2020-12-24,369.0,342.6319580078125
2020-12-28,372.1700134277344,345.57537841796875
2020-12-29,371.4599914550781,344.9161071777344
2020-12-30,371.989990234375,345.4082336425781
2020-12-31,373.8800048828125,347.1632385253906
2021-01-04,368.7900085449219,342.4368896484375
2021-01-05,371.3299865722656,344.79541015625
2021-01-06,373.54998779296875,346.8567810058594
2021-01-07,379.1000061035156,352.01025390625
2021-01-08,381.260009765625,354.0158386230469
2021-01-11,378.69000244140625,351.6295471191406
2021-01-12,378.7699890136719,351.7037658691406
2021-01-13,379.7900085449219,352.65087890625
2021-01-14,378.4599914550781,351.4159240722656
2021-01-15,375.70001220703125,348.8531188964844
2021-01-19,378.6499938964844,351.59234619140625
2021-01-20,383.8900146484375,356.4580078125
2021-01-21,384.239990234375,356.7828674316406
2021-01-22,382.8800048828125,355.52001953125
2021-01-25,384.3900146484375,356.92218017578125
2021-01-26,383.7900085449219,356.36505126953125
2021-01-27,374.4100036621094,347.6553955078125
2021-01-28,377.6300048828125,350.6452331542969
2021-01-29,370.07000732421875,343.6254577636719
2021-02-01,376.2300109863281,349.3453063964844
2021-02-02,381.54998779296875,354.28515625
2021-02-03,381.8500061035156,354.563720703125
2021-02-04,386.19000244140625,358.593505859375
2021-02-05,387.7099914550781,360.0048828125
2021-02-08,390.510009765625,362.6048278808594
2021-02-09,390.25,362.3634033203125
2021-02-10,390.0799865722656,362.20550537109375
2021-02-11,390.7099914550781,362.7904968261719
2021-02-12,392.6400146484375,364.5826416015625
2021-02-16,392.29998779296875,364.26690673828125
2021-02-17,392.3900146484375,364.3505554199219
2021-02-18,390.7200012207031,362.7998046875
2021-02-19,390.0299987792969,362.1591491699219
2021-02-22,387.0299987792969,359.37353515625
2021-02-23,387.5,359.8099365234375
2021-02-24,391.7699890136719,363.7747802734375
2021-02-25,382.3299865722656,355.0093688964844
2021-02-26,380.3599853515625,353.1801452636719
2021-03-01,389.5799865722656,361.7413635253906
2021-03-02,386.5400085449219,358.9186096191406
2021-03-03,381.4200134277344,354.1644592285156
2021-03-04,376.70001220703125,349.78167724609375
2021-03-05,383.6300048828125,356.2165222167969
2021-03-08,381.7200012207031,354.4429626464844
2021-03-09,387.1700134277344,359.5035705566406
2021-03-10,389.5799865722656,361.7413635253906
2021-03-11,393.5299987792969,365.4090881347656
2021-03-12,394.05999755859375,365.9012451171875
2021-03-15,396.4100036621094,368.0832824707031
2021-03-16,395.9100036621094,367.6189880371094
2021-03-17,397.260009765625,368.8725280761719
2021-03-18,391.4800109863281,363.5055236816406
2021-03-19,389.4800109863281,362.83294677734375
2021-03-22,392.5899963378906,365.73016357421875
2021-03-23,389.5,362.8515625
2021-03-24,387.5199890136719,361.00701904296875
2021-03-25,389.70001220703125,363.03790283203125
2021-03-26,395.9800109863281,368.8882141113281
2021-03-29,395.7799987792969,368.70196533203125
2021-03-30,394.7300109863281,367.7237243652344
2021-03-31,396.3299865722656,369.21429443359375
2021-04-01,400.6099853515625,373.2013854980469
2021-04-05,406.3599853515625,378.55804443359375
2021-04-06,406.1199951171875,378.33447265625
2021-04-07,406.5899963378906,378.7723083496094
2021-04-08,408.5199890136719,380.5702819824219
2021-04-09,411.489990234375,383.33709716796875
2021-04-12,411.6400146484375,383.476806640625
2021-04-13,412.8599853515625,384.61334228515625
2021-04-14,411.45001220703125,383.2998046875
2021-04-15,415.8699951171875,387.4173583984375
2021-04-16,417.260009765625,388.71234130859375
2021-04-19,415.2099914550781,386.80255126953125
2021-04-20,412.1700134277344,383.9705505371094
2021-04-21,416.07000732421875,387.60369873046875
2021-04-22,412.2699890136719,384.063720703125
2021-04-23,416.739990234375,388.2279357910156
2021-04-26,417.6099853515625,389.038330078125
2021-04-27,417.5199890136719,388.9544982910156
2021-04-28,417.3999938964844,388.8428039550781
2021-04-29,420.05999755859375,391.32073974609375
2021-04-30,417.29998779296875,388.7495422363281
2021-05-03,418.20001220703125,389.5880126953125
2021-05-04,415.6199951171875,387.1844787597656
2021-05-05,415.75,387.3056640625
2021-05-06,419.07000732421875,390.3985595703125
2021-05-07,422.1199951171875,393.23980712890625
2021-05-10,417.94000244140625,389.3457946777344
2021-05-11,414.2099914550781,385.8710021972656
2021-05-12,405.4100036621094,377.6730041503906
2021-05-13,410.2799987792969,382.2098388671875
2021-05-14,416.5799865722656,388.078857421875
2021-05-17,415.5199890136719,387.09130859375
2021-05-18,411.94000244140625,383.7562561035156
2021-05-19,410.8599853515625,382.7502136230469
2021-05-20,415.2799987792969,386.8678283691406
2021-05-21,414.94000244140625,386.551025390625
2021-05-24,419.1700134277344,390.49163818359375
2021-05-25,418.239990234375,389.6252746582031
2021-05-26,419.07000732421875,390.3985595703125
2021-05-27,419.2900085449219,390.6034240722656
2021-05-28,420.0400085449219,391.3021545410156
2021-06-01,419.6700134277344,390.9573974609375
2021-06-02,420.3299865722656,391.57232666015625
2021-06-03,418.7699890136719,390.11895751953125
2021-06-04,422.6000061035156,393.68695068359375
2021-06-07,422.19000244140625,393.3050537109375
2021-06-08,422.2799987792969,393.38885498046875
2021-06-09,421.6499938964844,392.8019714355469
2021-06-10,423.6099853515625,394.62786865234375
2021-06-11,424.30999755859375,395.27996826171875
2021-06-14,425.260009765625,396.1649475097656
2021-06-15,424.4800109863281,395.43841552734375
2021-06-16,422.1099853515625,393.2304382324219
2021-06-17,421.9700012207031,393.1001281738281
2021-06-18,414.9200134277344,387.79693603515625
2021-06-21,420.8599853515625,393.3486022949219
2021-06-22,423.1099853515625,395.45159912109375
2021-06-23,422.6000061035156,394.9749450683594
2021-06-24,425.1000061035156,397.3115234375
2021-06-25,426.6099853515625,398.72283935546875
2021-06-28,427.4700012207031,399.52667236328125
2021-06-29,427.70001220703125,399.7415466308594
2021-06-30,428.05999755859375,400.0780334472656
2021-07-01,430.42999267578125,402.29315185546875
2021-07-02,433.7200012207031,405.3680419921875
2021-07-06,432.92999267578125,404.6297302246094
2021-07-07,434.4599914550781,406.0596618652344
2021-07-08,430.9200134277344,402.75115966796875
2021-07-09,435.5199890136719,407.05035400390625
2021-07-12,437.0799865722656,408.5083312988281
2021-07-13,435.5899963378906,407.1157531738281
2021-07-14,436.239990234375,407.7232360839844
2021-07-15,434.75,406.3307189941406
2021-07-16,431.3399963378906,403.1435546875
2021-07-19,424.9700012207031,397.19000244140625
2021-07-20,431.05999755859375,402.88189697265625
2021-07-21,434.54998779296875,406.1437683105469
2021-07-22,435.4599914550781,406.99432373046875
2021-07-23,439.94000244140625,411.1814270019531
2021-07-26,441.0199890136719,412.1908264160156
2021-07-27,439.010009765625,410.3122863769531
2021-07-28,438.8299865722656,410.14398193359375
2021-07-29,440.6499938964844,411.8450622558594
2021-07-30,438.510009765625,409.844970703125
2021-08-02,437.5899963378906,408.9850769042969
2021-08-03,441.1499938964844,412.31243896484375
2021-08-04,438.9800109863281,410.2842102050781
2021-08-05,441.760009765625,412.88250732421875
2021-08-06,442.489990234375,413.5647277832031
2021-08-09,442.1300048828125,413.228271484375
2021-08-10,442.67999267578125,413.7423400878906
2021-08-11,443.7799987792969,414.7704162597656
2021-08-12,445.1099853515625,416.01348876953125
2021-08-13,445.9200134277344,416.7705078125
2021-08-16,446.9700012207031,417.7518615722656
2021-08-17,444.0400085449219,415.0134582519531
2021-08-18,439.17999267578125,410.47113037109375
2021-08-19,439.8599853515625,411.1067199707031
2021-08-20,443.3599853515625,414.3778381347656
2021-08-23,447.260009765625,418.0230407714844
2021-08-24,447.9700012207031,418.68658447265625
2021-08-25,448.9100036621094,419.56512451171875
2021-08-26,446.260009765625,417.0882873535156
2021-08-27,450.25,420.8175354003906
2021-08-30,452.2300109863281,422.6680603027344
2021-08-31,451.55999755859375,422.04180908203125
2021-09-01,451.79998779296875,422.26611328125
2021-09-02,453.19000244140625,423.56536865234375
2021-09-03,453.0799865722656,423.46246337890625
2021-09-07,451.4599914550781,421.9483642578125
2021-09-08,450.9100036621094,421.4343566894531
2021-09-09,448.9800109863281,419.6305236816406
2021-09-10,445.44000244140625,416.3219909667969
2021-09-13,446.5799865722656,417.3874206542969
2021-09-14,444.1700134277344,415.13494873046875
2021-09-15,447.8800048828125,418.6024475097656
2021-09-16,447.1700134277344,417.93890380859375
2021-09-17,441.3999938964844,413.86767578125
2021-09-20,434.0400085449219,406.96673583984375
2021-09-21,433.6300048828125,406.5823059082031
2021-09-22,437.8599853515625,410.5484619140625
2021-09-23,443.17999267578125,415.5366516113281
2021-09-24,443.9100036621094,416.2210998535156
2021-09-27,442.6400146484375,415.0303649902344
2021-09-28,433.7200012207031,406.6666564941406
2021-09-29,434.45001220703125,407.3511657714844
2021-09-30,429.1400146484375,402.3724365234375
2021-10-01,434.239990234375,407.1542663574219
2021-10-04,428.6400146484375,401.9035339355469
2021-10-05,433.1000061035156,406.08538818359375
2021-10-06,434.8999938964844,407.7731018066406
2021-10-07,438.6600036621094,411.2986145019531
2021-10-08,437.8599853515625,410.5484619140625
2021-10-11,434.69000244140625,407.57623291015625
2021-10-12,433.6199951171875,406.57293701171875
2021-10-13,435.17999267578125,408.03570556640625
2021-10-14,442.5,414.8990783691406
2021-10-15,445.8699951171875,418.058837890625
2021-10-18,447.19000244140625,419.2965393066406
2021-10-19,450.6400146484375,422.5313415527344
2021-10-20,452.4100036621094,424.19091796875
2021-10-21,453.5899963378906,425.29730224609375
2021-10-22,453.1199951171875,424.8565979003906
2021-10-25,455.54998779296875,427.135009765625
2021-10-26,455.9599914550781,427.5195007324219
2021-10-27,453.94000244140625,425.6255798339844
2021-10-28,458.32000732421875,429.7322692871094
2021-10-29,459.25,430.6042785644531
2021-11-01,460.0400085449219,431.34503173828125
2021-11-02,461.8999938964844,433.0889587402344
2021-11-03,464.7200012207031,435.73309326171875
2021-11-04,466.9100036621094,437.7865295410156
2021-11-05,468.5299987792969,439.30548095703125
2021-11-08,468.92999267578125,439.68048095703125
2021-11-09,467.3800048828125,438.2272033691406
2021-11-10,463.6199951171875,434.70166015625
2021-11-11,463.7699890136719,434.84234619140625
2021-11-12,467.2699890136719,438.1239013671875
2021-11-15,467.42999267578125,438.2740173339844
2021-11-16,469.2799987792969,440.0086364746094
2021-11-17,468.1400146484375,438.9398193359375
2021-11-18,469.7300109863281,440.4305725097656
2021-11-19,468.8900146484375,439.64300537109375
2021-11-22,467.57000732421875,438.4053649902344
2021-11-23,468.19000244140625,438.98663330078125
2021-11-24,469.44000244140625,440.15869140625
2021-11-26,458.9700012207031,430.34173583984375
2021-11-29,464.6000061035156,435.6205139160156
2021-11-30,455.55999755859375,427.1444091796875
2021-12-01,450.5,422.4000549316406
2021-12-02,457.3999938964844,428.8697204589844
2021-12-03,453.4200134277344,425.137939453125
2021-12-06,458.7900085449219,430.1729736328125
2021-12-07,468.2799987792969,439.0710144042969
2021-12-08,469.5199890136719,440.233642578125
2021-12-09,466.3500061035156,437.26141357421875
2021-12-10,470.739990234375,441.3775939941406
2021-12-13,466.57000732421875,437.46771240234375
2021-12-14,463.3599853515625,434.4579162597656
2021-12-15,470.6000061035156,441.2463684082031
2021-12-16,466.45001220703125,437.355224609375
2021-12-17,459.8699951171875,432.7004089355469
2021-12-20,454.9800109863281,428.0994873046875
2021-12-21,463.05999755859375,435.7019958496094
2021-12-22,467.69000244140625,440.0584716796875
2021-12-23,470.6000061035156,442.7965393066406
2021-12-27,477.260009765625,449.0631103515625
2021-12-28,476.8699951171875,448.6961669921875
2021-12-29,477.4800109863281,449.2700500488281
2021-12-30,476.1600036621094,448.02801513671875
2021-12-31,474.9599914550781,446.89886474609375
2022-01-03,477.7099914550781,449.4864501953125
2022-01-04,477.54998779296875,449.33587646484375
2022-01-05,468.3800048828125,440.70770263671875
2022-01-06,467.94000244140625,440.29364013671875
2022-01-07,466.0899963378906,438.5529479980469
2022-01-10,465.510009765625,438.00726318359375
2022-01-11,469.75,441.9967346191406
2022-01-12,471.0199890136719,443.19171142578125
2022-01-13,464.5299987792969,437.0850830078125
2022-01-14,464.7200012207031,437.263916015625
2022-01-18,456.489990234375,429.52008056640625
2022-01-19,451.75,425.0601806640625
2022-01-20,446.75,420.35565185546875
2022-01-21,437.9800109863281,412.1037292480469
2022-01-24,439.8399963378906,413.85382080078125
2022-01-25,434.4700012207031,408.8011474609375
2022-01-26,433.3800048828125,407.7755126953125
2022-01-27,431.239990234375,405.7619323730469
2022-01-28,441.95001220703125,415.8392028808594
2022-01-31,449.9100036621094,423.3288879394531
2022-02-01,452.95001220703125,426.18927001953125
2022-02-02,457.3500061035156,430.3293762207031
2022-02-03,446.6000061035156,420.2144470214844
2022-02-04,448.70001220703125,422.1903991699219
2022-02-07,447.260009765625,420.83551025390625
2022-02-08,450.94000244140625,424.2980041503906
2022-02-09,457.5400085449219,430.5080871582031
2022-02-10,449.32000732421875,422.773681640625
2022-02-11,440.4599914550781,414.43719482421875
2022-02-14,439.0199890136719,413.0822448730469
2022-02-15,446.1000061035156,419.7440185546875
2022-02-16,446.6000061035156,420.2144470214844
2022-02-17,437.05999755859375,411.2381286621094
2022-02-18,434.2300109863281,408.5753173828125
2022-02-22,429.57000732421875,404.19061279296875
2022-02-23,421.95001220703125,397.0209045410156
2022-02-24,428.29998779296875,402.99566650390625
2022-02-25,437.75,411.8873596191406
2022-02-28,436.6300048828125,410.83355712890625
2022-03-01,429.9800109863281,404.5764465332031
2022-03-02,437.8900146484375,412.01910400390625
2022-03-03,435.7099914550781,409.96783447265625
2022-03-04,432.1700134277344,406.6369323730469
2022-03-07,419.42999267578125,394.6496887207031
2022-03-08,416.25,391.6575927734375
2022-03-09,427.4100036621094,402.15826416015625
2022-03-10,425.4800109863281,400.34228515625
2022-03-11,420.07000732421875,395.2518615722656
2022-03-14,417.0,392.36328125
2022-03-15,426.1700134277344,400.9914855957031
2022-03-16,435.6199951171875,409.88311767578125
2022-03-17,441.07000732421875,415.0111389160156
2022-03-18,444.5199890136719,419.55670166015625
2022-03-21,444.3900146484375,419.4340515136719
2022-03-22,449.5899963378906,424.3419189453125
2022-03-23,443.79998779296875,418.8771057128906
2022-03-24,450.489990234375,425.1914367675781
2022-03-25,452.69000244140625,427.26788330078125
2022-03-28,455.9100036621094,430.30706787109375
2022-03-29,461.54998779296875,435.63031005859375
2022-03-30,458.70001220703125,432.9404296875
2022-03-31,451.6400146484375,426.2768249511719
2022-04-01,452.9200134277344,427.4849853515625
2022-04-04,456.79998779296875,431.1470642089844
2022-04-05,451.0299987792969,425.70111083984375
2022-04-06,446.5199890136719,421.4443054199219
2022-04-07,448.7699890136719,423.56805419921875
2022-04-08,447.57000732421875,422.4354553222656
2022-04-11,439.9200134277344,415.2151184082031
2022-04-12,438.2900085449219,413.676513671875
2022-04-13,443.30999755859375,418.4146728515625
2022-04-14,437.7900085449219,413.2046813964844
2022-04-18,437.9700012207031,413.3745422363281
2022-04-19,445.0400085449219,420.0475769042969
2022-04-20,444.7099914550781,419.736083984375
2022-04-21,438.05999755859375,413.4595642089844
2022-04-22,426.0400085449219,402.114501953125
2022-04-25,428.510009765625,404.4458312988281
2022-04-26,416.1000061035156,392.73272705078125
2022-04-27,417.2699890136719,393.8370056152344
2022-04-28,427.80999755859375,403.78509521484375
2022-04-29,412.0,388.863037109375
2022-05-02,414.4800109863281,391.2037048339844
2022-05-03,416.3800048828125,392.9970397949219
2022-05-04,429.05999755859375,404.9649353027344
2022-05-05,413.80999755859375,390.57135009765625
2022-05-06,411.3399963378906,388.239990234375
2022-05-09,398.1700134277344,375.8096618652344
2022-05-10,399.0899963378906,376.677978515625
2022-05-11,392.75,370.6940002441406
2022-05-12,392.3399963378906,370.30706787109375
2022-05-13,401.7200012207031,379.1602783203125
2022-05-16,400.0899963378906,377.6217956542969
2022-05-17,408.32000732421875,385.38958740234375
2022-05-18,391.8599853515625,369.85400390625
2022-05-19,389.4599914550781,367.5887756347656
2022-05-20,389.6300048828125,367.7492980957031
2022-05-23,396.9200134277344,374.6298828125
2022-05-24,393.8900146484375,371.7699890136719
2022-05-25,397.3699951171875,375.0545959472656
2022-05-26,405.30999755859375,382.5487060546875
2022-05-27,415.260009765625,391.93988037109375
2022-05-31,412.92999267578125,389.7407531738281
2022-06-01,409.5899963378906,386.5882873535156
2022-06-02,417.3900146484375,393.9502868652344
2022-06-03,410.5400085449219,387.4849548339844
2022-06-06,411.7900085449219,388.6647644042969
2022-06-07,415.739990234375,392.3929443359375
2022-06-08,411.2200012207031,388.1267395019531
2022-06-09,401.44000244140625,378.8959655761719
2022-06-10,389.79998779296875,367.9096984863281
2022-06-13,375.0,353.9408264160156
2022-06-14,373.8699951171875,352.8742370605469
2022-06-15,379.20001220703125,357.9049377441406
2022-06-16,366.6499938964844,346.0597229003906
2022-06-17,365.8599853515625,346.80572509765625
2022-06-21,375.07000732421875,355.5361022949219
2022-06-22,374.3900146484375,354.8914794921875
2022-06-23,378.05999755859375,358.3703308105469
2022-06-24,390.0799865722656,369.7643127441406
2022-06-27,388.5899963378906,368.3519592285156
2022-06-28,380.6499938964844,360.82550048828125
2022-06-29,380.3399963378906,360.5315856933594
2022-06-30,377.25,357.6026306152344
2022-07-01,381.239990234375,361.3847961425781
2022-07-05,381.9599914550781,362.0672302246094
2022-07-06,383.25,363.29010009765625
2022-07-07,388.989990234375,368.7311096191406
2022-07-08,388.6700134277344,368.4278564453125
2022-07-11,384.2300109863281,364.21905517578125
2022-07-12,380.8299865722656,360.99609375
2022-07-13,378.8299865722656,359.10028076171875
2022-07-14,377.9100036621094,358.22821044921875
2022-07-15,385.1300048828125,365.0721435546875
2022-07-18,381.95001220703125,362.05780029296875
2022-07-19,392.2699890136719,371.84033203125
2022-07-20,394.7699890136719,374.2100524902344
2022-07-21,398.7900085449219,378.0207214355469
2022-07-22,395.0899963378906,374.513427734375
2022-07-25,395.57000732421875,374.9684143066406
2022-07-26,390.8900146484375,370.5321960449219
2022-07-27,401.0400085449219,380.153564453125
2022-07-28,406.07000732421875,384.9216003417969
2022-07-29,411.989990234375,390.533203125
2022-08-01,410.7699890136719,389.3768005371094
2022-08-02,408.05999755859375,386.8079528808594
2022-08-03,414.45001220703125,392.8652038574219
2022-08-04,414.1700134277344,392.5997009277344
2022-08-05,413.4700012207031,391.9361877441406
2022-08-08,412.989990234375,391.48114013671875
2022-08-09,411.3500061035156,389.92657470703125
2022-08-10,419.989990234375,398.1165771484375
2022-08-11,419.989990234375,398.1165771484375
2022-08-12,427.1000061035156,404.8563232421875
2022-08-15,428.8599853515625,406.5246276855469
2022-08-16,429.70001220703125,407.3208923339844
2022-08-17,426.6499938964844,404.4298095703125
2022-08-18,427.8900146484375,405.6051940917969
2022-08-19,422.1400146484375,400.1546325683594
2022-08-22,413.3500061035156,391.8224792480469
2022-08-23,412.3500061035156,390.87445068359375
2022-08-24,413.6700134277344,392.125732421875
2022-08-25,419.510009765625,397.66162109375
2022-08-26,405.30999755859375,384.2012023925781
2022-08-29,402.6300048828125,381.6607360839844
2022-08-30,398.2099914550781,377.4709167480469
2022-08-31,395.17999267578125,374.5987548828125
2022-09-01,396.4200134277344,375.7742004394531
2022-09-02,392.239990234375,371.8117980957031
2022-09-06,390.760009765625,370.408935546875
2022-09-07,397.7799987792969,377.0633239746094
2022-09-08,400.3800048828125,379.5279235839844
2022-09-09,406.6000061035156,385.4239807128906
2022-09-12,410.9700012207031,389.56634521484375
2022-09-13,393.1000061035156,372.6270446777344
2022-09-14,394.6000061035156,374.0489196777344
2022-09-15,390.1199951171875,369.80224609375
2022-09-16,385.55999755859375,366.9810791015625
2022-09-19,388.54998779296875,369.8270263671875
2022-09-20,384.0899963378906,365.5818786621094
2022-09-21,377.3900146484375,359.2047424316406
2022-09-22,374.2200012207031,356.1875305175781
2022-09-23,367.95001220703125,350.2196350097656
2022-09-26,364.30999755859375,346.7550964355469
2022-09-27,363.3800048828125,345.8699035644531
2022-09-28,370.5299987792969,352.6753234863281
2022-09-29,362.7900085449219,345.3083190917969
2022-09-30,357.17999267578125,339.9686279296875
2022-10-03,366.6099853515625,348.9442138671875
2022-10-04,377.9700012207031,359.7568054199219
2022-10-05,377.0899963378906,358.9192199707031
2022-10-06,373.20001220703125,355.2167053222656
2022-10-07,362.7900085449219,345.3083190917969
2022-10-10,360.0199890136719,342.67181396484375
2022-10-11,357.739990234375,340.50164794921875
2022-10-12,356.55999755859375,339.3785705566406
2022-10-13,365.9700012207031,348.3351135253906
2022-10-14,357.6300048828125,340.39697265625
2022-10-17,366.82000732421875,349.1440734863281
2022-10-18,371.1300048828125,353.2464294433594
2022-10-19,368.5,350.7431335449219
2022-10-20,365.4100036621094,347.80206298828125
2022-10-21,374.2900085449219,356.25421142578125
2022-10-24,378.8699951171875,360.6134338378906
2022-10-25,384.9200134277344,366.3718566894531
2022-10-26,382.0199890136719,363.6116943359375
2022-10-27,379.9800109863281,361.6700134277344
2022-10-28,389.0199890136719,370.27435302734375
2022-10-31,386.2099914550781,367.5997314453125
2022-11-01,384.5199890136719,365.9911804199219
2022-11-02,374.8699951171875,356.8061828613281
2022-11-03,371.010009765625,353.1322326660156
2022-11-04,376.3500061035156,358.21484375
2022-11-07,379.95001220703125,361.6414794921875
2022-11-08,382.0,363.5926513671875
2022-11-09,374.1300048828125,356.1018981933594
2022-11-10,394.69000244140625,375.6711730957031
2022-11-11,398.510009765625,379.3070983886719
2022-11-14,395.1199951171875,376.08038330078125
2022-11-15,398.489990234375,379.28802490234375
2022-11-16,395.45001220703125,376.39447021484375
2022-11-17,394.239990234375,375.2427978515625
2022-11-18,396.0299987792969,376.9466247558594
2022-11-21,394.5899963378906,375.5759582519531
2022-11-22,399.8999938964844,380.630126953125
2022-11-23,402.4200134277344,383.0286560058594
2022-11-25,402.3299865722656,382.9429626464844
2022-11-28,395.9100036621094,376.83233642578125
2022-11-29,395.2300109863281,376.1851501464844
2022-11-30,407.67999267578125,388.03515625
2022-12-01,407.3800048828125,387.7496643066406
2022-12-02,406.9100036621094,387.3023376464844
2022-12-05,399.5899963378906,380.3349914550781
2022-12-06,393.8299865722656,374.8525390625
2022-12-07,393.1600036621094,374.2148742675781
2022-12-08,396.239990234375,377.1464538574219
2022-12-09,393.2799987792969,374.3291015625
2022-12-12,398.95001220703125,379.72589111328125
2022-12-13,401.9700012207031,382.60040283203125
2022-12-14,399.3999938964844,380.15411376953125
2022-12-15,389.6300048828125,370.8550109863281
2022-12-16,383.2699890136719,366.4765930175781
2022-12-19,380.0199890136719,363.36895751953125
2022-12-20,380.5400085449219,363.8662414550781
2022-12-21,386.2300109863281,369.30694580078125
2022-12-22,380.7200012207031,364.038330078125
2022-12-23,382.9100036621094,366.1323547363281
2022-12-27,381.3999938964844,364.6885070800781
2022-12-28,376.6600036621094,360.1562194824219
2022-12-29,383.44000244140625,366.6391906738281
2022-12-30,382.42999267578125,365.67340087890625
2023-01-03,380.82000732421875,364.13397216796875
2023-01-04,383.760009765625,366.9451599121094
2023-01-05,379.3800048828125,362.7569885253906
2023-01-06,388.0799865722656,371.0758056640625
2023-01-09,387.8599853515625,370.8654479980469
2023-01-10,390.5799865722656,373.4663391113281
2023-01-11,395.5199890136719,378.18988037109375
2023-01-12,396.9599914550781,379.5667724609375
2023-01-13,398.5,381.0393371582031
2023-01-17,397.7699890136719,380.34124755859375
2023-01-18,391.489990234375,374.3364562988281
2023-01-19,388.6400146484375,371.611328125
2023-01-20,395.8800048828125,378.53411865234375
2023-01-23,400.6300048828125,383.07598876953125
2023-01-24,400.20001220703125,382.6647644042969
2023-01-25,400.3500061035156,382.8082275390625
2023-01-26,404.75,387.0154113769531
2023-01-27,405.67999267578125,387.9046630859375
2023-01-30,400.5899963378906,383.0376892089844
2023-01-31,406.4800109863281,388.66961669921875
2023-02-01,410.79998779296875,392.8003234863281
2023-02-02,416.7799987792969,398.5183410644531
2023-02-03,412.3500061035156,394.2823791503906
2023-02-06,409.8299865722656,391.8728332519531
2023-02-07,415.19000244140625,396.9979553222656
2023-02-08,410.6499938964844,392.6568908691406
2023-02-09,407.0899963378906,389.2529602050781
2023-02-10,408.0400085449219,390.1613464355469
2023-02-13,412.8299865722656,394.74139404296875
2023-02-14,412.6400146484375,394.55975341796875
2023-02-15,413.9800109863281,395.84100341796875
2023-02-16,408.2799987792969,390.3907775878906
2023-02-17,407.260009765625,389.4154968261719
2023-02-21,399.0899963378906,381.6034240722656
2023-02-22,398.5400085449219,381.0775451660156
2023-02-23,400.6600036621094,383.1046142578125
2023-02-24,396.3800048828125,379.0121765136719
2023-02-27,397.7300109863281,380.3030090332031
2023-02-28,396.260009765625,378.89739990234375
2023-03-01,394.739990234375,377.44403076171875
2023-03-02,397.80999755859375,380.3795471191406
2023-03-03,404.19000244140625,386.4799499511719
2023-03-06,404.4700012207031,386.7477111816406
2023-03-07,398.2699890136719,380.8193359375
2023-03-08,398.9200134277344,381.4409484863281
2023-03-09,391.55999755859375,374.40338134765625
2023-03-10,385.9100036621094,369.00091552734375
2023-03-13,385.3599853515625,368.4750061035156
2023-03-14,391.7300109863281,374.56591796875
2023-03-15,389.2799987792969,372.2232666015625
2023-03-16,396.1099853515625,378.7539367675781
2023-03-17,389.989990234375,374.3253173828125
2023-03-20,393.739990234375,377.92474365234375
2023-03-21,398.9100036621094,382.8870849609375
2023-03-22,392.1099853515625,376.3601379394531
2023-03-23,393.1700134277344,377.3776550292969
2023-03-24,395.75,379.85400390625
2023-03-27,396.489990234375,380.56427001953125
2023-03-28,395.6000061035156,379.71002197265625
2023-03-29,401.3500061035156,385.22906494140625
2023-03-30,403.70001220703125,387.48468017578125
2023-03-31,409.3900146484375,392.9461669921875
2023-04-03,410.95001220703125,394.44342041015625
2023-04-04,408.6700134277344,392.25506591796875
2023-04-05,407.6000061035156,391.2279968261719
2023-04-06,409.19000244140625,392.754150390625
2023-04-10,409.6099853515625,393.1573181152344
2023-04-11,409.7200012207031,393.26287841796875
2023-04-12,408.04998779296875,391.65997314453125
2023-04-13,413.4700012207031,396.8622131347656
2023-04-14,412.4599914550781,395.892822265625
2023-04-17,413.94000244140625,397.3133544921875
2023-04-18,414.2099914550781,397.57244873046875
2023-04-19,414.1400146484375,397.5053405761719
2023-04-20,411.8800048828125,395.3361511230469
2023-04-21,412.20001220703125,395.64324951171875
2023-04-24,412.6300048828125,396.05596923828125
2023-04-25,406.0799865722656,389.7690734863281
2023-04-26,404.3599853515625,388.1180725097656
2023-04-27,412.4100036621094,395.8448181152344
2023-04-28,415.92999267578125,399.223388671875
2023-05-01,415.510009765625,398.8203430175781
2023-05-02,410.8399963378906,394.3378601074219
2023-05-03,408.0199890136719,391.63116455078125
2023-05-04,405.1300048828125,388.8572082519531
2023-05-05,412.6300048828125,396.05596923828125
2023-05-08,412.739990234375,396.16156005859375
2023-05-09,410.92999267578125,394.42425537109375
2023-05-10,412.8500061035156,396.26715087890625
2023-05-11,412.1300048828125,395.5760192871094
2023-05-12,411.5899963378906,395.0577697753906
2023-05-15,413.010009765625,396.42071533203125
2023-05-16,410.25,393.7716064453125
2023-05-17,415.2300109863281,398.5515441894531
2023-05-18,419.2300109863281,402.39093017578125
2023-05-19,418.6199951171875,401.8052978515625
2023-05-22,418.7900085449219,401.9685363769531
2023-05-23,414.0899963378906,397.4573059082031
2023-05-24,411.0899963378906,394.5777893066406
2023-05-25,414.6499938964844,397.9947814941406
2023-05-26,420.0199890136719,403.149169921875
2023-05-30,420.17999267578125,403.3027038574219
2023-05-31,417.8500061035156,401.0663757324219
2023-06-01,421.82000732421875,404.8768310546875
2023-06-02,427.9200134277344,410.7318115234375
2023-06-05,427.1000061035156,409.94482421875
2023-06-06,428.0299987792969,410.8373718261719
2023-06-07,426.54998779296875,409.4168701171875
2023-06-08,429.1300048828125,411.89324951171875
2023-06-09,429.8999938964844,412.6322326660156
2023-06-12,433.79998779296875,416.3756408691406
2023-06-13,436.6600036621094,419.12078857421875
2023-06-14,437.17999267578125,419.6199035644531
2023-06-15,442.6000061035156,424.8221740722656
2023-06-16,439.4599914550781,423.3751525878906
2023-06-20,437.17999267578125,421.1786193847656
2023-06-21,434.94000244140625,419.02056884765625
2023-06-22,436.510009765625,420.5331115722656
2023-06-23,433.2099914550781,417.3538818359375
2023-06-26,431.44000244140625,415.6487121582031
2023-06-27,436.1700134277344,420.20556640625
2023-06-28,436.3900146484375,420.4175109863281
2023-06-29,438.1099853515625,422.07452392578125
2023-06-30,443.2799987792969,427.05535888671875
2023-07-03,443.7900085449219,427.546630859375
2023-07-05,443.1300048828125,426.9107971191406
2023-07-06,439.6600036621094,423.56781005859375
2023-07-07,438.54998779296875,422.4984130859375
2023-07-10,439.6600036621094,423.56781005859375
2023-07-11,442.4599914550781,426.26531982421875
2023-07-12,446.0199890136719,429.695068359375
2023-07-13,449.55999755859375,433.10546875
2023-07-14,449.2799987792969,432.83575439453125
2023-07-17,450.8399963378906,434.3386535644531
2023-07-18,454.19000244140625,437.5660095214844
2023-07-19,455.20001220703125,438.5390319824219
2023-07-20,452.17999267578125,435.6295471191406
2023-07-21,452.17999267578125,435.6295471191406
2023-07-24,454.20001220703125,437.5756530761719
2023-07-25,455.44000244140625,438.770263671875
2023-07-26,455.510009765625,438.83770751953125
2023-07-27,452.489990234375,435.9282531738281
2023-07-28,456.9200134277344,440.1961364746094
2023-07-31,457.7900085449219,441.0343017578125
2023-08-01,456.4800109863281,439.7721862792969
2023-08-02,450.1300048828125,433.65460205078125
2023-08-03,448.8399963378906,432.41180419921875
2023-08-04,446.80999755859375,430.4561462402344
2023-08-07,450.7099914550781,434.21343994140625
2023-08-08,448.75,432.3251647949219
2023-08-09,445.75,429.4349060058594
2023-08-10,445.9100036621094,429.5890808105469
2023-08-11,445.6499938964844,429.3385925292969
2023-08-14,448.1099853515625,431.70849609375
2023-08-15,442.8900146484375,426.67962646484375
2023-08-16,439.6400146484375,423.5485534667969
2023-08-17,436.2900085449219,420.3211669921875
2023-08-18,436.5,420.5234680175781
2023-08-21,439.3399963378906,423.2595520019531
2023-08-22,438.1499938964844,422.1130676269531
2023-08-23,443.0299987792969,426.814453125
2023-08-24,436.8900146484375,420.89923095703125
2023-08-25,439.9700012207031,423.8664855957031
2023-08-28,442.760009765625,426.55438232421875
2023-08-29,449.1600036621094,432.7201232910156
2023-08-30,451.010009765625,434.50238037109375
2023-08-31,450.3500061035156,433.8666076660156
2023-09-01,451.19000244140625,434.67578125
2023-09-05,449.239990234375,432.79718017578125
2023-09-06,446.2200012207031,429.8877258300781
2023-09-07,444.8500061035156,428.56787109375
2023-09-08,445.5199890136719,429.2133483886719
2023-09-11,448.45001220703125,432.0361328125
2023-09-12,445.989990234375,429.6661376953125
2023-09-13,446.510009765625,430.1671142578125
2023-09-14,450.3599853515625,433.87615966796875
2023-09-15,443.3699951171875,428.6487121582031
2023-09-18,443.6300048828125,428.90008544921875
2023-09-19,442.7099914550781,428.0106201171875
2023-09-20,438.6400146484375,424.0758056640625
2023-09-21,431.3900146484375,417.0665588378906
2023-09-22,430.4200134277344,416.1287536621094
2023-09-25,432.2300109863281,417.87860107421875
2023-09-26,425.8800048828125,411.73944091796875
2023-09-27,426.04998779296875,411.90374755859375
2023-09-28,428.5199890136719,414.2917785644531
2023-09-29,427.4800109863281,413.2862854003906
2023-10-02,427.30999755859375,413.12200927734375
2023-10-03,421.5899963378906,407.5918884277344
2023-10-04,424.6600036621094,410.5599670410156
2023-10-05,424.5,410.4052429199219
2023-10-06,429.5400085449219,415.2779235839844
2023-10-09,432.2900085449219,417.9366455078125
2023-10-10,434.5400085449219,420.1119384765625
2023-10-11,436.32000732421875,421.8327941894531
2023-10-12,433.6600036621094,419.2611083984375
2023-10-13,431.5,417.1728210449219
2023-10-16,436.0400085449219,421.5621032714844
2023-10-17,436.0199890136719,421.542724609375
2023-10-18,430.2099914550781,415.9256286621094
2023-10-19,426.42999267578125,412.2711486816406
2023-10-20,421.19000244140625,407.2051696777344
2023-10-23,420.4599914550781,406.49932861328125
2023-10-24,423.6300048828125,409.5641174316406
2023-10-25,417.54998779296875,403.6859436035156
2023-10-26,412.54998779296875,398.8520812988281
2023-10-27,410.67999267578125,397.04412841796875
2023-10-30,415.5899963378906,401.79107666015625
2023-10-31,418.20001220703125,404.3144836425781
2023-11-01,422.6600036621094,408.6263732910156
2023-11-02,430.760009765625,416.4574279785156
2023-11-03,434.69000244140625,420.2569580078125
2023-11-06,435.69000244140625,421.2237243652344
2023-11-07,436.92999267578125,422.4224853515625
2023-11-08,437.25,422.73193359375
2023-11-09,433.8399963378906,419.43511962890625
2023-11-10,440.6099853515625,425.9803466796875
2023-11-13,440.19000244140625,425.57427978515625
2023-11-14,448.7300109863281,433.8307189941406
2023-11-15,449.67999267578125,434.74920654296875
2023-11-16,450.2300109863281,435.28094482421875
2023-11-17,450.7900085449219,435.8223571777344
2023-11-20,454.260009765625,439.1771240234375
2023-11-21,453.2699890136719,438.2200012207031
2023-11-22,455.0199890136719,439.91192626953125
2023-11-24,455.29998779296875,440.1825866699219
2023-11-27,454.4800109863281,439.3898620605469
2023-11-28,454.92999267578125,439.8248596191406
2023-11-29,454.6099853515625,439.5155029296875
2023-11-30,456.3999938964844,441.2460632324219
2023-12-01,459.1000061035156,443.8564453125
2023-12-04,456.69000244140625,441.5264892578125
2023-12-05,456.6000061035156,441.43939208984375
2023-12-06,454.760009765625,439.66058349609375
2023-12-07,458.2300109863281,443.0153503417969
2023-12-08,460.20001220703125,444.919921875
2023-12-11,461.989990234375,446.65045166015625
2023-12-12,464.1000061035156,448.6904602050781
2023-12-13,470.5,454.87786865234375
2023-12-14,472.010009765625,456.3377685546875
2023-12-15,469.3299865722656,455.58642578125
2023-12-18,471.9700012207031,458.1491394042969
2023-12-19,474.8399963378906,460.9350891113281
2023-12-20,468.260009765625,454.54779052734375
2023-12-21,472.70001220703125,458.8577575683594
2023-12-22,473.6499938964844,459.77996826171875
2023-12-26,475.6499938964844,461.7213439941406
2023-12-27,476.510009765625,462.5561828613281
2023-12-28,476.69000244140625,462.73089599609375
2023-12-29,475.30999755859375,461.39129638671875
2024-01-02,472.6499938964844,458.8092346191406
2024-01-03,468.7900085449219,455.0622863769531
2024-01-04,467.2799987792969,453.5964660644531
2024-01-05,467.9200134277344,454.21771240234375
2024-01-08,474.6000061035156,460.70208740234375
2024-01-09,473.8800048828125,460.00323486328125
2024-01-10,476.55999755859375,462.6047058105469
2024-01-11,476.3500061035156,462.4008483886719
2024-01-12,476.67999267578125,462.7211608886719
2024-01-16,474.92999267578125,461.0224304199219
2024-01-17,472.2900085449219,458.4597473144531
2024-01-18,476.489990234375,462.5367431640625
2024-01-19,482.42999267578125,468.30279541015625
2024-01-22,483.45001220703125,469.2929382324219
2024-01-23,484.8599853515625,470.66162109375
2024-01-24,485.3900146484375,471.1761474609375
2024-01-25,488.0299987792969,473.73883056640625
2024-01-26,487.4100036621094,473.13702392578125
2024-01-29,491.2699890136719,476.8839416503906
2024-01-30,490.8900146484375,476.5151062011719
2024-01-31,482.8800048828125,468.7396545410156
2024-02-01,489.20001220703125,474.87457275390625
2024-02-02,494.3500061035156,479.8737487792969
2024-02-05,492.54998779296875,478.1264343261719
2024-02-06,493.9800109863281,479.5146179199219
2024-02-07,498.1000061035156,483.51397705078125
2024-02-08,498.32000732421875,483.72747802734375
2024-02-09,501.20001220703125,486.523193359375
2024-02-12,500.9800109863281,486.30963134765625
2024-02-13,494.0799865722656,479.61163330078125
2024-02-14,498.57000732421875,483.9701843261719
2024-02-15,502.010009765625,487.3094482421875
2024-02-16,499.510009765625,484.8826904296875
2024-02-20,496.760009765625,482.2132263183594
2024-02-21,497.2099914550781,482.6500244140625
2024-02-22,507.5,492.63873291015625
2024-02-23,507.8500061035156,492.97845458984375
2024-02-26,505.989990234375,491.1728820800781
2024-02-27,506.92999267578125,492.0853576660156
2024-02-28,506.260009765625,491.43505859375
2024-02-29,508.0799865722656,493.20172119140625
2024-03-01,512.8499755859375,497.83197021484375
2024-03-04,512.2999877929688,497.2980651855469
2024-03-05,507.17999267578125,492.3280334472656
2024-03-06,509.75,494.82281494140625
2024-03-07,514.8099975585938,499.734619140625
2024-03-08,511.7200012207031,496.7351379394531
2024-03-11,511.2799987792969,496.3079833984375
2024-03-12,516.780029296875,501.6469421386719
2024-03-13,515.969970703125,500.86065673828125
2024-03-14,514.9500122070312,499.8705139160156
2024-03-15,509.8299865722656,496.4381408691406
2024-03-18,512.8599853515625,499.3885192871094
2024-03-19,515.7100219726562,502.1636962890625
2024-03-20,520.47998046875,506.8083190917969
2024-03-21,522.2000122070312,508.4832763671875
2024-03-22,521.2100219726562,507.519287109375
2024-03-25,519.77001953125,506.1170959472656
2024-03-26,518.8099975585938,505.1822509765625
2024-03-27,523.1699829101562,509.427734375
2024-03-28,523.0700073242188,509.3302307128906
2024-04-01,522.1599731445312,508.4442138671875
2024-04-02,518.8400268554688,505.21148681640625
2024-04-03,519.4099731445312,505.7665100097656
2024-04-04,513.0700073242188,499.593017578125
2024-04-05,518.4299926757812,504.81219482421875
2024-04-08,518.719970703125,505.0945129394531
2024-04-09,519.3200073242188,505.6788635253906
2024-04-10,514.1199951171875,500.6154479980469
2024-04-11,518.0,504.39349365234375
2024-04-12,510.8500061035156,497.43133544921875
2024-04-15,504.45001220703125,491.1994934082031
2024-04-16,503.5299987792969,490.3036193847656
2024-04-17,500.54998779296875,487.40185546875
2024-04-18,499.5199890136719,486.39892578125
2024-04-19,495.1600036621094,482.15350341796875
2024-04-22,499.7200012207031,486.5937194824219
2024-04-23,505.6499938964844,492.367919921875
2024-04-24,505.4100036621094,492.1342468261719
2024-04-25,503.489990234375,490.2646484375
2024-04-26,508.260009765625,494.9093933105469
2024-04-29,510.05999755859375,496.66204833984375
2024-04-30,501.9800109863281,488.7943115234375
2024-05-01,500.3500061035156,487.2071228027344
2024-05-02,505.0299987792969,491.7642517089844
2024-05-03,511.2900085449219,497.85980224609375
2024-05-06,516.5700073242188,503.0010986328125
2024-05-07,517.1400146484375,503.5561828613281
2024-05-08,517.1900024414062,503.6047668457031
2024-05-09,520.1699829101562,506.5065002441406
2024-05-10,520.8400268554688,507.1589660644531
2024-05-13,520.9099731445312,507.2271423339844
2024-05-14,523.2999877929688,509.5543212890625
2024-05-15,529.780029296875,515.8640747070312
2024-05-16,528.6900024414062,514.802734375
2024-05-17,529.4500122070312,515.5426635742188
2024-05-20,530.0599975585938,516.1367797851562
2024-05-21,531.3599853515625,517.4025268554688
2024-05-22,529.8300170898438,515.912841796875
2024-05-23,525.9600219726562,512.1444091796875
2024-05-24,529.4400024414062,515.5330200195312
2024-05-28,529.8099975585938,515.893310546875
2024-05-29,526.0999755859375,512.28076171875
2024-05-30,522.6099853515625,508.8824768066406
2024-05-31,527.3699951171875,513.5175170898438
2024-06-03,527.7999877929688,513.93603515625
2024-06-04,528.3900146484375,514.5106811523438
2024-06-05,534.6699829101562,520.6256713867188
2024-06-06,534.6599731445312,520.6159057617188
2024-06-07,534.010009765625,519.9829711914062
2024-06-10,535.6599731445312,521.589599609375
2024-06-11,536.9500122070312,522.8457641601562
2024-06-12,541.3599853515625,527.1398315429688
2024-06-13,542.4500122070312,528.2012939453125
2024-06-14,542.780029296875,528.5226440429688
2024-06-17,547.0999755859375,532.7291870117188
2024-06-18,548.489990234375,534.0826416015625
2024-06-20,547.0,532.6317749023438
2024-06-21,544.510009765625,531.917724609375
2024-06-24,542.739990234375,530.1885375976562
2024-06-25,544.8300170898438,532.2303466796875
2024-06-26,545.510009765625,532.8946533203125
2024-06-27,546.3699951171875,533.7346801757812
2024-06-28,544.219970703125,531.6343994140625
2024-07-01,545.3400268554688,532.728515625
2024-07-02,549.010009765625,536.313720703125
2024-07-03,551.4600219726562,538.70703125
2024-07-05,554.6400146484375,541.8134765625
2024-07-08,555.280029296875,542.4386596679688
2024-07-09,555.8200073242188,542.9661254882812
2024-07-10,561.3200073242188,548.3389282226562
2024-07-11,556.47998046875,543.61083984375
2024-07-12,559.989990234375,547.0396118164062
2024-07-15,561.530029296875,548.5441284179688
2024-07-16,564.8599853515625,551.7970581054688
2024-07-17,556.9400024414062,544.0602416992188
2024-07-18,552.6599731445312,539.8790893554688
2024-07-19,548.989990234375,536.294189453125
2024-07-22,554.6500244140625,541.8231811523438
2024-07-23,553.780029296875,540.9733276367188
2024-07-24,541.22998046875,528.7135009765625
2024-07-25,538.4099731445312,525.9586791992188
2024-07-26,544.4400024414062,531.849365234375
2024-07-29,544.760009765625,532.1619262695312
2024-07-30,542.0,529.4657592773438
2024-07-31,550.8099975585938,538.0719604492188
2024-08-01,543.010009765625,530.452392578125
2024-08-02,532.9000244140625,520.5761108398438
2024-08-05,517.3800048828125,505.4151306152344
2024-08-06,522.1500244140625,510.0748596191406
2024-08-07,518.6599731445312,506.6654052734375
2024-08-08,530.6500244140625,518.3782958984375
2024-08-09,532.989990234375,520.6640625
2024-08-12,533.27001953125,520.9376831054688
2024-08-13,542.0399780273438,529.5047607421875
2024-08-14,543.75,531.1753540039062
2024-08-15,553.0700073242188,540.2797241210938
2024-08-16,554.3099975585938,541.4910278320312
2024-08-19,559.6099853515625,546.66845703125
2024-08-20,558.7000122070312,545.779541015625
2024-08-21,560.6199951171875,547.6550903320312
2024-08-22,556.219970703125,543.3567504882812
2024-08-23,562.1300048828125,549.1302490234375
2024-08-26,560.7899780273438,547.8211669921875
2024-08-27,561.5599975585938,548.573486328125
2024-08-28,558.2999877929688,545.3887329101562
2024-08-29,558.3499755859375,545.4376220703125
2024-08-30,563.6799926757812,550.6443481445312
2024-09-03,552.0800170898438,539.3126220703125
2024-09-04,550.9500122070312,538.208740234375
2024-09-05,549.6099853515625,536.8997802734375
2024-09-06,540.3599853515625,527.8635864257812
2024-09-09,546.4099731445312,533.773681640625
2024-09-10,548.7899780273438,536.0987548828125
2024-09-11,554.4199829101562,541.5985107421875
2024-09-12,559.0900268554688,546.1605224609375
2024-09-13,562.010009765625,549.0130004882812
2024-09-16,562.8400268554688,549.8237915039062
2024-09-17,563.0700073242188,550.0484619140625
2024-09-18,561.4000244140625,548.4169921875
2024-09-19,570.97998046875,557.7755126953125
2024-09-20,568.25,556.8114013671875
2024-09-23,569.6699829101562,558.2027587890625
2024-09-24,571.2999877929688,559.7999267578125
2024-09-25,570.0399780273438,558.5653076171875
2024-09-26,572.2999877929688,560.7799072265625
2024-09-27,571.469970703125,559.9664916992188
2024-09-30,573.760009765625,562.21044921875
2024-10-01,568.6199951171875,557.1738891601562
2024-10-02,568.8599853515625,557.4090576171875
2024-10-03,567.8200073242188,556.3900146484375
2024-10-04,572.97998046875,561.4461059570312
2024-10-07,567.7999877929688,556.370361328125
2024-10-08,573.1699829101562,561.63232421875
2024-10-09,577.1400146484375,565.5223388671875
2024-10-10,576.1300048828125,564.53271484375
2024-10-11,579.5800170898438,567.913330078125
2024-10-14,584.3200073242188,572.557861328125
2024-10-15,579.780029296875,568.1093139648438
2024-10-16,582.2999877929688,570.5785522460938
2024-10-17,582.3499755859375,570.6275024414062
2024-10-18,584.5900268554688,572.8224487304688
2024-10-21,583.6300048828125,571.8818359375
2024-10-22,583.3200073242188,571.5779418945312
2024-10-23,577.989990234375,566.3552856445312
2024-10-24,579.239990234375,567.5801391601562
2024-10-25,579.0399780273438,567.3840942382812
2024-10-28,580.8300170898438,569.1381225585938
2024-10-29,581.77001953125,570.0592041015625
2024-10-30,580.010009765625,568.3346557617188
2024-10-31,568.6400146484375,557.1935424804688
2024-11-01,571.0399780273438,559.5452270507812
2024-11-04,569.8099975585938,558.33984375
2024-11-05,576.7000122070312,565.0912475585938
2024-11-06,591.0399780273438,579.142578125
2024-11-07,595.6099853515625,583.6204833984375
2024-11-08,598.1900024414062,586.1488037109375
2024-11-11,598.760009765625,586.7072143554688
2024-11-12,596.9000244140625,584.8847045898438
2024-11-13,597.1900024414062,585.1688232421875
2024-11-14,593.3499755859375,581.4060668945312
2024-11-15,585.75,573.9590454101562
2024-11-18,588.1500244140625,576.310791015625
2024-11-19,590.2999877929688,578.41748046875
2024-11-20,590.5,578.613525390625
2024-11-21,593.6699829101562,581.7196044921875
2024-11-22,595.510009765625,583.5226440429688
2024-11-25,597.530029296875,585.501953125
2024-11-26,600.6500244140625,588.5591430664062
2024-11-27,598.8300170898438,586.7758178710938
2024-11-29,602.5499877929688,590.4208984375
2024-12-02,603.6300048828125,591.4793090820312
2024-12-03,603.9099731445312,591.7534790039062
2024-12-04,607.6599731445312,595.4279174804688
2024-12-05,606.6599731445312,594.4481201171875
2024-12-06,607.8099975585938,595.574951171875
2024-12-09,604.6799926757812,592.5079956054688
2024-12-10,602.7999877929688,590.6658935546875
2024-12-11,607.4600219726562,595.2320556640625
2024-12-12,604.3300170898438,592.1650390625
2024-12-13,604.2100219726562,592.0474853515625
2024-12-16,606.7899780273438,594.5755004882812
2024-12-17,604.2899780273438,592.1257934570312
2024-12-18,586.280029296875,574.478515625
2024-12-19,586.0999755859375,574.3019409179688
2024-12-20,591.1500244140625,581.2000122070312
2024-12-23,594.6900024414062,584.6803588867188
2024-12-24,601.2999877929688,591.1790771484375
2024-12-26,601.3400268554688,591.2184448242188
2024-12-27,595.010009765625,584.9949340820312
2024-12-30,588.219970703125,578.3192138671875
2024-12-31,586.0800170898438,576.2152099609375
2025-01-02,584.6400146484375,574.7994384765625
2025-01-03,591.9500122070312,581.9864501953125
2025-01-06,595.3599853515625,585.3390502929688
2025-01-07,588.6300048828125,578.7223510742188
2025-01-08,589.489990234375,579.5679321289062
2025-01-10,580.489990234375,570.7193603515625
2025-01-13,581.3900146484375,571.6041870117188
2025-01-14,582.1900024414062,572.3907470703125
2025-01-15,592.780029296875,582.8025512695312
2025-01-16,591.6400146484375,581.6817016601562
2025-01-17,597.5800170898438,587.521728515625
2025-01-21,603.0499877929688,592.899658203125
2025-01-22,606.4400024414062,596.2326049804688
2025-01-23,609.75,599.48681640625
2025-01-24,607.969970703125,597.7367553710938
2025-01-27,599.3699951171875,589.2816162109375
2025-01-28,604.52001953125,594.3449096679688
2025-01-29,601.8099975585938,591.6806030273438
2025-01-30,605.0399780273438,594.8561401367188
2025-01-31,601.8200073242188,591.6902465820312
2025-02-03,597.77001953125,587.70849609375
2025-02-04,601.780029296875,591.6510009765625
2025-02-05,604.219970703125,594.0498657226562
2025-02-06,606.3200073242188,596.1146240234375
2025-02-07,600.77001953125,590.6580810546875
2025-02-10,604.8499755859375,594.6693115234375
2025-02-11,605.3099975585938,595.12158203125
2025-02-12,603.3599853515625,593.2044677734375
2025-02-13,609.72998046875,599.4671630859375
2025-02-14,609.7000122070312,599.437744140625
2025-02-18,611.489990234375,601.1975708007812
2025-02-19,612.9299926757812,602.6134033203125
2025-02-20,610.3800048828125,600.1062622070312
2025-02-21,599.9400024414062,589.842041015625
2025-02-24,597.2100219726562,587.1580200195312
2025-02-25,594.239990234375,584.2379150390625
2025-02-26,594.5399780273438,584.5328369140625
2025-02-27,585.0499877929688,575.20263671875
2025-02-28,594.1799926757812,584.1788940429688
2025-03-03,583.77001953125,573.9442138671875
2025-03-04,576.8599853515625,567.1504516601562
2025-03-05,583.0599975585938,573.2460327148438
2025-03-06,572.7100219726562,563.0702514648438
2025-03-07,575.9199829101562,566.2261962890625
2025-03-10,560.5800170898438,551.14453125
2025-03-11,555.9199829101562,546.5628662109375
2025-03-12,558.8699951171875,549.4633178710938
2025-03-13,551.4199829101562,542.1385498046875
2025-03-14,562.8099975585938,553.3369140625
2025-03-17,567.1500244140625,557.60400390625
2025-03-18,561.02001953125,551.5770263671875
2025-03-19,567.1300048828125,557.5842895507812
2025-03-20,565.489990234375,555.9718627929688
2025-03-21,563.97998046875,556.1553344726562
2025-03-24,574.0800170898438,566.1151733398438
2025-03-25,575.4600219726562,567.47607421875
2025-03-26,568.5900268554688,560.7013549804688
2025-03-27,567.0800170898438,559.2122802734375
2025-03-28,555.6599731445312,547.95068359375
2025-03-31,559.3900146484375,551.62890625
2025-04-01,560.969970703125,553.18701171875
2025-04-02,564.52001953125,556.6878051757812
2025-04-03,536.7000122070312,529.2537231445312
2025-04-04,505.2799987792969,498.2696838378906
2025-04-07,504.3800048828125,497.3821716308594
2025-04-08,496.4800109863281,489.591796875
2025-04-09,548.6199951171875,541.0083618164062
2025-04-10,524.5800170898438,517.3019409179688
2025-04-11,533.9400024414062,526.5320434570312
2025-04-14,539.1199951171875,531.6401977539062
2025-04-15,537.6099853515625,530.151123046875
2025-04-16,525.6599731445312,518.366943359375
2025-04-17,526.4099731445312,519.1064453125
2025-04-21,513.8800048828125,506.7503356933594
2025-04-22,527.25,519.9348754882812
2025-04-23,535.4199829101562,527.991455078125
2025-04-24,546.6900024414062,539.1051635742188
2025-04-25,550.6400146484375,543.0003662109375
2025-04-28,550.8499755859375,543.2074584960938
2025-04-29,554.3200073242188,546.6292724609375
2025-04-30,554.5399780273438,546.8462524414062
2025-05-01,558.469970703125,550.7217407226562
2025-05-02,566.760009765625,558.8966674804688
2025-05-05,563.510009765625,555.6917724609375
2025-05-06,558.7999877929688,551.047119140625
2025-05-07,561.1500244140625,553.3645629882812
2025-05-08,565.0599975585938,557.2203369140625
2025-05-09,564.3400268554688,556.5103149414062
2025-05-12,582.989990234375,574.9014892578125
2025-05-13,586.8400268554688,578.6981811523438
2025-05-14,587.5900268554688,579.437744140625
2025-05-15,590.4600219726562,582.2679443359375
2025-05-16,594.2000122070312,585.9559326171875
2025-05-19,594.8499755859375,586.596923828125
2025-05-20,592.8499755859375,584.6246948242188
2025-05-21,582.8599853515625,574.7733154296875
2025-05-22,583.0900268554688,575.0001220703125
2025-05-23,579.1099853515625,571.0753173828125
2025-05-27,591.1500244140625,582.9484252929688
2025-05-28,587.72998046875,579.5757446289062
2025-05-29,590.0499877929688,581.8635864257812
2025-05-30,589.3900146484375,581.2127685546875
2025-06-02,592.7100219726562,584.4866333007812
2025-06-03,596.0900268554688,587.8197631835938
2025-06-04,595.9299926757812,587.6619873046875
2025-06-05,593.0499877929688,584.8218994140625
2025-06-06,599.1400146484375,590.8274536132812
2025-06-09,599.6799926757812,591.3599853515625
2025-06-10,603.0800170898438,594.7127685546875
2025-06-11,601.3599853515625,593.0166625976562
2025-06-12,603.75,595.3734741210938
2025-06-13,597.0,588.7171020507812
2025-06-16,602.6799926757812,594.3182983398438
2025-06-17,597.530029296875,589.2398071289062
2025-06-18,597.4400024414062,589.1510620117188
2025-06-20,594.280029296875,587.7673950195312
2025-06-23,600.1500244140625,593.5730590820312
2025-06-24,606.780029296875,600.1304321289062
2025-06-25,607.1199951171875,600.4666748046875
2025-06-26,611.8699951171875,605.16455078125
2025-06-27,614.9099731445312,608.1713256835938
2025-06-30,617.8499755859375,611.0791015625
2025-07-01,617.6500244140625,610.8812866210938
2025-07-02,620.4500122070312,613.6505737304688
2025-07-03,625.3400268554688,618.4869995117188
2025-07-07,620.6799926757812,613.8779907226562
2025-07-08,620.3400268554688,613.5418090820312
2025-07-09,624.0599975585938,617.2210083007812
2025-07-10,625.8200073242188,618.9617309570312
2025-07-11,623.6199951171875,616.7857666015625
2025-07-14,624.8099975585938,617.9627685546875
2025-07-15,622.1400146484375,615.322021484375
2025-07-16,624.219970703125,617.3792114257812
2025-07-17,628.0399780273438,621.1574096679688
2025-07-18,627.5800170898438,620.702392578125
2025-07-21,628.77001953125,621.87939453125
2025-07-22,628.8599853515625,621.9684448242188
2025-07-23,634.2100219726562,627.2598266601562
2025-07-24,634.4199829101562,627.4674072265625
2025-07-25,637.0999755859375,630.1181030273438
2025-07-28,636.9400024414062,629.9598999023438
2025-07-29,635.260009765625,628.2982788085938
2025-07-30,634.4600219726562,627.5070190429688
2025-07-31,632.0800170898438,625.1531372070312
2025-08-01,621.719970703125,614.9066162109375
2025-08-04,631.1699829101562,624.2530517578125
2025-08-05,627.969970703125,621.088134765625
2025-08-06,632.780029296875,625.845458984375
2025-08-07,632.25,625.3212280273438
2025-08-08,637.1799926757812,630.1972045898438
2025-08-11,635.9199829101562,628.9510498046875
2025-08-12,642.6900024414062,635.6468505859375
2025-08-13,644.8900146484375,637.82275390625
2025-08-14,644.9500122070312,637.882080078125
2025-08-15,643.4400024414062,636.3886108398438
2025-08-18,643.2999877929688,636.2501220703125
2025-08-19,639.8099975585938,632.7984008789062
2025-08-20,638.1099853515625,631.1170654296875
2025-08-21,635.5499877929688,628.5850830078125
2025-08-22,645.3099975585938,638.2380981445312
2025-08-25,642.469970703125,635.4292602539062
2025-08-26,645.1599731445312,638.0897216796875
2025-08-27,646.6300048828125,639.543701171875
2025-08-28,648.9199829101562,641.8085327148438
2025-08-29,645.0499877929688,637.98095703125
2025-09-02,640.27001953125,633.2533569335938
2025-09-03,643.739990234375,636.685302734375
2025-09-04,649.1199951171875,642.0062866210938
2025-09-05,647.239990234375,640.1469116210938
2025-09-08,648.8300170898438,641.7195434570312
2025-09-09,650.3300170898438,643.2031860351562
2025-09-10,652.2100219726562,645.0625
2025-09-11,657.6300048828125,650.4231567382812
2025-09-12,657.4099731445312,650.2055053710938
2025-09-15,660.9099731445312,653.6671752929688
2025-09-16,660.0,652.7671508789062
2025-09-17,659.1799926757812,651.9561157226562
2025-09-18,662.260009765625,655.0023803710938
2025-09-19,663.7000122070312,658.2465209960938
2025-09-22,666.8400268554688,661.3607177734375
2025-09-23,663.2100219726562,657.7606201171875
2025-09-24,661.0999755859375,655.6678466796875
2025-09-25,658.0499877929688,652.6429443359375
2025-09-26,661.8200073242188,656.3819580078125
2025-09-29,663.6799926757812,658.2266845703125
2025-09-30,666.1799926757812,660.7061157226562
2025-10-01,668.4500122070312,662.95751953125
2025-10-02,669.219970703125,663.7210693359375
2025-10-03,669.2100219726562,663.7113037109375
2025-10-06,671.6099853515625,666.0914916992188
2025-10-07,669.1199951171875,663.6219482421875
2025-10-08,673.1099853515625,667.5791625976562
2025-10-09,671.1599731445312,665.6452026367188
2025-10-10,653.02001953125,647.6542358398438
2025-10-13,663.0399780273438,657.5919189453125
2025-10-14,662.22998046875,656.78857421875
2025-10-15,665.1699829101562,659.7044067382812
2025-10-16,660.6400146484375,655.2116088867188
2025-10-17,664.3900146484375,658.9308471679688
2025-10-20,671.2999877929688,665.7840576171875
2025-10-21,671.2899780273438,665.7741088867188
2025-10-22,667.7999877929688,662.3128051757812
2025-10-23,671.760009765625,666.2402954101562
2025-10-24,677.25,671.6851806640625
2025-10-27,685.239990234375,679.6095581054688
2025-10-28,687.0599975585938,681.41455078125
2025-10-29,687.3900146484375,681.7418823242188
2025-10-30,679.8300170898438,674.2440185546875
2025-10-31,682.0599975585938,676.4556274414062
2025-11-03,683.3400268554688,677.72509765625
2025-11-04,675.239990234375,669.691650390625
2025-11-05,677.5800170898438,672.012451171875
2025-11-06,670.3099975585938,664.8021850585938
2025-11-07,670.969970703125,665.4567260742188
2025-11-10,681.4400024414062,675.8406982421875
2025-11-11,683.0,677.387939453125
2025-11-12,683.3800048828125,677.7648315429688
2025-11-13,672.0399780273438,666.5180053710938
2025-11-14,671.9299926757812,666.4088134765625
2025-11-17,665.6699829101562,660.2003173828125
2025-11-18,660.0800170898438,654.65625
2025-11-19,662.6300048828125,657.185302734375
2025-11-20,652.530029296875,647.1683349609375
2025-11-21,659.030029296875,653.6148681640625
2025-11-24,668.72998046875,663.2351684570312
2025-11-25,675.02001953125,669.4735717773438
2025-11-26,679.6799926757812,674.09521484375
2025-11-28,683.3900146484375,677.7747192382812
2025-12-01,680.27001953125,674.6803588867188
2025-12-02,681.530029296875,675.9299926757812
2025-12-03,683.8900146484375,678.2706298828125
2025-12-04,684.3900146484375,678.7664794921875
2025-12-05,685.6900024414062,680.0557861328125
2025-12-08,683.6300048828125,678.0126953125
2025-12-09,683.0399780273438,677.4276123046875
2025-12-10,687.5700073242188,681.92041015625
2025-12-11,689.1699829101562,683.5072021484375
2025-12-12,681.760009765625,676.1581420898438
2025-12-15,680.72998046875,675.1365966796875
2025-12-16,678.8699951171875,673.2918701171875
2025-12-17,671.4000244140625,665.8832397460938
2025-12-18,676.469970703125,670.9115600585938
2025-12-19,680.5900268554688,676.9923095703125
2025-12-22,684.8300170898438,681.2098999023438
2025-12-23,687.9600219726562,684.3233032226562
2025-12-24,690.3800048828125,686.7305297851562
2025-12-26,690.3099975585938,686.660888671875
2025-12-29,687.8499755859375,684.2138671875
2025-12-30,687.010009765625,683.3783569335938
2025-12-31,681.9199829101562,678.3152465820312
2026-01-02,683.1699829101562,679.55859375
2026-01-05,687.719970703125,684.0845336914062
2026-01-06,691.8099975585938,688.1529541015625
2026-01-07,689.5800170898438,685.9347534179688
2026-01-08,689.510009765625,685.8651123046875
2026-01-09,694.0700073242188,690.4010009765625
2026-01-12,695.1599731445312,691.4852294921875
2026-01-13,693.77001953125,690.1026000976562
2026-01-14,690.3599853515625,686.7106323242188
2026-01-15,692.239990234375,688.5806884765625
2026-01-16,691.6599731445312,688.0037231445312
2026-01-20,677.5800170898438,673.9981689453125
2026-01-21,685.4000244140625,681.77685546875
2026-01-22,688.97998046875,685.3379516601562
2026-01-23,689.22998046875,685.5865478515625
2026-01-26,692.72998046875,689.0680541992188
2026-01-27,695.489990234375,691.8134765625
2026-01-28,695.4199829101562,691.7438354492188
2026-01-29,694.0399780273438,690.3711547851562
2026-01-30,691.969970703125,688.3120727539062
2026-02-02,695.4099731445312,691.7339477539062
2026-02-03,689.530029296875,685.885009765625
2026-02-04,686.1900024414062,682.5626831054688
2026-02-05,677.6199951171875,674.0379638671875
2026-02-06,690.6199951171875,686.96923828125
2026-02-09,693.9500122070312,690.2816772460938
2026-02-10,692.1199951171875,688.4613037109375
2026-02-11,691.9600219726562,688.3021850585938
2026-02-12,681.27001953125,677.668701171875
2026-02-13,681.75,678.1461181640625
2026-02-17,682.8499755859375,679.2402954101562
2026-02-18,686.2899780273438,682.662109375
2026-02-19,684.47998046875,680.8616333007812
2026-02-20,689.4299926757812,685.7855834960938
2026-02-23,682.3900146484375,678.7827758789062
2026-02-24,687.3499755859375,683.7164916992188
2026-02-25,693.1500244140625,689.4859008789062
2026-02-26,689.2999877929688,685.6561889648438
2026-02-27,685.989990234375,682.3637084960938
2026-03-02,686.3800048828125,682.751708984375
2026-03-03,680.3300170898438,676.7337036132812
2026-03-04,685.1300048828125,681.5082397460938
2026-03-05,681.3099975585938,677.70849609375
2026-03-06,672.3800048828125,668.82568359375
2026-03-09,678.27001953125,674.6845703125
2026-03-10,677.1799926757812,673.6002807617188
2026-03-11,676.3300170898438,672.7548217773438
2026-03-12,666.0599975585938,662.5390625
2026-03-13,662.2899780273438,658.7890014648438
2026-03-16,669.030029296875,665.493408203125
2026-03-17,670.7899780273438,667.2440185546875
2026-03-18,661.4299926757812,657.9335327148438
2026-03-19,659.7999877929688,656.3121948242188
2026-03-20,648.5700073242188,646.9034423828125
2026-03-23,655.3800048828125,653.6959228515625
2026-03-24,653.1799926757812,651.5015869140625
2026-03-25,656.8200073242188,655.1322021484375
2026-03-26,645.0900268554688,643.432373046875
2026-03-27,634.0900268554688,632.4606323242188
2026-03-30,631.969970703125,630.3460693359375
2026-03-31,650.3400268554688,648.6688842773438
2026-04-01,655.239990234375,653.5562744140625
2026-04-02,655.8300170898438,654.144775390625
2026-04-06,658.9299926757812,657.23681640625
2026-04-07,659.219970703125,657.5260009765625
2026-04-08,676.010009765625,674.27294921875
2026-04-09,679.9099731445312,678.162841796875
2026-04-10,679.4600219726562,677.7140502929688
2026-04-13,686.0999755859375,684.3369750976562
2026-04-14,694.4600219726562,692.675537109375
2026-04-15,699.9400024414062,698.1414184570312
2026-04-16,701.6599731445312,699.8569946289062
2026-04-17,710.1400146484375,708.3152465820312
2026-04-20,708.719970703125,706.8988037109375
2026-04-21,704.0800170898438,702.2708129882812
2026-04-22,711.2100219726562,709.3825073242188
2026-04-23,708.4500122070312,706.6295776367188
2026-04-24,713.9400024414062,712.10546875
2026-04-27,715.1699829101562,713.332275390625
2026-04-28,711.6900024414062,709.8612060546875
2026-04-29,711.5800170898438,709.7515258789062
2026-04-30,718.6599731445312,716.8132934570312
2026-05-01,720.6500244140625,718.7982177734375
2026-05-04,718.010009765625,716.1649780273438
2026-05-05,723.77001953125,721.9102172851562
2026-05-06,733.8300170898438,731.9443359375
2026-05-07,731.5800170898438,729.7001342773438
2026-05-08,737.6199951171875,735.724609375
2026-05-11,739.2999877929688,737.4002685546875
2026-05-12,738.1799926757812,736.2831420898438
2026-05-13,742.3099975585938,740.4025268554688
2026-05-14,748.1699829101562,746.2474975585938
2026-05-15,739.1699829101562,737.2706298828125
2026-05-18,738.6500244140625,736.751953125
2026-05-19,733.72998046875,731.8446044921875
2026-05-20,741.25,739.3452758789062
2026-05-21,742.719970703125,740.8114624023438
2026-05-22,745.6400146484375,743.7239990234375
2026-05-26,750.5900268554688,748.6613159179688
2026-05-27,750.4600219726562,748.5316162109375
2026-05-28,754.5999755859375,752.6609497070312
2026-05-29,756.47998046875,754.5361328125
2026-06-01,758.5399780273438,756.5908203125
2026-06-02,759.5700073242188,757.6182250976562
2026-06-03,754.239990234375,752.3018798828125
2026-06-04,757.0900268554688,755.1445922851562
2026-06-05,737.5499877929688,735.65478515625
2026-06-08,739.219970703125,737.3204345703125
2026-06-09,737.0499877929688,735.1560668945312
2026-06-10,725.4299926757812,723.56591796875
2026-06-11,737.760009765625,735.8642578125
2026-06-12,741.75,739.843994140625
2026-06-15,754.8300170898438,752.890380859375
2026-06-16,750.3300170898438,748.4019775390625
2026-06-17,740.9600219726562,739.0560302734375
2026-06-18,746.739990234375,746.739990234375
2026-06-22,744.3900146484375,744.3900146484375
2026-06-23,733.5800170898438,733.5800170898438
2026-06-24,733.239990234375,733.239990234375
2026-06-25,734.2999877929688,734.2999877929688
2026-06-26,728.989990234375,728.989990234375
2026-06-29,741.0,741.0
2026-06-30,746.77001953125,746.77001953125
2026-07-01,745.760009765625,745.760009765625
2026-07-02,744.780029296875,744.780029296875
2026-07-06,751.280029296875,751.280029296875
2026-07-07,747.7100219726562,747.7100219726562
2026-07-08,745.4000244140625,745.4000244140625
2026-07-09,751.7100219726562,751.7100219726562
2026-07-10,754.9500122070312,754.9500122070312
2026-07-13,749.1699829101562,749.1699829101562
2026-07-14,751.8300170898438,751.8300170898438
2026-07-15,754.8099975585938,754.8099975585938
2026-07-16,750.719970703125,750.719970703125
2026-07-17,743.2899780273438,743.2899780273438
2026-07-20,742.0900268554688,742.0900268554688
2026-07-21,748.280029296875,748.280029296875
2026-07-22,747.4099731445312,747.4099731445312
2026-07-23,738.1799926757812,738.1799926757812
2026-07-24,738.9299926757812,738.9299926757812
2026-07-27,739.0900268554688,739.0900268554688
2026-07-28,740.8599853515625,740.8599853515625
2026-07-29,729.4600219726562,729.4600219726562
2026-07-30,741.6900024414062,741.6900024414062
2026-07-31,747.030029296875,747.030029296875
2026-08-03,757.6699829101562,757.6699829101562
2026-08-04,771.3300170898438,771.3300170898438
2026-08-05,769.7899780273438,769.7899780273438
2026-08-06,768.5599975585938,768.5599975585938
2026-08-07,773.260009765625,773.260009765625
2026-08-10,773.030029296875,773.030029296875
2026-08-11,770.5599975585938,770.5599975585938
2026-08-12,772.489990234375,772.489990234375
2026-08-13,777.8800048828125,777.8800048828125
2026-08-14,776.3400268554688,776.3400268554688
2026-08-17,772.6699829101562,772.6699829101562
2026-08-18,767.4500122070312,767.4500122070312
2026-08-19,769.0599975585938,769.0599975585938
2026-08-20,762.5999755859375,762.5999755859375
2026-08-21,765.719970703125,765.719970703125
2026-08-24,763.469970703125,763.469970703125
2026-08-25,765.9099731445312,765.9099731445312
2026-08-26,766.0800170898438,766.0800170898438
2026-08-27,771.0999755859375,771.0999755859375
2026-08-28,769.3499755859375,769.3499755859375
2026-08-31,767.0499877929688,767.0499877929688
2026-09-01,761.780029296875,761.780029296875
2026-09-02,765.1599731445312,765.1599731445312
2026-09-03,773.1699829101562,773.1699829101562
2026-09-04,770.1900024414062,770.1900024414062
2026-09-08,765.9600219726562,765.9600219726562
2026-09-09,762.4000244140625,762.4000244140625
2026-09-10,757.8300170898438,757.8300170898438
2026-09-11,764.2899780273438,764.2899780273438
