"# source=Yahoo Finance chart API v8 symbol=QQQ collected=2026-09-12 basis=close(price),adjclose(total return incl. dividends)"
date,close,adjclose
1999-03-10,51.0625,43.02704620361328
1999-03-11,51.3125,43.23772048950195
1999-03-12,50.0625,42.18442153930664
1999-03-15,51.5,43.39569854736328
1999-03-16,51.9375,43.76435089111328
1999-03-17,51.5625,43.4483642578125
1999-03-18,52.5625,44.290992736816406
1999-03-19,51.21875,43.15870666503906
1999-03-22,50.59375,42.63206100463867
1999-03-23,48.8125,41.13111877441406
1999-03-24,50.46875,42.526737213134766
1999-03-25,52.3125,44.080352783203125
1999-03-26,51.75,43.606361389160156
1999-03-29,53.625,45.186302185058594
1999-03-30,53.25,44.87031936645508
1999-03-31,52.46875,44.212005615234375
1999-04-01,53.5625,45.13364028930664
1999-04-05,55.5,46.76625061035156
1999-04-06,55.609375,46.858421325683594
1999-04-07,55.03125,46.371273040771484
1999-04-08,55.46875,46.73991394042969
1999-04-09,55.8125,47.02956771850586
1999-04-12,55.4375,46.713584899902344
1999-04-13,54.6875,46.081607818603516
1999-04-14,52.8125,44.501678466796875
1999-04-15,53.53125,45.1072998046875
1999-04-16,51.96875,43.790687561035156
1999-04-19,49.53125,41.73676681518555
1999-04-20,50.65625,42.684749603271484
1999-04-21,53.15625,44.79132080078125
1999-04-22,54.59375,46.00261306762695
1999-04-23,55.3125,46.608253479003906
1999-04-26,56.5859375,47.68130874633789
1999-04-27,55.71875,46.95055389404297
1999-04-28,53.8125,45.34429931640625
1999-04-29,53.375,44.97563934326172
1999-04-30,53.71875,45.26530838012695
1999-05-03,53.4375,45.028324127197266
1999-05-04,52.59375,44.31736373901367
1999-05-05,54.1875,45.66027069091797
1999-05-06,52.21875,44.00133514404297
1999-05-07,52.96875,44.633331298828125
1999-05-10,53.5,45.08097457885742
1999-05-11,54.34375,45.79195785522461
1999-05-12,55.46875,46.73991394042969
1999-05-13,54.4375,45.87095260620117
1999-05-14,53.40625,45.001983642578125
1999-05-17,54.3671875,45.81169509887695
1999-05-18,54.125,45.60761260986328
1999-05-19,54.875,46.239601135253906
1999-05-20,53.3671875,44.96907043457031
1999-05-21,52.875,44.55432891845703
1999-05-24,51.53125,43.42204666137695
1999-05-25,49.84375,42.00011444091797
1999-05-26,51.234375,43.17189407348633
1999-05-27,51.1875,43.132381439208984
1999-05-28,52.03125,43.843345642089844
1999-06-01,50.875,42.86906051635742
1999-06-02,51.734375,43.593204498291016
1999-06-03,51.0,42.97438430786133
1999-06-04,52.5625,44.290992736816406
1999-06-07,53.65625,45.2126350402832
1999-06-08,52.3125,44.080352783203125
1999-06-09,53.1875,44.81766128540039
1999-06-10,52.578125,44.30417251586914
1999-06-11,51.78125,43.6326904296875
1999-06-14,50.8046875,42.80982208251953
1999-06-15,51.5625,43.4483642578125
1999-06-16,54.2109375,45.6800422668457
1999-06-17,54.8125,46.18695068359375
1999-06-18,55.0625,46.3975944519043
1999-06-21,56.7109375,47.786624908447266
1999-06-22,55.0,46.344940185546875
1999-06-23,55.8671875,47.075653076171875
1999-06-24,54.7578125,46.1408576965332
1999-06-25,54.6875,46.081607818603516
1999-06-28,55.984375,47.174400329589844
1999-06-29,56.75,47.81953430175781
1999-06-30,57.625,48.55683898925781
1999-07-01,58.015625,48.88599395751953
1999-07-02,58.75,49.50480651855469
1999-07-06,58.375,49.1888313293457
1999-07-07,58.46875,49.26781463623047
1999-07-08,59.25,49.9261360168457
1999-07-09,59.84375,50.42643737792969
1999-07-12,59.53125,50.16312026977539
1999-07-13,59.25,49.9261360168457
1999-07-14,60.2578125,50.775333404541016
1999-07-15,60.8125,51.242733001708984
1999-07-16,61.375,51.71673583984375
1999-07-19,60.75,51.1900634765625
1999-07-20,58.40625,49.21515655517578
1999-07-21,58.6875,49.4521369934082
1999-07-22,57.1953125,48.19478225708008
1999-07-23,57.28125,48.26717758178711
1999-07-26,55.875,47.082244873046875
1999-07-27,57.0,48.03019332885742
1999-07-28,58.1171875,48.971580505371094
1999-07-29,56.875,47.92486572265625
1999-07-30,56.59375,47.68788146972656
1999-08-02,56.4375,47.55622863769531
1999-08-03,56.0703125,47.24681091308594
1999-08-04,55.0546875,46.3909797668457
1999-08-05,55.9296875,47.128318786621094
1999-08-06,55.328125,46.62141418457031
1999-08-09,54.6171875,46.02236557006836
1999-08-10,54.125,45.60761260986328
1999-08-11,55.90625,47.10856628417969
1999-08-12,55.25,46.55559539794922
1999-08-13,57.65625,48.58317565917969
1999-08-16,58.1171875,48.971580505371094
1999-08-17,58.40625,49.21515655517578
1999-08-18,57.75,48.662174224853516
1999-08-19,57.0625,48.08286666870117
1999-08-20,57.96875,48.84649658203125
1999-08-23,59.8125,50.400123596191406
1999-08-24,60.21875,50.74242401123047
1999-08-25,61.5,51.82207107543945
1999-08-26,60.4765625,50.95966720581055
1999-08-27,59.875,50.4527702331543
1999-08-30,59.03125,49.741798400878906
1999-08-31,59.6875,50.29479217529297
1999-09-01,60.1171875,50.656837463378906
1999-09-02,59.90625,50.47910690307617
1999-09-03,62.65625,52.79636001586914
1999-09-07,62.375,52.559364318847656
1999-09-08,61.53125,51.8484001159668
1999-09-09,62.40625,52.585697174072266
1999-09-10,63.125,53.19136047363281
1999-09-13,62.3671875,52.55276870727539
1999-09-14,62.7109375,52.84241485595703
1999-09-15,61.5,51.82207107543945
1999-09-16,61.46875,51.79573059082031
1999-09-17,63.3125,53.349334716796875
1999-09-20,63.4609375,53.47441482543945
1999-09-21,61.9375,52.19070053100586
1999-09-22,62.59375,52.743690490722656
1999-09-23,60.0,50.55809783935547
1999-09-24,60.078125,50.62392807006836
1999-09-27,60.5,50.97943878173828
1999-09-28,60.78125,51.2164192199707
1999-09-29,59.5625,50.189456939697266
1999-09-30,60.1875,50.716087341308594
1999-10-01,60.2109375,50.735843658447266
1999-10-04,61.5625,51.874725341796875
1999-10-05,62.0,52.24336624145508
1999-10-06,63.2421875,53.290061950683594
1999-10-07,63.09375,53.16500473022461
1999-10-08,63.7578125,53.72457504272461
1999-10-11,64.65625,54.48162841796875
1999-10-12,63.1875,53.24401092529297
1999-10-13,61.3125,51.66407012939453
1999-10-14,61.6953125,51.986656188964844
1999-10-15,59.875,50.4527702331543
1999-10-18,59.1171875,49.814212799072266
1999-10-19,59.4375,50.08412170410156
1999-10-20,61.25,51.61138916015625
1999-10-21,62.25,52.45403289794922
1999-10-22,61.96875,52.217041015625
1999-10-25,62.0,52.24336624145508
1999-10-26,61.5,51.82207107543945
1999-10-27,61.40625,51.743072509765625
1999-10-28,63.53125,53.53368377685547
1999-10-29,65.75,55.40327835083008
1999-11-01,65.40625,55.11362075805664
1999-11-02,65.4453125,55.146507263183594
1999-11-03,66.75,56.24591064453125
1999-11-04,67.5,56.877864837646484
1999-11-05,68.1875,57.45719909667969
1999-11-08,69.5625,58.615806579589844
1999-11-09,69.09375,58.2208251953125
1999-11-10,70.0,58.984466552734375
1999-11-11,71.25,60.0377311706543
1999-11-12,72.1875,60.82772445678711
1999-11-15,72.046875,60.70920944213867
1999-11-16,73.875,62.24965286254883
1999-11-17,72.875,61.407020568847656
1999-11-18,75.109375,63.2898063659668
1999-11-19,75.78125,63.855918884277344
1999-11-22,74.625,62.88163757324219
1999-11-23,74.96875,63.17131805419922
1999-11-24,77.4375,65.25155639648438
1999-11-26,77.6875,65.46221923828125
1999-11-29,76.40625,64.38256072998047
1999-11-30,73.5,61.933692932128906
1999-12-01,75.09375,63.27666473388672
1999-12-02,77.4765625,65.28446197509766
1999-12-03,79.125,66.67350769042969
1999-12-06,79.84375,67.27916717529297
1999-12-07,79.84375,67.27916717529297
1999-12-08,78.875,66.46285247802734
1999-12-09,79.25,66.77886199951172
1999-12-10,79.90625,67.33180236816406
1999-12-13,80.9921875,68.24690246582031
1999-12-14,79.53125,67.01580047607422
1999-12-15,81.0625,68.30612182617188
1999-12-16,83.0625,69.99134826660156
1999-12-17,83.78125,70.59701538085938
1999-12-20,84.875,71.5186538696289
1999-12-21,89.4375,75.36319732666016
1999-12-22,89.15625,75.12616729736328
1999-12-23,90.21875,76.02147674560547
1999-12-27,89.6875,75.5738296508789
1999-12-28,89.125,75.09984588623047
1999-12-29,92.5,77.9437484741211
1999-12-30,91.5,77.10108184814453
1999-12-31,91.375,76.99577331542969
2000-01-03,94.75,79.83969116210938
2000-01-04,88.25,74.3625259399414
2000-01-05,86.0,72.46662902832031
2000-01-06,80.09375,67.48979187011719
2000-01-07,90.0,75.83711242675781
2000-01-10,92.5,77.9437484741211
2000-01-11,88.0,74.15190887451172
2000-01-12,86.0625,72.51929473876953
2000-01-13,91.25,76.89046478271484
2000-01-14,93.375,78.68101501464844
2000-01-18,93.875,79.10238647460938
2000-01-19,96.0,80.89299774169922
2000-01-20,95.0625,80.10301208496094
2000-01-21,96.25,81.10359191894531
2000-01-24,91.625,77.20642852783203
2000-01-25,93.0,78.36504364013672
2000-01-26,89.25,75.20518493652344
2000-01-27,90.5625,76.31116485595703
2000-01-28,86.0,72.46662902832031
2000-01-31,89.6875,75.5738296508789
2000-02-01,92.09375,77.60140228271484
2000-02-02,92.875,78.25973510742188
2000-02-03,96.5,81.31430053710938
2000-02-04,97.15625,81.86726379394531
2000-02-07,98.5,82.99954986572266
2000-02-08,102.625,86.4754409790039
2000-02-09,99.0,83.42088317871094
2000-02-10,102.25,86.15943145751953
2000-02-11,99.875,84.15815734863281
2000-02-14,99.75,84.0528564453125
2000-02-15,100.46875,84.65848541259766
2000-02-16,100.0,84.2635269165039
2000-02-17,102.125,86.05409240722656
2000-02-18,98.4375,82.94691467285156
2000-02-22,98.75,83.21023559570312
2000-02-23,104.25,87.8447036743164
2000-02-24,106.5,89.74063873291016
2000-02-25,104.0625,87.68669128417969
2000-02-28,104.0,87.634033203125
2000-02-29,106.75,89.95127868652344
2000-03-01,107.625,90.6885986328125
2000-03-02,105.1328125,88.5886001586914
2000-03-03,111.0625,93.58516693115234
2000-03-06,111.9375,94.32246398925781
2000-03-07,110.25,92.90050506591797
2000-03-08,111.25,93.7431640625
2000-03-09,115.0,96.90301513671875
2000-03-10,114.5,96.48172760009766
2000-03-13,111.5,93.95381164550781
2000-03-14,107.375,90.47795104980469
2000-03-15,102.875,86.68605041503906
2000-03-16,108.75,91.6365737915039
2000-03-17,110.8125,93.37450408935547
2000-03-20,107.6875,90.74125671386719
2000-03-21,111.75,94.16448974609375
2000-03-22,114.0,96.06038665771484
2000-03-23,116.0,97.74565124511719
2000-03-24,117.5625,99.06228637695312
2000-03-27,117.75,99.22026062011719
2000-03-28,114.75,96.69239044189453
2000-03-29,110.0,92.68988037109375
2000-03-30,107.25,90.37260437011719
2000-03-31,109.5,92.26854705810547
2000-04-03,102.9375,86.73877716064453
2000-04-04,101.9375,85.89615631103516
2000-04-05,100.125,84.36884307861328
2000-04-06,102.5,86.37008666992188
2000-04-07,106.625,89.84595489501953
2000-04-10,100.125,84.36884307861328
2000-04-11,97.75,82.36756896972656
2000-04-12,92.0,77.5224380493164
2000-04-13,88.0,74.15190887451172
2000-04-14,80.375,67.72679138183594
2000-04-17,89.625,75.52117156982422
2000-04-18,92.0,77.5224380493164
2000-04-19,89.1875,75.15252685546875
2000-04-20,87.25,73.51994323730469
2000-04-24,84.75,71.41329193115234
2000-04-25,90.46875,76.23214721679688
2000-04-26,87.375,73.6252670288086
2000-04-27,91.25,76.89046478271484
2000-04-28,94.75,79.83969116210938
2000-05-01,95.625,80.57699584960938
2000-05-02,90.125,75.94247436523438
2000-05-03,89.125,75.09984588623047
2000-05-04,89.3125,75.25779724121094
2000-05-05,91.4375,77.0484619140625
2000-05-08,87.875,74.04652404785156
2000-05-09,86.0,72.46662902832031
2000-05-10,79.75,67.20011901855469
2000-05-11,84.625,71.30799102783203
2000-05-12,84.625,71.30799102783203
2000-05-15,88.3125,74.41520690917969
2000-05-16,90.8125,76.52180480957031
2000-05-17,88.9375,74.94183349609375
2000-05-18,85.75,72.25596618652344
2000-05-19,81.6875,68.83274841308594
2000-05-22,81.625,68.78011322021484
2000-05-23,74.8125,63.039634704589844
2000-05-24,79.5,66.98948669433594
2000-05-25,77.75,65.5148696899414
2000-05-26,77.75,65.5148696899414
2000-05-30,85.5625,72.09797668457031
2000-05-31,83.125,70.04403686523438
2000-06-01,87.375,73.6252670288086
2000-06-02,93.625,78.89170837402344
2000-06-05,93.859375,79.08920288085938
2000-06-06,91.25,76.89046478271484
2000-06-07,93.6875,78.9443588256836
2000-06-08,93.25,78.5757064819336
2000-06-09,93.75,78.99701690673828
2000-06-12,90.75,76.46916198730469
2000-06-13,94.25,79.41834259033203
2000-06-14,92.125,77.6277847290039
2000-06-15,93.75,78.99701690673828
2000-06-16,94.25,79.41834259033203
2000-06-19,98.0,82.57825469970703
2000-06-20,97.625,82.26223754882812
2000-06-21,98.875,83.31551361083984
2000-06-22,95.25,80.26103210449219
2000-06-23,91.5,77.10108184814453
2000-06-26,94.0,79.20771026611328
2000-06-27,92.875,78.25973510742188
2000-06-28,94.0,79.20771026611328
2000-06-29,91.640625,77.2195816040039
2000-06-30,93.4375,78.73371887207031
2000-07-03,95.25,80.26103210449219
2000-07-05,91.5625,77.15380096435547
2000-07-06,94.0,79.20771026611328
2000-07-07,95.9375,80.84029388427734
2000-07-10,94.484375,79.61587524414062
2000-07-11,95.0,80.05032348632812
2000-07-12,97.25,81.94625854492188
2000-07-13,98.5,82.99954986572266
2000-07-14,100.625,84.79015350341797
2000-07-17,101.75,85.73812103271484
2000-07-18,99.5,83.84219360351562
2000-07-19,97.25,81.94625854492188
2000-07-20,100.375,84.57951354980469
2000-07-21,97.0,81.73561096191406
2000-07-24,95.0,80.05032348632812
2000-07-25,95.75,80.68234252929688
2000-07-26,95.625,80.57699584960938
2000-07-27,91.875,77.41707611083984
2000-07-28,86.875,73.20397186279297
2000-07-31,89.4375,75.36319732666016
2000-08-01,88.25,74.3625259399414
2000-08-02,86.6875,73.04591369628906
2000-08-03,90.4375,76.20578002929688
2000-08-04,90.125,75.94247436523438
2000-08-07,92.25,77.73307800292969
2000-08-08,94.125,79.31301879882812
2000-08-09,91.625,77.20642852783203
2000-08-10,89.8125,75.67916107177734
2000-08-11,91.0625,76.73249053955078
2000-08-14,93.0,78.36504364013672
2000-08-15,93.0,78.36504364013672
2000-08-16,93.9375,79.15501403808594
2000-08-17,95.75,80.68234252929688
2000-08-18,95.25,80.26103210449219
2000-08-21,95.5,80.47164154052734
2000-08-22,95.5,80.47164154052734
2000-08-23,97.0625,81.78827667236328
2000-08-24,98.5625,83.05220031738281
2000-08-25,98.03125,82.60456848144531
2000-08-28,98.5,82.99954986572266
2000-08-29,99.0,83.42088317871094
2000-08-30,98.875,83.31551361083984
2000-08-31,101.625,85.63279724121094
2000-09-01,102.625,86.4754409790039
2000-09-05,99.5,83.84219360351562
2000-09-06,96.0,80.89299774169922
2000-09-07,98.125,82.6835708618164
2000-09-08,95.125,80.15569305419922
2000-09-11,92.8125,78.20709228515625
2000-09-12,91.375,76.99577331542969
2000-09-13,93.5,78.78636932373047
2000-09-14,93.0,78.36504364013672
2000-09-15,91.3125,76.94309997558594
2000-09-18,89.875,75.73184204101562
2000-09-19,93.1875,78.52307891845703
2000-09-20,94.625,79.73432159423828
2000-09-21,87.75,73.94123840332031
2000-09-22,92.9375,78.3124008178711
2000-09-25,90.46875,76.23214721679688
2000-09-26,89.4375,75.36319732666016
2000-09-27,89.5625,75.4684829711914
2000-09-28,91.5625,77.15380096435547
2000-09-29,88.75,74.78388977050781
2000-10-02,86.75,73.09857177734375
2000-10-03,84.0,70.7813491821289
2000-10-04,85.625,72.15064239501953
2000-10-05,85.875,72.36132049560547
2000-10-06,83.0,69.93870544433594
2000-10-09,82.625,69.62273406982422
2000-10-10,78.3125,65.98888397216797
2000-10-11,77.0625,64.93556213378906
2000-10-12,75.125,63.30296325683594
2000-10-13,81.25,68.46411895751953
2000-10-16,82.0,69.09607696533203
2000-10-17,78.25,65.93621826171875
2000-10-18,78.0,65.72554779052734
2000-10-19,85.0625,71.67668151855469
2000-10-20,86.3125,72.7299575805664
2000-10-23,86.1875,72.62459564208984
2000-10-24,82.5,69.51739501953125
2000-10-25,77.875,65.62025451660156
2000-10-26,79.875,67.30548095703125
2000-10-27,79.71875,67.17382049560547
2000-10-30,76.765625,64.6854248046875
2000-10-31,81.703125,68.84593963623047
2000-11-01,81.0,68.2534408569336
2000-11-02,82.0,69.09607696533203
2000-11-03,83.0625,69.99134826660156
2000-11-06,82.4375,69.4647445678711
2000-11-07,82.125,69.20142364501953
2000-11-08,75.703125,63.790138244628906
2000-11-09,75.6875,63.77692794799805
2000-11-10,71.75,60.45909118652344
2000-11-13,71.859375,60.55121994018555
2000-11-14,75.84375,63.90858459472656
2000-11-15,77.375,65.19888305664062
2000-11-16,72.875,61.407020568847656
2000-11-17,72.828125,61.367557525634766
2000-11-20,69.859375,58.865989685058594
2000-11-21,69.75,58.77381896972656
2000-11-22,66.625,56.140567779541016
2000-11-24,70.4375,59.35311508178711
2000-11-27,69.5625,58.615806579589844
2000-11-28,65.453125,55.15311050415039
2000-11-29,62.9375,53.03335189819336
2000-11-30,62.984375,53.07284927368164
2000-12-01,64.0,53.92864227294922
2000-12-04,65.0,54.77127456665039
2000-12-05,70.6875,59.56376266479492
2000-12-06,68.0,57.29920196533203
2000-12-07,66.5,56.03522872924805
2000-12-08,68.0,57.29920196533203
2000-12-11,74.375,62.67100143432617
2000-12-12,71.65625,60.38009262084961
2000-12-13,68.734375,57.918006896972656
2000-12-14,65.375,55.0872802734375
2000-12-15,63.875,53.82332992553711
2000-12-18,64.0,53.92864227294922
2000-12-19,59.125,49.8207893371582
2000-12-20,55.734375,46.963748931884766
2000-12-21,56.0625,47.240234375
2000-12-22,60.5,50.97943878173828
2000-12-26,60.875,51.29540252685547
2000-12-27,61.5625,51.874725341796875
2000-12-28,61.4375,51.76940155029297
2000-12-29,58.375,49.1888313293457
2001-01-02,53.4375,45.028324127197266
2001-01-03,62.4375,52.61203384399414
2001-01-04,61.3125,51.66407012939453
2001-01-05,56.625,47.71421432495117
2001-01-08,57.25,48.24086380004883
2001-01-09,57.25,48.24086380004883
2001-01-10,60.1875,50.716087341308594
2001-01-11,61.9375,52.19070053100586
2001-01-12,62.734375,52.862178802490234
2001-01-16,61.984375,52.2302131652832
2001-01-17,63.875,53.82332992553711
2001-01-18,66.5625,56.08789825439453
2001-01-19,66.3125,55.87724685668945
2001-01-22,66.375,55.929901123046875
2001-01-23,67.765625,57.10173797607422
2001-01-24,67.125,56.56188201904297
2001-01-25,64.5,54.3499870300293
2001-01-26,65.546875,55.23208999633789
2001-01-29,67.0,56.45658493041992
2001-01-30,66.75,56.24591064453125
2001-01-31,64.30000305175781,54.18143081665039
2001-02-01,65.1500015258789,54.89768600463867
2001-02-02,61.54999923706055,51.86419677734375
2001-02-05,61.5,51.82207107543945
2001-02-06,61.599998474121094,51.90632629394531
2001-02-07,60.599998474121094,51.06366729736328
2001-02-08,58.790000915527344,49.53852844238281
2001-02-09,56.400001525878906,47.524627685546875
2001-02-12,57.08000183105469,48.09761047363281
2001-02-13,55.25,46.55559539794922
2001-02-14,57.45000076293945,48.409393310546875
2001-02-15,58.400001525878906,49.209877014160156
2001-02-16,55.130001068115234,46.45448303222656
2001-02-20,52.9900016784668,44.6512565612793
2001-02-21,51.5,43.39569854736328
2001-02-22,51.0,42.97438430786133
2001-02-23,51.18000030517578,43.12606430053711
2001-02-26,52.150001525878906,43.94343948364258
2001-02-27,49.0,41.289127349853516
2001-02-28,47.45000076293945,39.98302459716797
2001-03-01,48.79999923706055,41.12058639526367
2001-03-02,46.70000076293945,39.351051330566406
2001-03-05,47.54999923706055,40.067317962646484
2001-03-06,49.400001525878906,41.626190185546875
2001-03-07,49.41999816894531,41.64302062988281
2001-03-08,48.5,40.86780548095703
2001-03-09,45.099998474121094,38.002830505371094
2001-03-12,42.29999923706055,35.64346694946289
2001-03-13,44.45000076293945,37.45512771606445
2001-03-14,43.75,36.86526870727539
2001-03-15,42.150001525878906,35.5170783996582
2001-03-16,41.20000076293945,34.71657180786133
2001-03-19,43.2599983215332,36.45240020751953
2001-03-20,40.349998474121094,34.000308990478516
2001-03-21,40.349998474121094,34.000308990478516
2001-03-22,42.79999923706055,36.06477737426758
2001-03-23,42.79999923706055,36.06477737426758
2001-03-26,41.810001373291016,35.23057556152344
2001-03-27,43.25,36.443973541259766
2001-03-28,39.70000076293945,33.45261001586914
2001-03-29,38.95000076293945,32.82063293457031
2001-03-30,39.150001525878906,32.989173889160156
2001-04-02,37.400001525878906,31.514545440673828
2001-04-03,34.65999984741211,29.205739974975586
2001-04-04,34.04999923706055,28.691730499267578
2001-04-05,37.310001373291016,31.438720703125
2001-04-06,35.95000076293945,30.292736053466797
2001-04-09,37.04999923706055,31.219629287719727
2001-04-10,39.79999923706055,33.536869049072266
2001-04-11,41.0,34.548038482666016
2001-04-12,42.79999923706055,36.06477737426758
2001-04-16,40.25,33.91606521606445
2001-04-17,41.25,34.758697509765625
2001-04-18,45.54999923706055,38.38203048706055
2001-04-19,48.29999923706055,40.69928741455078
2001-04-20,48.400001525878906,40.78355026245117
2001-04-23,45.150001525878906,38.044986724853516
2001-04-24,44.29999923706055,37.328758239746094
2001-04-25,45.099998474121094,38.002830505371094
2001-04-26,43.95000076293945,37.0338020324707
2001-04-27,45.150001525878906,38.044986724853516
2001-04-30,46.150001525878906,38.88761901855469
2001-05-01,48.04999923706055,40.48861312866211
2001-05-02,48.97999954223633,41.27227783203125
2001-05-03,46.79999923706055,39.435325622558594
2001-05-04,48.20000076293945,40.615020751953125
2001-05-07,47.20000076293945,39.77238464355469
2001-05-08,48.20000076293945,40.615020751953125
2001-05-09,46.54999923706055,39.224647521972656
2001-05-10,45.77000045776367,38.567413330078125
2001-05-11,45.54999923706055,38.38203048706055
2001-05-14,44.81999969482422,37.76691436767578
2001-05-15,45.150001525878906,38.044986724853516
2001-05-16,47.150001525878906,39.73023986816406
2001-05-17,47.900001525878906,40.36222839355469
2001-05-18,48.040000915527344,40.48017883300781
2001-05-21,51.04999923706055,43.01652526855469
2001-05-22,50.900001525878906,42.890140533447266
2001-05-23,48.650001525878906,40.99419403076172
2001-05-24,49.900001525878906,42.047489166259766
2001-05-25,48.9900016784668,41.28069305419922
2001-05-29,46.119998931884766,38.862327575683594
2001-05-30,44.43000030517578,37.43827438354492
2001-05-31,44.72999954223633,37.691062927246094
2001-06-01,46.04999923706055,38.80335998535156
2001-06-04,45.83000183105469,38.61796569824219
2001-06-05,47.849998474121094,40.32009506225586
2001-06-06,47.47999954223633,40.00830841064453
2001-06-07,48.70000076293945,41.03634262084961
2001-06-08,47.349998474121094,39.89876937866211
2001-06-11,46.04999923706055,38.80335998535156
2001-06-12,45.79999923706055,38.592681884765625
2001-06-13,44.54999923706055,37.53940200805664
2001-06-14,42.25,35.60133361816406
2001-06-15,42.599998474121094,35.89624786376953
2001-06-18,42.029998779296875,35.41596221923828
2001-06-19,41.81999969482422,35.238990783691406
2001-06-20,42.77000045776367,36.03950500488281
2001-06-21,43.349998474121094,36.52824020385742
2001-06-22,43.25,36.443973541259766
2001-06-25,43.36000061035156,36.536651611328125
2001-06-26,43.5099983215332,36.66307067871094
2001-06-27,43.790000915527344,36.898990631103516
2001-06-28,44.349998474121094,37.37086868286133
2001-06-29,45.70000076293945,38.5084342956543
2001-07-02,45.45000076293945,38.29776382446289
2001-07-03,45.63999938964844,38.45786666870117
2001-07-05,43.45000076293945,36.61250305175781
2001-07-06,41.650001525878906,35.09575271606445
2001-07-09,42.0099983215332,35.39910125732422
2001-07-10,40.5,34.1267204284668
2001-07-11,41.0,34.548038482666016
2001-07-12,43.599998474121094,36.738895416259766
2001-07-13,43.150001525878906,36.35972213745117
2001-07-16,42.349998474121094,35.68559646606445
2001-07-17,43.29999923706055,36.486087799072266
2001-07-18,41.650001525878906,35.09575271606445
2001-07-19,42.63999938964844,35.92997360229492
2001-07-20,41.650001525878906,35.09575271606445
2001-07-23,40.61000061035156,34.219425201416016
2001-07-24,40.150001525878906,33.83180236816406
2001-07-25,40.5,34.1267204284668
2001-07-26,41.099998474121094,34.63231658935547
2001-07-27,41.95000076293945,35.34854507446289
2001-07-30,41.70000076293945,35.13789749145508
2001-07-31,41.7599983215332,35.188438415527344
2001-08-01,43.099998474121094,36.31757354736328
2001-08-02,43.90999984741211,37.00010681152344
2001-08-03,43.18000030517578,36.384971618652344
2001-08-06,42.5,35.811981201171875
2001-08-07,42.279998779296875,35.62662124633789
2001-08-08,40.5,34.1267204284668
2001-08-09,40.66999816894531,34.26995849609375
2001-08-10,40.279998779296875,33.941341400146484
2001-08-13,41.099998474121094,34.63231658935547
2001-08-14,40.599998474121094,34.21097946166992
2001-08-15,39.099998474121094,32.947025299072266
2001-08-16,39.560001373291016,33.334632873535156
2001-08-17,37.7599983215332,31.81789779663086
2001-08-20,38.279998779296875,32.25605773925781
2001-08-21,36.689998626708984,30.916290283203125
2001-08-22,37.689998626708984,31.758914947509766
2001-08-23,37.31999969482422,31.447134017944336
2001-08-24,39.29999923706055,33.11555862426758
2001-08-27,39.349998474121094,33.15768814086914
2001-08-28,38.119998931884766,32.121246337890625
2001-08-29,37.560001373291016,31.649389266967773
2001-08-30,36.16999816894531,30.478113174438477
2001-08-31,36.630001068115234,30.865720748901367
2001-09-04,35.470001220703125,29.88826560974121
2001-09-05,35.33000183105469,29.770296096801758
2001-09-06,33.900001525878906,28.565332412719727
2001-09-07,33.70000076293945,28.396800994873047
2001-09-10,34.099998474121094,28.73386001586914
2001-09-17,31.200000762939453,26.290210723876953
2001-09-18,30.5,25.70036506652832
2001-09-19,29.969999313354492,25.253774642944336
2001-09-20,28.969999313354492,24.411128997802734
2001-09-21,28.190000534057617,23.753887176513672
2001-09-24,29.610000610351562,24.950424194335938
2001-09-25,29.700000762939453,25.026262283325195
2001-09-26,28.670000076293945,24.158348083496094
2001-09-27,28.479999542236328,23.998245239257812
2001-09-28,28.979999542236328,24.4195556640625
2001-10-01,28.729999542236328,24.20891571044922
2001-10-02,28.81999969482422,24.284744262695312
2001-10-03,31.0,26.12168312072754
2001-10-04,31.299999237060547,26.374481201171875
2001-10-05,31.760000228881836,26.7620906829834
2001-10-08,31.860000610351562,26.846355438232422
2001-10-09,31.09000015258789,26.197521209716797
2001-10-10,32.5,27.385637283325195
2001-10-11,34.70000076293945,29.239431381225586
2001-10-12,34.54999923706055,29.1130428314209
2001-10-15,34.400001525878906,28.986650466918945
2001-10-16,34.959999084472656,29.458515167236328
2001-10-17,32.45000076293945,27.343505859375
2001-10-18,33.33000183105469,28.08502960205078
2001-10-19,33.54999923706055,28.27041244506836
2001-10-22,34.45000076293945,29.028778076171875
2001-10-23,34.630001068115234,29.180452346801758
2001-10-24,35.380001068115234,29.81243324279785
2001-10-25,36.79999923706055,31.008970260620117
2001-10-26,36.0099983215332,30.343290328979492
2001-10-29,34.040000915527344,28.683305740356445
2001-10-30,33.380001068115234,28.12715721130371
2001-10-31,33.900001525878906,28.565332412719727
2001-11-01,35.34000015258789,29.778717041015625
2001-11-02,35.599998474121094,29.997802734375
2001-11-05,36.7599983215332,30.975263595581055
2001-11-06,38.189998626708984,32.18024444580078
2001-11-07,38.13999938964844,32.138099670410156
2001-11-08,37.75,31.80947494506836
2001-11-09,37.72999954223633,31.79261589050293
2001-11-12,38.0,32.0201301574707
2001-11-13,39.36000061035156,33.16611862182617
2001-11-14,39.63999938964844,33.402061462402344
2001-11-15,39.47999954223633,33.26723098754883
2001-11-16,39.369998931884766,33.1745491027832
2001-11-19,40.4900016784668,34.1182975769043
2001-11-20,38.619998931884766,32.542579650878906
2001-11-21,38.41999816894531,32.37405014038086
2001-11-23,39.279998779296875,33.09870529174805
2001-11-26,40.25,33.91606521606445
2001-11-27,40.20000076293945,33.87392807006836
2001-11-28,38.75,32.652099609375
2001-11-29,39.95000076293945,33.66326141357422
2001-11-30,39.650001525878906,33.41048812866211
2001-12-03,38.970001220703125,32.837486267089844
2001-12-04,40.83000183105469,34.4047737121582
2001-12-05,42.849998474121094,36.10691452026367
2001-12-06,42.90999984741211,36.157474517822266
2001-12-07,41.72999954223633,35.163143157958984
2001-12-10,41.0,34.548038482666016
2001-12-11,41.22999954223633,34.74184036254883
2001-12-12,41.560001373291016,35.0199089050293
2001-12-13,39.7599983215332,33.503173828125
2001-12-14,40.11000061035156,33.79808807373047
2001-12-17,40.79999923706055,34.37952423095703
2001-12-18,41.2599983215332,34.76713562011719
2001-12-19,40.5099983215332,34.135135650634766
2001-12-20,38.790000915527344,32.685813903808594
2001-12-21,39.47999954223633,33.26723098754883
2001-12-24,39.31999969482422,33.132423400878906
2001-12-26,39.689998626708984,33.44419860839844
2001-12-27,40.0099983215332,33.71383285522461
2001-12-28,40.33000183105469,33.983482360839844
2001-12-31,38.90999984741211,32.78692626953125
2002-01-02,40.11000061035156,33.79808807373047
2002-01-03,41.5,34.96935272216797
2002-01-04,41.66999816894531,35.112606048583984
2002-01-07,41.209999084472656,34.7249755859375
2002-01-08,41.4900016784668,34.96092987060547
2002-01-09,41.11000061035156,34.64073181152344
2002-01-10,41.380001068115234,34.86823272705078
2002-01-11,40.849998474121094,34.4216423034668
2002-01-14,39.959999084472656,33.67169189453125
2002-01-15,40.34000015258789,33.99189376831055
2002-01-16,38.779998779296875,32.67739486694336
2002-01-17,39.650001525878906,33.41048812866211
2002-01-18,38.59000015258789,32.517295837402344
2002-01-22,37.400001525878906,31.514545440673828
2002-01-23,38.43000030517578,32.382469177246094
2002-01-24,38.939998626708984,32.812217712402344
2002-01-25,38.83000183105469,32.71952438354492
2002-01-28,39.04999923706055,32.90492248535156
2002-01-29,37.97999954223633,32.003292083740234
2002-01-30,38.27000045776367,32.247642517089844
2002-01-31,38.5099983215332,32.44987106323242
2002-02-01,38.13999938964844,32.138099670410156
2002-02-04,36.91999816894531,31.110090255737305
2002-02-05,36.310001373291016,30.59607696533203
2002-02-06,36.060001373291016,30.385427474975586
2002-02-07,35.189998626708984,29.65233039855957
2002-02-08,36.16999816894531,30.478113174438477
2002-02-11,36.630001068115234,30.865720748901367
2002-02-12,36.33000183105469,30.612945556640625
2002-02-13,36.95000076293945,31.13536262512207
2002-02-14,36.880001068115234,31.07637596130371
2002-02-15,35.779998779296875,30.149478912353516
2002-02-19,34.68000030517578,29.222576141357422
2002-02-20,35.150001525878906,29.618633270263672
2002-02-21,33.47999954223633,28.211414337158203
2002-02-22,33.650001525878906,28.354677200317383
2002-02-25,35.0099983215332,29.50065803527832
2002-02-26,34.880001068115234,29.391115188598633
2002-02-27,34.400001525878906,28.986650466918945
2002-02-28,33.779998779296875,28.464200973510742
2002-03-01,35.7400016784668,30.11578941345215
2002-03-04,37.150001525878906,31.30388069152832
2002-03-05,37.41999816894531,31.531381607055664
2002-03-06,37.599998474121094,31.683086395263672
2002-03-07,37.68000030517578,31.75050926208496
2002-03-08,38.66999816894531,32.58469772338867
2002-03-11,38.529998779296875,32.46672821044922
2002-03-12,38.0,32.0201301574707
2002-03-13,37.08000183105469,31.244909286499023
2002-03-14,36.86000061035156,31.059534072875977
2002-03-15,37.22999954223633,31.371299743652344
2002-03-18,37.439998626708984,31.548267364501953
2002-03-19,37.380001068115234,31.497705459594727
2002-03-20,36.060001373291016,30.385427474975586
2002-03-21,37.02000045776367,31.194358825683594
2002-03-22,36.68000030517578,30.907854080200195
2002-03-25,35.560001373291016,29.9641056060791
2002-03-26,35.88999938964844,30.2421932220459
2002-03-27,35.61000061035156,30.006244659423828
2002-03-28,36.060001373291016,30.385427474975586
2002-04-01,36.75,30.966846466064453
2002-04-02,35.09000015258789,29.56808090209961
2002-04-03,35.029998779296875,29.517507553100586
2002-04-04,34.7599983215332,29.289995193481445
2002-04-05,34.369998931884766,28.961374282836914
2002-04-08,34.79999923706055,29.323713302612305
2002-04-09,33.59000015258789,28.304101943969727
2002-04-10,33.84000015258789,28.514781951904297
2002-04-11,33.0,27.806961059570312
2002-04-12,33.52000045776367,28.245126724243164
2002-04-15,33.790000915527344,28.4726505279541
2002-04-16,35.20000076293945,29.66075325012207
2002-04-17,35.02000045776367,29.50908088684082
2002-04-18,34.349998474121094,28.944509506225586
2002-04-19,34.459999084472656,29.037199020385742
2002-04-22,33.59000015258789,28.304101943969727
2002-04-23,33.0099983215332,27.815380096435547
2002-04-24,32.5,27.385637283325195
2002-04-25,32.41999816894531,27.318239212036133
2002-04-26,31.040000915527344,26.155405044555664
2002-04-29,31.1200008392334,26.222803115844727
2002-04-30,31.729999542236328,26.7368106842041
2002-05-01,31.559999465942383,26.593564987182617
2002-05-02,30.510000228881836,25.708791732788086
2002-05-03,29.739999771118164,25.059974670410156
2002-05-06,28.969999313354492,24.411128997802734
2002-05-07,28.700000762939453,24.18363380432129
2002-05-08,31.770000457763672,26.770517349243164
2002-05-09,30.950000762939453,26.07955551147461
2002-05-10,29.559999465942383,24.908296585083008
2002-05-13,30.760000228881836,25.919458389282227
2002-05-14,32.56999969482422,27.444629669189453
2002-05-15,32.810001373291016,27.646862030029297
2002-05-16,32.86000061035156,27.688993453979492
2002-05-17,32.93000030517578,27.747976303100586
2002-05-20,32.209999084472656,27.141263961791992
2002-05-21,31.329999923706055,26.399755477905273
2002-05-22,31.399999618530273,26.458742141723633
2002-05-23,32.029998779296875,26.989606857299805
2002-05-24,31.239999771118164,26.32391929626465
2002-05-28,31.100000381469727,26.205951690673828
2002-05-29,30.280000686645508,25.51498794555664
2002-05-30,30.540000915527344,25.734073638916016
2002-05-31,30.040000915527344,25.312759399414062
2002-06-03,28.979999542236328,24.4195556640625
2002-06-04,29.360000610351562,24.73976707458496
2002-06-05,29.65999984741211,24.992555618286133
2002-06-06,28.8799991607666,24.335308074951172
2002-06-07,28.299999237060547,23.84657096862793
2002-06-10,28.25,23.804443359375
2002-06-11,27.459999084472656,23.138757705688477
2002-06-12,27.860000610351562,23.475812911987305
2002-06-13,27.68000030517578,23.324140548706055
2002-06-14,27.6200008392334,23.273590087890625
2002-06-17,28.559999465942383,24.065664291381836
2002-06-18,29.020000457763672,24.453271865844727
2002-06-19,27.34000015258789,23.03764533996582
2002-06-20,26.459999084472656,22.296119689941406
2002-06-21,25.81999969482422,21.756839752197266
2002-06-24,26.329999923706055,22.186586380004883
2002-06-25,25.459999084472656,21.4534854888916
2002-06-26,25.649999618530273,21.61359977722168
2002-06-27,26.209999084472656,22.085466384887695
2002-06-28,26.100000381469727,21.992774963378906
2002-07-01,24.850000381469727,20.939483642578125
2002-07-02,23.950000762939453,20.181114196777344
2002-07-03,24.75,20.855220794677734
2002-07-05,26.34000015258789,22.19501304626465
2002-07-08,25.3799991607666,21.38608169555664
2002-07-09,24.65999984741211,20.77937889099121
2002-07-10,23.899999618530273,20.138994216918945
2002-07-11,24.799999237060547,20.897356033325195
2002-07-12,24.799999237060547,20.897356033325195
2002-07-15,25.56999969482422,21.54617691040039
2002-07-16,25.190000534057617,21.225980758666992
2002-07-17,25.649999618530273,21.61359977722168
2002-07-18,24.729999542236328,20.83836555480957
2002-07-19,23.989999771118164,20.214811325073242
2002-07-22,23.399999618530273,19.717662811279297
2002-07-23,22.399999618530273,18.87502098083496
2002-07-24,23.6200008392334,19.903043746948242
2002-07-25,22.25,18.74863624572754
2002-07-26,22.670000076293945,19.1025390625
2002-07-29,23.829999923706055,20.07999610900879
2002-07-30,24.309999465942383,20.484458923339844
2002-07-31,23.850000381469727,20.096851348876953
2002-08-01,22.729999542236328,19.153100967407227
2002-08-02,22.25,18.74863624572754
2002-08-05,21.440000534057617,18.06609535217285
2002-08-06,22.5,18.959278106689453
2002-08-07,22.799999237060547,19.212078094482422
2002-08-08,23.56999969482422,19.860904693603516
2002-08-09,23.329999923706055,19.658674240112305
2002-08-12,23.399999618530273,19.717662811279297
2002-08-13,22.600000381469727,19.043560028076172
2002-08-14,24.040000915527344,20.256948471069336
2002-08-15,24.530000686645508,20.66983413696289
2002-08-16,24.700000762939453,20.813095092773438
2002-08-19,25.299999237060547,21.318675994873047
2002-08-20,25.190000534057617,21.225980758666992
2002-08-21,25.75,21.69784927368164
2002-08-22,26.15999984741211,22.043336868286133
2002-08-23,25.149999618530273,21.192277908325195
2002-08-26,25.25,21.276533126831055
2002-08-27,24.3700008392334,20.535017013549805
2002-08-28,23.479999542236328,19.78507423400879
2002-08-29,23.790000915527344,20.04629135131836
2002-08-30,23.489999771118164,19.79349708557129
2002-09-03,22.639999389648438,19.077255249023438
2002-09-04,22.729999542236328,19.153100967407227
2002-09-05,22.170000076293945,18.681222915649414
2002-09-06,22.850000381469727,19.25421714782715
2002-09-09,23.079999923706055,19.448020935058594
2002-09-10,23.649999618530273,19.92831039428711
2002-09-11,23.450000762939453,19.759794235229492
2002-09-12,22.809999465942383,19.220504760742188
2002-09-13,22.989999771118164,19.3721866607666
2002-09-16,22.65999984741211,19.094112396240234
2002-09-17,22.18000030517578,18.689647674560547
2002-09-18,21.93000030517578,18.47899055480957
2002-09-19,21.579999923706055,18.184059143066406
2002-09-20,21.670000076293945,18.25989532470703
2002-09-23,21.020000457763672,17.712186813354492
2002-09-24,21.030000686645508,17.720619201660156
2002-09-25,21.8700008392334,18.42843246459961
2002-09-26,21.600000381469727,18.200916290283203
2002-09-27,21.309999465942383,17.956552505493164
2002-09-30,20.719999313354492,17.459392547607422
2002-10-01,21.979999542236328,18.521121978759766
2002-10-02,21.25,17.905990600585938
2002-10-03,20.739999771118164,17.47624969482422
2002-10-04,20.350000381469727,17.147626876831055
2002-10-07,20.15999984741211,16.987520217895508
2002-10-08,20.200000762939453,17.02122688293457
2002-10-09,20.059999465942383,16.903255462646484
2002-10-10,21.079999923706055,17.762746810913086
2002-10-11,22.219999313354492,18.723346710205078
2002-10-14,22.479999542236328,18.942440032958984
2002-10-15,23.559999465942383,19.852479934692383
2002-10-16,22.780000686645508,19.195232391357422
2002-10-17,23.549999237060547,19.844057083129883
2002-10-18,23.809999465942383,20.063140869140625
2002-10-21,24.290000915527344,20.46760368347168
2002-10-22,24.139999389648438,20.341211318969727
2002-10-23,24.600000381469727,20.72882080078125
2002-10-24,23.979999542236328,20.206392288208008
2002-10-25,24.700000762939453,20.813095092773438
2002-10-28,24.489999771118164,20.636138916015625
2002-10-29,23.920000076293945,20.155826568603516
2002-10-30,24.559999465942383,20.695119857788086
2002-10-31,24.549999237060547,20.686691284179688
2002-11-01,25.25,21.276533126831055
2002-11-04,25.899999618530273,21.824247360229492
2002-11-05,26.100000381469727,21.992774963378906
2002-11-06,26.469999313354492,22.304550170898438
2002-11-07,25.540000915527344,21.52090835571289
2002-11-08,25.06999969482422,21.124866485595703
2002-11-11,24.309999465942383,20.484458923339844
2002-11-12,24.93000030517578,21.00689125061035
2002-11-13,25.229999542236328,21.259689331054688
2002-11-14,26.100000381469727,21.992774963378906
2002-11-15,26.440000534057617,22.279273986816406
2002-11-18,26.049999237060547,21.950651168823242
2002-11-19,25.649999618530273,21.61359977722168
2002-11-20,26.739999771118164,22.532066345214844
2002-11-21,27.729999542236328,23.36626625061035
2002-11-22,27.719999313354492,23.357852935791016
2002-11-25,27.989999771118164,23.585355758666992
2002-11-26,27.049999237060547,22.793275833129883
2002-11-27,27.90999984741211,23.51795196533203
2002-11-29,27.719999313354492,23.357852935791016
2002-12-02,28.0,23.593772888183594
2002-12-03,27.170000076293945,22.89440155029297
2002-12-04,26.56999969482422,22.388818740844727
2002-12-05,26.200000762939453,22.077035903930664
2002-12-06,26.469999313354492,22.304550170898438
2002-12-09,25.219999313354492,21.251253128051758
2002-12-10,25.600000381469727,21.571462631225586
2002-12-11,25.719999313354492,21.672578811645508
2002-12-12,25.860000610351562,21.790550231933594
2002-12-13,25.040000915527344,21.099584579467773
2002-12-16,25.850000381469727,21.78211784362793
2002-12-17,25.93000030517578,21.849523544311523
2002-12-18,25.3799991607666,21.38608169555664
2002-12-19,25.059999465942383,21.116436004638672
2002-12-20,25.31999969482422,21.335527420043945
2002-12-23,25.670000076293945,21.630441665649414
2002-12-24,25.350000381469727,21.360801696777344
2002-12-26,25.280000686645508,21.30182647705078
2002-12-27,24.81999969482422,20.914201736450195
2002-12-30,24.6299991607666,20.75409698486328
2002-12-31,24.3700008392334,20.535017013549805
2003-01-02,25.399999618530273,21.402938842773438
2003-01-03,25.68000030517578,21.63886833190918
2003-01-06,26.31999969482422,22.178152084350586
2003-01-07,26.649999618530273,22.456226348876953
2003-01-08,25.899999618530273,21.824247360229492
2003-01-09,26.700000762939453,22.498363494873047
2003-01-10,27.100000381469727,22.835416793823242
2003-01-13,26.940000534057617,22.700593948364258
2003-01-14,27.079999923706055,22.818557739257812
2003-01-15,26.739999771118164,22.532066345214844
2003-01-16,26.440000534057617,22.279273986816406
2003-01-17,25.309999465942383,21.32710075378418
2003-01-21,25.030000686645508,21.091161727905273
2003-01-22,24.93000030517578,21.00689125061035
2003-01-23,25.510000228881836,21.49561882019043
2003-01-24,24.81999969482422,20.914201736450195
2003-01-27,24.530000686645508,20.66983413696289
2003-01-28,24.780000686645508,20.88050079345703
2003-01-29,25.149999618530273,21.192277908325195
2003-01-30,24.5,20.644563674926758
2003-01-31,24.440000534057617,20.594005584716797
2003-02-03,24.489999771118164,20.636138916015625
2003-02-04,24.190000534057617,20.383346557617188
2003-02-05,24.079999923706055,20.29065704345703
2003-02-06,24.209999084472656,20.40019416809082
2003-02-07,23.809999465942383,20.063140869140625
2003-02-10,24.020000457763672,20.240089416503906
2003-02-11,24.149999618530273,20.34964370727539
2003-02-12,23.81999969482422,20.071563720703125
2003-02-13,23.940000534057617,20.172687530517578
2003-02-14,24.489999771118164,20.636138916015625
2003-02-18,25.25,21.276533126831055
2003-02-19,25.079999923706055,21.133277893066406
2003-02-20,24.979999542236328,21.049022674560547
2003-02-21,25.170000076293945,21.20912742614746
2003-02-24,24.739999771118164,20.846786499023438
2003-02-25,24.770000457763672,20.8720703125
2003-02-26,24.219999313354492,20.408620834350586
2003-02-27,24.770000457763672,20.8720703125
2003-02-28,25.15999984741211,21.200695037841797
2003-03-03,24.649999618530273,20.77095603942871
2003-03-04,24.5,20.644563674926758
2003-03-05,24.549999237060547,20.686691284179688
2003-03-06,24.489999771118164,20.636138916015625
2003-03-07,24.540000915527344,20.678266525268555
2003-03-10,24.010000228881836,20.23166847229004
2003-03-11,23.799999237060547,20.05471420288086
2003-03-12,24.229999542236328,20.41704750061035
2003-03-13,25.6200008392334,21.58832359313965
2003-03-14,25.719999313354492,21.672578811645508
2003-03-17,26.600000381469727,22.41410255432129
2003-03-18,26.93000030517578,22.69215965270996
2003-03-19,26.700000762939453,22.498363494873047
2003-03-20,26.799999237060547,22.582616806030273
2003-03-21,27.170000076293945,22.89440155029297
2003-03-24,26.040000915527344,21.942211151123047
2003-03-25,26.40999984741211,22.253992080688477
2003-03-26,26.559999465942383,22.380380630493164
2003-03-27,26.3700008392334,22.220287322998047
2003-03-28,26.079999923706055,21.97592544555664
2003-03-31,25.25,21.276533126831055
2003-04-01,25.450000762939453,21.445070266723633
2003-04-02,26.149999618530273,22.034910202026367
2003-04-03,26.479999542236328,22.312984466552734
2003-04-04,26.049999237060547,21.950651168823242
2003-04-07,26.09000015258789,21.984355926513672
2003-04-08,26.059999465942383,21.959070205688477
2003-04-09,25.459999084472656,21.4534854888916
2003-04-10,25.770000457763672,21.714712142944336
2003-04-11,25.510000228881836,21.49561882019043
2003-04-14,26.030000686645508,21.933794021606445
2003-04-15,26.280000686645508,22.144458770751953
2003-04-16,26.219999313354492,22.093889236450195
2003-04-17,26.81999969482422,22.599475860595703
2003-04-21,26.920000076293945,22.683738708496094
2003-04-22,27.43000030517578,23.11348533630371
2003-04-23,27.6299991607666,23.28200340270996
2003-04-24,27.479999542236328,23.155609130859375
2003-04-25,26.950000762939453,22.709020614624023
2003-04-28,27.479999542236328,23.155609130859375
2003-04-29,27.729999542236328,23.36626625061035
2003-04-30,27.450000762939453,23.13033103942871
2003-05-01,27.690000534057617,23.332565307617188
2003-05-02,28.280000686645508,23.829721450805664
2003-05-05,28.25,23.804443359375
2003-05-06,28.610000610351562,24.107791900634766
2003-05-07,28.290000915527344,23.838146209716797
2003-05-08,27.770000457763672,23.399982452392578
2003-05-09,28.40999984741211,23.939250946044922
2003-05-12,28.84000015258789,24.301593780517578
2003-05-13,28.65999984741211,24.149919509887695
2003-05-14,28.600000381469727,24.099353790283203
2003-05-15,28.920000076293945,24.36901092529297
2003-05-16,28.700000762939453,24.18363380432129
2003-05-19,27.690000534057617,23.332565307617188
2003-05-20,27.770000457763672,23.399982452392578
2003-05-21,27.690000534057617,23.332565307617188
2003-05-22,28.09000015258789,23.669612884521484
2003-05-23,28.100000381469727,23.678050994873047
2003-05-27,29.100000381469727,24.520679473876953
2003-05-28,29.190000534057617,24.59651756286621
2003-05-29,29.309999465942383,24.697629928588867
2003-05-30,29.790000915527344,25.10209846496582
2003-06-02,29.579999923706055,24.925140380859375
2003-06-03,29.860000610351562,25.161094665527344
2003-06-04,30.420000076293945,25.63296127319336
2003-06-05,30.639999389648438,25.818349838256836
2003-06-06,30.1299991607666,25.388595581054688
2003-06-09,29.729999542236328,25.051542282104492
2003-06-10,30.18000030517578,25.430727005004883
2003-06-11,30.520000457763672,25.717220306396484
2003-06-12,30.649999618530273,25.826763153076172
2003-06-13,29.959999084472656,25.245342254638672
2003-06-16,30.8799991607666,26.02057647705078
2003-06-17,30.760000228881836,25.919458389282227
2003-06-18,30.920000076293945,26.05426788330078
2003-06-19,30.420000076293945,25.63296127319336
2003-06-20,30.3799991607666,25.59925651550293
2003-06-23,29.90999984741211,25.20320701599121
2003-06-24,29.68000030517578,25.009408950805664
2003-06-25,29.520000457763672,24.87458610534668
2003-06-26,30.219999313354492,25.464427947998047
2003-06-27,29.829999923706055,25.13581085205078
2003-06-30,29.950000762939453,25.236919403076172
2003-07-01,30.350000381469727,25.5739688873291
2003-07-02,30.969999313354492,26.096410751342773
2003-07-03,30.579999923706055,25.76778793334961
2003-07-07,31.889999389648438,26.87163734436035
2003-07-08,32.279998779296875,27.20026397705078
2003-07-09,32.20000076293945,27.132850646972656
2003-07-10,31.600000381469727,26.62726402282715
2003-07-11,31.84000015258789,26.82950210571289
2003-07-14,32.220001220703125,27.149702072143555
2003-07-15,32.2599983215332,27.183408737182617
2003-07-16,32.15999984741211,27.099149703979492
2003-07-17,31.18000030517578,26.273365020751953
2003-07-18,31.280000686645508,26.357629776000977
2003-07-21,30.8799991607666,26.02057647705078
2003-07-22,31.34000015258789,26.408187866210938
2003-07-23,31.600000381469727,26.62726402282715
2003-07-24,31.18000030517578,26.273365020751953
2003-07-25,31.799999237060547,26.79580307006836
2003-07-28,31.889999389648438,26.87163734436035
2003-07-29,31.649999618530273,26.669404983520508
2003-07-30,31.420000076293945,26.475589752197266
2003-07-31,31.799999237060547,26.79580307006836
2003-08-01,31.459999084472656,26.50929832458496
2003-08-04,31.450000762939453,26.50086784362793
2003-08-05,30.209999084472656,25.45599937438965
2003-08-06,30.190000534057617,25.439151763916016
2003-08-07,30.309999465942383,25.540267944335938
2003-08-08,30.06999969482422,25.338029861450195
2003-08-11,30.399999618530273,25.616106033325195
2003-08-12,30.860000610351562,26.003725051879883
2003-08-13,30.8700008392334,26.012149810791016
2003-08-14,30.899999618530273,26.03742218017578
2003-08-15,31.170000076293945,26.264934539794922
2003-08-18,31.969999313354492,26.939043045043945
2003-08-19,32.369998931884766,27.27610206604004
2003-08-20,32.290000915527344,27.20869255065918
2003-08-21,32.63999938964844,27.503618240356445
2003-08-22,32.439998626708984,27.335073471069336
2003-08-25,32.5099983215332,27.39406394958496
2003-08-26,32.540000915527344,27.419340133666992
2003-08-27,32.79999923706055,27.638425827026367
2003-08-28,33.09000015258789,27.88280487060547
2003-08-29,33.38999938964844,28.135583877563477
2003-09-02,33.869998931884766,28.540048599243164
2003-09-03,33.849998474121094,28.523191452026367
2003-09-04,34.15999984741211,28.78441619873047
2003-09-05,33.939998626708984,28.599037170410156
2003-09-08,34.5,29.070911407470703
2003-09-09,34.09000015258789,28.72542953491211
2003-09-10,33.27000045776367,28.034475326538086
2003-09-11,33.63999938964844,28.346235275268555
2003-09-12,33.81999969482422,28.497909545898438
2003-09-15,33.4900016784668,28.219850540161133
2003-09-16,34.400001525878906,28.986650466918945
2003-09-17,34.2599983215332,28.868682861328125
2003-09-18,34.779998779296875,29.306842803955078
2003-09-19,34.58000183105469,29.13831901550293
2003-09-22,33.91999816894531,28.582176208496094
2003-09-23,34.52000045776367,29.08774757385254
2003-09-24,33.220001220703125,27.992353439331055
2003-09-25,32.790000915527344,27.6300048828125
2003-09-26,32.58000183105469,27.45305633544922
2003-09-29,33.13999938964844,27.9249267578125
2003-09-30,32.41999816894531,27.318239212036133
2003-10-01,33.150001525878906,27.933361053466797
2003-10-02,33.2599983215332,28.026044845581055
2003-10-03,34.189998626708984,28.80970001220703
2003-10-06,34.439998626708984,29.020355224609375
2003-10-07,34.650001525878906,29.197309494018555
2003-10-08,34.43000030517578,29.01192283630371
2003-10-09,34.689998626708984,29.23101234436035
2003-10-10,35.0099983215332,29.50065803527832
2003-10-13,35.2400016784668,29.69446563720703
2003-10-14,35.33000183105469,29.770296096801758
2003-10-15,35.18000030517578,29.643911361694336
2003-10-16,35.459999084472656,29.879831314086914
2003-10-17,34.61000061035156,29.163599014282227
2003-10-20,35.040000915527344,29.52592658996582
2003-10-21,35.25,29.70288848876953
2003-10-22,34.56999969482422,29.129898071289062
2003-10-23,34.16999816894531,28.79283905029297
2003-10-24,34.20000076293945,28.81812858581543
2003-10-27,34.209999084472656,28.826555252075195
2003-10-28,35.36000061035156,29.795578002929688
2003-10-29,35.31999969482422,29.76187515258789
2003-10-30,35.38999938964844,29.820850372314453
2003-10-31,35.18000030517578,29.643911361694336
2003-11-03,35.7599983215332,30.132633209228516
2003-11-04,35.52000045776367,29.930400848388672
2003-11-05,35.84000015258789,30.200031280517578
2003-11-06,35.939998626708984,30.284290313720703
2003-11-07,35.630001068115234,30.023099899291992
2003-11-10,35.189998626708984,29.65233039855957
2003-11-11,35.060001373291016,29.54279327392578
2003-11-12,35.810001373291016,30.174762725830078
2003-11-13,35.77000045776367,30.141050338745117
2003-11-14,35.040000915527344,29.52592658996582
2003-11-17,34.68000030517578,29.222576141357422
2003-11-18,33.880001068115234,28.548471450805664
2003-11-19,34.209999084472656,28.826555252075195
2003-11-20,33.880001068115234,28.548471450805664
2003-11-21,34.22999954223633,28.843400955200195
2003-11-24,35.18000030517578,29.643911361694336
2003-11-25,35.18000030517578,29.643911361694336
2003-11-26,35.34000015258789,29.778717041015625
2003-11-28,35.380001068115234,29.81243324279785
2003-12-01,35.900001525878906,30.25060272216797
2003-12-02,35.70000076293945,30.082067489624023
2003-12-03,35.25,29.70288848876953
2003-12-04,35.630001068115234,30.023099899291992
2003-12-05,35.040000915527344,29.52592658996582
2003-12-08,35.2400016784668,29.69446563720703
2003-12-09,34.43000030517578,29.01192283630371
2003-12-10,34.560001373291016,29.121488571166992
2003-12-11,35.29999923706055,29.745019912719727
2003-12-12,35.2400016784668,29.69446563720703
2003-12-15,34.779998779296875,29.306842803955078
2003-12-16,34.849998474121094,29.365827560424805
2003-12-17,34.90999984741211,29.4163818359375
2003-12-18,35.560001373291016,29.9641056060791
2003-12-19,35.459999084472656,29.879831314086914
2003-12-22,35.56999969482422,29.97252082824707
2003-12-23,35.84000015258789,30.200031280517578
2003-12-24,35.900001525878906,30.262422561645508
2003-12-26,35.849998474121094,30.22027587890625
2003-12-29,36.439998626708984,30.717634201049805
2003-12-30,36.560001373291016,30.818777084350586
2003-12-31,36.459999084472656,30.734479904174805
2004-01-02,36.36000061035156,30.65018653869629
2004-01-05,37.09000015258789,31.265552520751953
2004-01-06,37.34000015258789,31.47629165649414
2004-01-07,37.68000030517578,31.762901306152344
2004-01-08,37.97999954223633,32.01580047607422
2004-01-09,37.72999954223633,31.80503273010254
2004-01-12,38.33000183105469,32.31082534790039
2004-01-13,37.95000076293945,31.99050521850586
2004-01-14,38.08000183105469,32.100074768066406
2004-01-15,38.18000030517578,32.184364318847656
2004-01-16,38.56999969482422,32.513145446777344
2004-01-20,38.540000915527344,32.48784255981445
2004-01-21,38.380001068115234,32.35297775268555
2004-01-22,38.150001525878906,32.15910720825195
2004-01-23,38.0099983215332,32.04107666015625
2004-01-26,38.59000015258789,32.52999496459961
2004-01-27,37.7400016784668,31.813480377197266
2004-01-28,37.099998474121094,31.27397918701172
2004-01-29,37.2400016784668,31.39200782775879
2004-01-30,37.06999969482422,31.248703002929688
2004-02-02,36.970001220703125,31.16440200805664
2004-02-03,36.93000030517578,31.130674362182617
2004-02-04,36.33000183105469,30.624902725219727
2004-02-05,36.470001220703125,30.7429141998291
2004-02-06,37.130001068115234,31.29926872253418
2004-02-09,37.119998931884766,31.29083251953125
2004-02-10,37.18000030517578,31.3414249420166
2004-02-11,37.58000183105469,31.678598403930664
2004-02-12,37.25,31.400419235229492
2004-02-13,36.939998626708984,31.13911247253418
2004-02-17,37.439998626708984,31.560598373413086
2004-02-18,37.54999923706055,31.653310775756836
2004-02-19,36.97999954223633,31.172801971435547
2004-02-20,36.86000061035156,31.071674346923828
2004-02-23,36.45000076293945,30.726051330566406
2004-02-24,36.36000061035156,30.65018653869629
2004-02-25,36.58000183105469,30.83563995361328
2004-02-26,36.66999816894531,30.911483764648438
2004-02-27,36.56999969482422,30.82721710205078
2004-03-01,37.04999923706055,31.2318172454834
2004-03-02,36.619998931884766,30.86935043334961
2004-03-03,36.41999816894531,30.700767517089844
2004-03-04,36.7599983215332,30.98737335205078
2004-03-05,36.630001068115234,30.877790451049805
2004-03-08,35.77000045776367,30.152830123901367
2004-03-09,35.65999984741211,30.060108184814453
2004-03-10,35.189998626708984,29.66392707824707
2004-03-11,34.869998931884766,29.394174575805664
2004-03-12,35.5099983215332,29.93366050720215
2004-03-15,34.88999938964844,29.411035537719727
2004-03-16,34.95000076293945,29.461612701416016
2004-03-17,35.5,29.92522621154785
2004-03-18,35.34000015258789,29.790353775024414
2004-03-19,34.75,29.29300880432129
2004-03-22,34.310001373291016,28.92210578918457
2004-03-23,34.029998779296875,28.68607521057129
2004-03-24,34.41999816894531,29.014835357666016
2004-03-25,35.34000015258789,29.790353775024414
2004-03-26,35.220001220703125,29.689218521118164
2004-03-29,35.790000915527344,30.169702529907227
2004-03-30,35.90999984741211,30.270849227905273
2004-03-31,35.84000015258789,30.211854934692383
2004-04-01,36.15999984741211,30.481597900390625
2004-04-02,37.099998474121094,31.27397918701172
2004-04-05,37.45000076293945,31.569002151489258
2004-04-06,36.97999954223633,31.172801971435547
2004-04-07,36.939998626708984,31.13911247253418
2004-04-08,36.939998626708984,31.13911247253418
2004-04-12,37.16999816894531,31.332984924316406
2004-04-13,36.630001068115234,30.877790451049805
2004-04-14,36.810001373291016,31.02950096130371
2004-04-15,36.150001525878906,30.4731502532959
2004-04-16,36.09000015258789,30.422584533691406
2004-04-19,36.529998779296875,30.793485641479492
2004-04-20,35.68000030517578,30.076974868774414
2004-04-21,35.9900016784668,30.338279724121094
2004-04-22,36.91999816894531,31.12224769592285
2004-04-23,37.209999084472656,31.366714477539062
2004-04-26,36.939998626708984,31.13911247253418
2004-04-27,36.869998931884766,31.080108642578125
2004-04-28,36.20000076293945,30.51531982421875
2004-04-29,35.63999938964844,30.043243408203125
2004-04-30,34.77000045776367,29.30987548828125
2004-05-03,35.099998474121094,29.588048934936523
2004-05-04,35.25,29.714494705200195
2004-05-05,35.529998779296875,29.950519561767578
2004-05-06,35.2599983215332,29.722930908203125
2004-05-07,34.970001220703125,29.47846221923828
2004-05-10,34.66999816894531,29.22557258605957
2004-05-11,35.189998626708984,29.66392707824707
2004-05-12,35.2599983215332,29.722930908203125
2004-05-13,35.0099983215332,29.51218605041504
2004-05-14,34.75,29.29300880432129
2004-05-17,34.41999816894531,29.014835357666016
2004-05-18,34.72999954223633,29.276159286499023
2004-05-19,34.689998626708984,29.24244499206543
2004-05-20,34.849998474121094,29.37729835510254
2004-05-21,35.02000045776367,29.520599365234375
2004-05-24,35.2599983215332,29.722930908203125
2004-05-25,35.959999084472656,30.312992095947266
2004-05-26,36.189998626708984,30.506893157958984
2004-05-27,36.41999816894531,30.700767517089844
2004-05-28,36.54999923706055,30.81035041809082
2004-06-01,36.5,30.768217086791992
2004-06-02,36.41999816894531,30.700767517089844
2004-06-03,35.97999954223633,30.329866409301758
2004-06-04,36.189998626708984,30.506893157958984
2004-06-07,37.04999923706055,31.2318172454834
2004-06-08,37.099998474121094,31.27397918701172
2004-06-09,36.58000183105469,30.83563995361328
2004-06-10,36.84000015258789,31.054800033569336
2004-06-14,36.31999969482422,30.61647605895996
2004-06-15,36.790000915527344,31.01267433166504
2004-06-16,36.72999954223633,30.962074279785156
2004-06-17,36.38999938964844,30.67546844482422
2004-06-18,36.439998626708984,30.717634201049805
2004-06-21,36.150001525878906,30.4731502532959
2004-06-22,36.68000030517578,30.919919967651367
2004-06-23,37.119998931884766,31.29083251953125
2004-06-24,37.04999923706055,31.2318172454834
2004-06-25,37.33000183105469,31.467866897583008
2004-06-28,37.02000045776367,31.206552505493164
2004-06-29,37.369998931884766,31.501583099365234
2004-06-30,37.7400016784668,31.813480377197266
2004-07-01,37.040000915527344,31.223413467407227
2004-07-02,36.81999969482422,31.037954330444336
2004-07-06,36.029998779296875,30.37200927734375
2004-07-07,36.099998474121094,30.431018829345703
2004-07-08,35.70000076293945,30.093822479248047
2004-07-09,35.75,30.135984420776367
2004-07-12,35.599998474121094,30.0095157623291
2004-07-13,35.54999923706055,29.967384338378906
2004-07-14,35.189998626708984,29.66392707824707
2004-07-15,35.06999969482422,29.562767028808594
2004-07-16,34.66999816894531,29.22557258605957
2004-07-19,34.599998474121094,29.166561126708984
2004-07-20,35.43000030517578,29.86622428894043
2004-07-21,34.400001525878906,28.997970581054688
2004-07-22,34.869998931884766,29.394174575805664
2004-07-23,34.209999084472656,28.837812423706055
2004-07-26,34.060001373291016,28.71137237548828
2004-07-27,34.529998779296875,29.107568740844727
2004-07-28,34.380001068115234,28.98112678527832
2004-07-29,34.779998779296875,29.318296432495117
2004-07-30,34.88999938964844,29.411035537719727
2004-08-02,34.959999084472656,29.47003173828125
2004-08-03,34.22999954223633,28.85466766357422
2004-08-04,34.2400016784668,28.863115310668945
2004-08-05,33.599998474121094,28.32360076904297
2004-08-06,32.720001220703125,27.581802368164062
2004-08-09,32.79999923706055,27.649229049682617
2004-08-10,33.209999084472656,27.99483871459961
2004-08-11,32.91999816894531,27.750377655029297
2004-08-12,32.470001220703125,27.37105369567871
2004-08-13,32.52000045776367,27.413198471069336
2004-08-16,32.88999938964844,27.725095748901367
2004-08-17,33.2599983215332,28.036998748779297
2004-08-18,33.849998474121094,28.53433609008789
2004-08-19,33.66999816894531,28.382614135742188
2004-08-20,34.0099983215332,28.66921615600586
2004-08-23,34.09000015258789,28.736652374267578
2004-08-24,34.08000183105469,28.72823715209961
2004-08-25,34.54999923706055,29.12441635131836
2004-08-26,34.400001525878906,28.997970581054688
2004-08-27,34.560001373291016,29.132858276367188
2004-08-30,33.97999954223633,28.643922805786133
2004-08-31,34.02000045776367,28.677656173706055
2004-09-01,34.27000045776367,28.888391494750977
2004-09-02,34.779998779296875,29.318296432495117
2004-09-03,34.13999938964844,28.778806686401367
2004-09-07,34.43000030517578,29.02326011657715
2004-09-08,34.29999923706055,28.91368865966797
2004-09-09,34.59000015258789,29.158143997192383
2004-09-10,35.119998931884766,29.604904174804688
2004-09-13,35.58000183105469,29.9926815032959
2004-09-14,35.630001068115234,30.034832000732422
2004-09-15,35.25,29.714494705200195
2004-09-16,35.31999969482422,29.77349281311035
2004-09-17,35.43000030517578,29.86622428894043
2004-09-20,35.43000030517578,29.86622428894043
2004-09-21,35.56999969482422,29.984235763549805
2004-09-22,34.95000076293945,29.461612701416016
2004-09-23,34.91999816894531,29.436317443847656
2004-09-24,34.79999923706055,29.335166931152344
2004-09-27,34.5,29.08226776123047
2004-09-28,34.56999969482422,29.141271591186523
2004-09-29,35.08000183105469,29.571189880371094
2004-09-30,35.13999938964844,29.62175750732422
2004-10-01,36.099998474121094,30.431018829345703
2004-10-04,36.310001373291016,30.60803985595703
2004-10-05,36.36000061035156,30.65018653869629
2004-10-06,36.650001525878906,30.894651412963867
2004-10-07,36.2400016784668,30.549030303955078
2004-10-08,35.58000183105469,29.9926815032959
2004-10-11,35.75,30.135984420776367
2004-10-12,35.689998626708984,30.08540916442871
2004-10-13,35.61000061035156,30.017972946166992
2004-10-14,35.45000076293945,29.883092880249023
2004-10-15,35.630001068115234,30.034832000732422
2004-10-18,36.13999938964844,30.464733123779297
2004-10-19,35.880001068115234,30.245567321777344
2004-10-20,36.04999923706055,30.388879776000977
2004-10-21,36.599998474121094,30.852502822875977
2004-10-22,35.79999923706055,30.17814064025879
2004-10-25,35.630001068115234,30.034832000732422
2004-10-26,35.81999969482422,30.194974899291992
2004-10-27,36.72999954223633,30.962074279785156
2004-10-28,36.959999084472656,31.155960083007812
2004-10-29,36.900001525878906,31.105384826660156
2004-11-01,37.040000915527344,31.223413467407227
2004-11-02,37.15999984741211,31.32456398010254
2004-11-03,37.40999984741211,31.535289764404297
2004-11-04,37.619998931884766,31.71233367919922
2004-11-05,37.959999084472656,31.998924255371094
2004-11-08,38.0,32.03263473510742
2004-11-09,37.91999816894531,31.96520233154297
2004-11-10,37.790000915527344,31.855632781982422
2004-11-11,38.290000915527344,32.27711486816406
2004-11-12,38.65999984741211,32.5889892578125
2004-11-15,38.83000183105469,32.73231887817383
2004-11-16,38.59000015258789,32.52999496459961
2004-11-17,39.11000061035156,32.96834182739258
2004-11-18,39.290000915527344,33.12008285522461
2004-11-19,38.68000030517578,32.60586166381836
2004-11-22,39.04999923706055,32.91777801513672
2004-11-23,38.9900016784668,32.867191314697266
2004-11-24,39.33000183105469,33.15378952026367
2004-11-26,39.209999084472656,33.0526237487793
2004-11-29,39.20000076293945,33.044212341308594
2004-11-30,39.119998931884766,32.976741790771484
2004-12-01,39.91999816894531,33.65114212036133
2004-12-02,40.06999969482422,33.777587890625
2004-12-03,40.130001068115234,33.82815933227539
2004-12-06,40.27000045776367,33.9461784362793
2004-12-07,39.58000183105469,33.364540100097656
2004-12-08,39.810001373291016,33.55841827392578
2004-12-09,40.04999923706055,33.76072311401367
2004-12-10,39.93000030517578,33.65956497192383
2004-12-13,40.279998779296875,33.95460510253906
2004-12-14,40.47999954223633,34.12321090698242
2004-12-15,40.33000183105469,33.99675750732422
2004-12-16,39.95000076293945,33.676429748535156
2004-12-17,39.470001220703125,33.59046936035156
2004-12-20,39.20000076293945,33.36069107055664
2004-12-21,39.68000030517578,33.769187927246094
2004-12-22,39.72999954223633,33.81175231933594
2004-12-23,39.7599983215332,33.837276458740234
2004-12-27,39.59000015258789,33.692604064941406
2004-12-28,39.970001220703125,34.015987396240234
2004-12-29,40.02000045776367,34.05855941772461
2004-12-30,39.9900016784668,34.033023834228516
2004-12-31,39.91999816894531,33.97344207763672
2005-01-03,39.5,33.616004943847656
2005-01-04,38.779998779296875,33.00324249267578
2005-01-05,38.540000915527344,32.79899597167969
2005-01-06,38.349998474121094,32.63731384277344
2005-01-07,38.54999923706055,32.807525634765625
2005-01-10,38.529998779296875,32.79050827026367
2005-01-11,38.2599983215332,32.56071090698242
2005-01-12,38.58000183105469,32.833065032958984
2005-01-13,38.06999969482422,32.39901351928711
2005-01-14,38.43000030517578,32.705379486083984
2005-01-18,38.720001220703125,32.95219421386719
2005-01-19,38.08000183105469,32.40751647949219
2005-01-20,37.349998474121094,31.786266326904297
2005-01-21,37.04999923706055,31.53095245361328
2005-01-24,36.529998779296875,31.088415145874023
2005-01-25,36.709999084472656,31.241613388061523
2005-01-26,37.150001525878906,31.616056442260742
2005-01-27,37.099998474121094,31.57351303100586
2005-01-28,36.91999816894531,31.420324325561523
2005-01-31,37.400001525878906,31.82882308959961
2005-02-01,37.52000045776367,31.930950164794922
2005-02-02,37.58000183105469,31.98200035095215
2005-02-03,37.150001525878906,31.616056442260742
2005-02-04,37.75,32.126678466796875
2005-02-07,37.66999816894531,32.0585823059082
2005-02-08,37.7400016784668,32.11818313598633
2005-02-09,37.11000061035156,31.582014083862305
2005-02-10,37.150001525878906,31.616056442260742
2005-02-11,37.70000076293945,32.08412551879883
2005-02-14,37.869998931884766,32.22882080078125
2005-02-15,38.119998931884766,32.44157791137695
2005-02-16,37.97999954223633,32.32242965698242
2005-02-17,37.470001220703125,31.888395309448242
2005-02-18,37.349998474121094,31.786266326904297
2005-02-22,36.88999938964844,31.394784927368164
2005-02-23,36.939998626708984,31.437360763549805
2005-02-24,37.40999984741211,31.837326049804688
2005-02-25,37.619998931884766,32.01605987548828
2005-02-28,37.220001220703125,31.67564582824707
2005-03-01,37.630001068115234,32.02457809448242
2005-03-02,37.61000061035156,32.00752258300781
2005-03-03,37.29999923706055,31.743698120117188
2005-03-04,37.52000045776367,31.930950164794922
2005-03-07,38.060001373291016,32.3905143737793
2005-03-08,37.68000030517578,32.06711959838867
2005-03-09,37.56999969482422,31.973501205444336
2005-03-10,37.52000045776367,31.930950164794922
2005-03-11,37.16999816894531,31.633079528808594
2005-03-14,37.34000015258789,31.77776527404785
2005-03-15,37.040000915527344,31.5224609375
2005-03-16,36.619998931884766,31.165008544921875
2005-03-17,36.709999084472656,31.241613388061523
2005-03-18,36.5099983215332,31.071392059326172
2005-03-21,36.58000183105469,31.13097381591797
2005-03-22,36.130001068115234,30.748016357421875
2005-03-23,36.2599983215332,30.858627319335938
2005-03-24,36.27000045776367,30.867143630981445
2005-03-28,36.34000015258789,30.92671775817871
2005-03-29,36.04999923706055,30.679935455322266
2005-03-30,36.72999954223633,31.258617401123047
2005-03-31,36.56999969482422,31.12247657775879
2005-04-01,36.20000076293945,30.807584762573242
2005-04-04,36.459999084472656,31.028846740722656
2005-04-05,36.560001373291016,31.113948822021484
2005-04-06,36.5,31.06290054321289
2005-04-07,36.939998626708984,31.437360763549805
2005-04-08,36.63999938964844,31.18204116821289
2005-04-11,36.47999954223633,31.045879364013672
2005-04-12,36.65999984741211,31.199050903320312
2005-04-13,36.060001373291016,30.68843650817871
2005-04-14,35.54999923706055,30.254398345947266
2005-04-15,34.7400016784668,29.56507110595703
2005-04-18,34.75,29.573566436767578
2005-04-19,34.9900016784668,29.777833938598633
2005-04-20,34.70000076293945,29.531015396118164
2005-04-21,35.619998931884766,30.31397247314453
2005-04-22,35.09000015258789,29.862934112548828
2005-04-25,35.380001068115234,30.109729766845703
2005-04-26,35.04999923706055,29.828889846801758
2005-04-27,35.099998474121094,29.87143325805664
2005-04-28,34.75,29.573566436767578
2005-04-29,34.97999954223633,29.76930046081543
2005-05-02,35.119998931884766,29.888452529907227
2005-05-03,35.29999923706055,30.041643142700195
2005-05-04,35.72999954223633,30.407596588134766
2005-05-05,35.7599983215332,30.433122634887695
2005-05-06,35.86000061035156,30.51823616027832
2005-05-09,36.029998779296875,30.66289710998535
2005-05-10,35.77000045776367,30.44162368774414
2005-05-11,35.95000076293945,30.594825744628906
2005-05-12,35.849998474121094,30.509719848632812
2005-05-13,36.2400016784668,30.84161949157715
2005-05-16,36.47999954223633,31.045879364013672
2005-05-17,36.70000076293945,31.233095169067383
2005-05-18,37.20000076293945,31.658620834350586
2005-05-19,37.5099983215332,31.922435760498047
2005-05-20,37.65999984741211,32.05009460449219
2005-05-23,37.849998474121094,32.2117805480957
2005-05-24,37.970001220703125,32.31391143798828
2005-05-25,37.810001373291016,32.17775344848633
2005-05-26,38.189998626708984,32.50115966796875
2005-05-27,38.209999084472656,32.51816177368164
2005-05-31,38.08000183105469,32.40751647949219
2005-06-01,38.38999938964844,32.67133331298828
2005-06-02,38.65999984741211,32.901123046875
2005-06-03,38.099998474121094,32.42456817626953
2005-06-06,38.11000061035156,32.433048248291016
2005-06-07,37.790000915527344,32.16072463989258
2005-06-08,37.709999084472656,32.0926513671875
2005-06-09,37.95000076293945,32.296905517578125
2005-06-10,37.54999923706055,31.95648193359375
2005-06-13,37.72999954223633,32.109649658203125
2005-06-14,37.58000183105469,31.98200035095215
2005-06-15,37.70000076293945,32.08412551879883
2005-06-16,37.900001525878906,32.25434875488281
2005-06-17,37.869998931884766,32.25859069824219
2005-06-20,37.869998931884766,32.25859069824219
2005-06-21,37.849998474121094,32.241573333740234
2005-06-22,37.810001373291016,32.20748519897461
2005-06-23,37.38999938964844,31.84975814819336
2005-06-24,36.970001220703125,31.491975784301758
2005-06-27,36.79999923706055,31.34714126586914
2005-06-28,37.150001525878906,31.645280838012695
2005-06-29,37.06999969482422,31.5771541595459
2005-06-30,36.779998779296875,31.330120086669922
2005-07-01,36.72999954223633,31.287521362304688
2005-07-05,37.11000061035156,31.611204147338867
2005-07-06,36.93000030517578,31.4578800201416
2005-07-07,37.060001373291016,31.568620681762695
2005-07-08,37.77000045776367,32.173423767089844
2005-07-11,38.119998931884766,32.47154998779297
2005-07-12,38.29999923706055,32.6248893737793
2005-07-13,38.38999938964844,32.701534271240234
2005-07-14,38.77000045776367,33.0252571105957
2005-07-15,38.88999938964844,33.12745666503906
2005-07-18,38.72999954223633,32.99116516113281
2005-07-19,39.18000030517578,33.37450408935547
2005-07-20,39.459999084472656,33.612998962402344
2005-07-21,39.470001220703125,33.62152862548828
2005-07-22,39.41999816894531,33.57892608642578
2005-07-25,39.27000045776367,33.451133728027344
2005-07-26,39.41999816894531,33.57892608642578
2005-07-27,39.720001220703125,33.83448028564453
2005-07-28,39.90999984741211,33.9963264465332
2005-07-29,39.58000183105469,33.71521759033203
2005-08-01,39.650001525878906,33.77484893798828
2005-08-02,40.08000183105469,34.14113235473633
2005-08-03,40.060001373291016,34.12409973144531
2005-08-04,39.66999816894531,33.79188919067383
2005-08-05,39.47999954223633,33.63005447387695
2005-08-08,39.189998626708984,33.383026123046875
2005-08-09,39.45000076293945,33.604496002197266
2005-08-10,39.11000061035156,33.314857482910156
2005-08-11,39.43000030517578,33.58745574951172
2005-08-12,39.209999084472656,33.40004348754883
2005-08-15,39.45000076293945,33.604496002197266
2005-08-16,38.810001373291016,33.059303283691406
2005-08-17,39.040000915527344,33.255226135253906
2005-08-18,38.84000015258789,33.08486557006836
2005-08-19,38.81999969482422,33.067832946777344
2005-08-22,38.84000015258789,33.08486557006836
2005-08-23,38.72999954223633,32.99116516113281
2005-08-24,38.5,32.795249938964844
2005-08-25,38.59000015258789,32.871910095214844
2005-08-26,38.459999084472656,32.76118469238281
2005-08-29,38.7599983215332,33.016719818115234
2005-08-30,38.619998931884766,32.897483825683594
2005-08-31,38.97999954223633,33.204132080078125
2005-09-01,38.91999816894531,33.15300750732422
2005-09-02,38.77000045776367,33.0252571105957
2005-09-06,39.34000015258789,33.51078414916992
2005-09-07,39.40999984741211,33.57040786743164
2005-09-08,39.400001525878906,33.561893463134766
2005-09-09,39.619998931884766,33.749305725097656
2005-09-12,39.72999954223633,33.843013763427734
2005-09-13,39.630001068115234,33.757808685302734
2005-09-14,39.18000030517578,33.37450408935547
2005-09-15,39.15999984741211,33.35745620727539
2005-09-16,39.400001525878906,33.561893463134766
2005-09-19,39.09000015258789,33.29783630371094
2005-09-20,38.93000030517578,33.161529541015625
2005-09-21,38.5,32.795249938964844
2005-09-22,38.63999938964844,32.914512634277344
2005-09-23,38.75,33.00820541381836
2005-09-26,38.7599983215332,33.016719818115234
2005-09-27,38.66999816894531,32.9400634765625
2005-09-28,38.68000030517578,32.94856262207031
2005-09-29,39.20000076293945,33.39152526855469
2005-09-30,39.459999084472656,33.612998962402344
2005-10-03,39.560001373291016,33.69818115234375
2005-10-04,39.29999923706055,33.47671127319336
2005-10-05,38.7599983215332,33.016719818115234
2005-10-06,38.25,32.582298278808594
2005-10-07,38.34000015258789,32.65896987915039
2005-10-10,38.130001068115234,32.48008728027344
2005-10-11,37.939998626708984,32.3182373046875
2005-10-12,37.4900016784668,31.934917449951172
2005-10-13,37.779998779296875,32.181922912597656
2005-10-14,38.060001373291016,32.42045593261719
2005-10-17,38.18000030517578,32.52267074584961
2005-10-18,37.90999984741211,32.29267501831055
2005-10-19,38.66999816894531,32.9400634765625
2005-10-20,38.310001373291016,32.633399963378906
2005-10-21,38.54999923706055,32.83784103393555
2005-10-24,39.15999984741211,33.35745620727539
2005-10-25,39.0099983215332,33.22969055175781
2005-10-26,38.810001373291016,33.059303283691406
2005-10-27,38.029998779296875,32.39488983154297
2005-10-28,38.31999969482422,32.64195251464844
2005-10-31,38.869998931884766,33.110416412353516
2005-11-01,38.84000015258789,33.08486557006836
2005-11-02,39.349998474121094,33.51930618286133
2005-11-03,39.939998626708984,34.02186965942383
2005-11-04,40.08000183105469,34.14113235473633
2005-11-07,40.130001068115234,34.183719635009766
2005-11-08,40.13999938964844,34.192256927490234
2005-11-09,40.15999984741211,34.20929718017578
2005-11-10,40.599998474121094,34.58407211303711
2005-11-11,40.709999084472656,34.67778396606445
2005-11-14,40.709999084472656,34.67778396606445
2005-11-15,40.52000045776367,34.51594924926758
2005-11-16,40.77000045776367,34.72890090942383
2005-11-17,41.310001373291016,35.18886947631836
2005-11-18,41.45000076293945,35.3081169128418
2005-11-21,41.54999923706055,35.3933219909668
2005-11-22,41.70000076293945,35.521095275878906
2005-11-23,41.79999923706055,35.60628890991211
2005-11-25,41.88999938964844,35.68292999267578
2005-11-28,41.540000915527344,35.384803771972656
2005-11-29,41.34000015258789,35.214420318603516
2005-11-30,41.2400016784668,35.12924575805664
2005-12-01,42.0099983215332,35.785152435302734
2005-12-02,42.11000061035156,35.87034606933594
2005-12-05,41.79999923706055,35.60628890991211
2005-12-06,41.939998626708984,35.72550964355469
2005-12-07,41.86000061035156,35.65737533569336
2005-12-08,41.560001373291016,35.40182876586914
2005-12-09,41.720001220703125,35.53813171386719
2005-12-12,41.869998931884766,35.66591262817383
2005-12-13,42.040000915527344,35.81072235107422
2005-12-14,41.900001525878906,35.69145965576172
2005-12-15,41.970001220703125,35.751075744628906
2005-12-16,41.58000183105469,35.50432205200195
2005-12-19,40.91999816894531,34.94075393676758
2005-12-20,40.95000076293945,34.96636199951172
2005-12-21,41.130001068115234,35.12006378173828
2005-12-22,41.400001525878906,35.35060501098633
2005-12-23,41.400001525878906,35.35060501098633
2005-12-27,41.040000915527344,35.043216705322266
2005-12-28,40.9900016784668,35.00052261352539
2005-12-29,40.720001220703125,34.76996994018555
2005-12-30,40.40999984741211,34.50525665283203
2006-01-03,41.310001373291016,35.27376937866211
2006-01-04,41.7400016784668,35.64093017578125
2006-01-05,41.91999816894531,35.794612884521484
2006-01-06,42.68000030517578,36.44357681274414
2006-01-09,42.849998474121094,36.58872985839844
2006-01-10,42.880001068115234,36.614349365234375
2006-01-11,43.209999084472656,36.89613342285156
2006-01-12,43.0,36.71681213378906
2006-01-13,42.97999954223633,36.69974136352539
2006-01-17,42.70000076293945,36.46067810058594
2006-01-18,42.209999084472656,36.04225158691406
2006-01-19,42.52000045776367,36.30695343017578
2006-01-20,41.25,35.222530364990234
2006-01-23,41.2599983215332,35.23108673095703
2006-01-24,41.439998626708984,35.38478088378906
2006-01-25,41.2599983215332,35.23108673095703
2006-01-26,41.54999923706055,35.47869873046875
2006-01-27,42.11000061035156,35.95686721801758
2006-01-30,42.189998626708984,36.02517318725586
2006-01-31,42.0,35.86293411254883
2006-02-01,42.150001525878906,35.99103546142578
2006-02-02,41.43000030517578,35.376220703125
2006-02-03,40.91999816894531,34.94075393676758
2006-02-06,40.810001373291016,34.84682846069336
2006-02-07,40.630001068115234,34.693119049072266
2006-02-08,41.099998474121094,35.09444808959961
2006-02-09,40.709999084472656,34.761436462402344
2006-02-10,40.959999084472656,34.974910736083984
2006-02-13,40.4900016784668,34.573570251464844
2006-02-14,40.900001525878906,34.92367935180664
2006-02-15,41.15999984741211,35.14565658569336
2006-02-16,41.540000915527344,35.47015380859375
2006-02-17,41.209999084472656,35.1883659362793
2006-02-21,40.75,34.795597076416016
2006-02-22,41.2599983215332,35.23108673095703
2006-02-23,41.150001525878906,35.137149810791016
2006-02-24,41.2599983215332,35.23108673095703
2006-02-27,41.720001220703125,35.62385940551758
2006-02-28,41.099998474121094,35.09444808959961
2006-03-01,41.65999984741211,35.572628021240234
2006-03-02,41.689998626708984,35.59823226928711
2006-03-03,41.45000076293945,35.39329147338867
2006-03-06,41.09000015258789,35.08592224121094
2006-03-07,40.849998474121094,34.88096237182617
2006-03-08,40.869998931884766,34.8980598449707
2006-03-09,40.52000045776367,34.599212646484375
2006-03-10,40.560001373291016,34.63334655761719
2006-03-13,40.68000030517578,34.7358283996582
2006-03-14,41.369998931884766,35.324981689453125
2006-03-15,41.720001220703125,35.62385940551758
2006-03-16,41.369998931884766,35.324981689453125
2006-03-17,41.45000076293945,35.41814041137695
2006-03-20,41.54999923706055,35.50358963012695
2006-03-21,41.11000061035156,35.12760925292969
2006-03-22,41.209999084472656,35.21306610107422
2006-03-23,41.09000015258789,35.110530853271484
2006-03-24,41.29999923706055,35.28996658325195
2006-03-27,41.310001373291016,35.29851531982422
2006-03-28,41.13999938964844,35.153236389160156
2006-03-29,41.91999816894531,35.81974411010742
2006-03-30,42.04999923706055,35.930824279785156
2006-03-31,41.93000030517578,35.82829284667969
2006-04-03,41.97999954223633,35.87101364135742
2006-04-04,42.209999084472656,36.067535400390625
2006-04-05,42.61000061035156,36.409332275390625
2006-04-06,42.72999954223633,36.51189041137695
2006-04-07,42.31999969482422,36.16151809692383
2006-04-10,42.2599983215332,36.110252380371094
2006-04-11,41.91999816894531,35.81974411010742
2006-04-12,41.93000030517578,35.82829284667969
2006-04-13,42.099998474121094,35.97354507446289
2006-04-17,41.65999984741211,35.59758758544922
2006-04-18,42.459999084472656,36.28116226196289
2006-04-19,42.650001525878906,36.443511962890625
2006-04-20,42.5,36.31534957885742
2006-04-21,42.0,35.88809585571289
2006-04-24,41.959999084472656,35.85391616821289
2006-04-25,41.869998931884766,35.77701187133789
2006-04-26,41.86000061035156,35.76847457885742
2006-04-27,42.2599983215332,36.110252380371094
2006-04-28,41.849998474121094,35.75994873046875
2006-05-01,41.439998626708984,35.409603118896484
2006-05-02,41.54999923706055,35.50358963012695
2006-05-03,41.4900016784668,35.45231246948242
2006-05-04,41.83000183105469,35.74284744262695
2006-05-05,42.15999984741211,36.024818420410156
2006-05-08,42.20000076293945,36.058998107910156
2006-05-09,42.040000915527344,35.92229080200195
2006-05-10,41.66999816894531,35.60612869262695
2006-05-11,40.7400016784668,34.81145095825195
2006-05-12,40.189998626708984,34.34150314331055
2006-05-15,40.15999984741211,34.31586837768555
2006-05-16,39.86000061035156,34.05950164794922
2006-05-17,39.31999969482422,33.59809875488281
2006-05-18,39.04999923706055,33.36739730834961
2006-05-19,39.349998474121094,33.62372589111328
2006-05-22,38.970001220703125,33.299049377441406
2006-05-23,38.59000015258789,32.974327087402344
2006-05-24,38.849998474121094,33.19648361206055
2006-05-25,39.36000061035156,33.63227844238281
2006-05-26,39.4900016784668,33.74336624145508
2006-05-30,38.63999938964844,33.01704025268555
2006-05-31,38.81999969482422,33.17086410522461
2006-06-01,39.7400016784668,33.95697021484375
2006-06-02,39.63999938964844,33.87153625488281
2006-06-05,38.779998779296875,33.13665771484375
2006-06-06,38.75,33.111045837402344
2006-06-07,38.459999084472656,32.863258361816406
2006-06-08,38.400001525878906,32.811981201171875
2006-06-09,38.150001525878906,32.59835433959961
2006-06-12,37.400001525878906,31.957508087158203
2006-06-13,37.25,31.82931900024414
2006-06-14,37.630001068115234,32.154014587402344
2006-06-15,38.650001525878906,33.02560043334961
2006-06-16,38.34000015258789,32.78276443481445
2006-06-19,38.029998779296875,32.5176887512207
2006-06-20,38.08000183105469,32.560455322265625
2006-06-21,38.68000030517578,33.07347106933594
2006-06-22,38.189998626708984,32.65450668334961
2006-06-23,38.150001525878906,32.62031173706055
2006-06-26,38.25,32.70580291748047
2006-06-27,37.529998779296875,32.09016799926758
2006-06-28,37.810001373291016,32.329593658447266
2006-06-29,38.959999084472656,33.31289291381836
2006-06-30,38.77000045776367,33.15044021606445
2006-07-03,39.0,33.34709167480469
2006-07-05,38.150001525878906,32.62031173706055
2006-07-06,38.11000061035156,32.58608627319336
2006-07-07,37.689998626708984,32.22697067260742
2006-07-10,37.36000061035156,31.94481086730957
2006-07-11,37.63999938964844,32.18422317504883
2006-07-12,36.93000030517578,31.577138900756836
2006-07-13,36.310001373291016,31.047008514404297
2006-07-14,35.939998626708984,30.730627059936523
2006-07-17,36.029998779296875,30.807575225830078
2006-07-18,36.150001525878906,30.910179138183594
2006-07-19,36.619998931884766,31.312061309814453
2006-07-20,36.08000183105469,30.85035514831543
2006-07-21,35.70000076293945,30.525413513183594
2006-07-24,36.40999984741211,31.13250732421875
2006-07-25,36.619998931884766,31.312061309814453
2006-07-26,36.59000015258789,31.286422729492188
2006-07-27,36.349998474121094,31.081207275390625
2006-07-28,37.11000061035156,31.731054306030273
2006-07-31,37.099998474121094,31.72249984741211
2006-08-01,36.47999954223633,31.192352294921875
2006-08-02,36.88999938964844,31.542919158935547
2006-08-03,37.119998931884766,31.739578247070312
2006-08-04,36.95000076293945,31.594240188598633
2006-08-07,36.709999084472656,31.38902473449707
2006-08-08,36.47999954223633,31.192352294921875
2006-08-09,36.529998779296875,31.2351131439209
2006-08-10,36.790000915527344,31.457412719726562
2006-08-11,36.529998779296875,31.2351131439209
2006-08-14,36.77000045776367,31.440324783325195
2006-08-15,37.70000076293945,32.23553466796875
2006-08-16,38.59000015258789,32.99652099609375
2006-08-17,38.72999954223633,33.116241455078125
2006-08-18,38.790000915527344,33.16754150390625
2006-08-21,38.41999816894531,32.85116958618164
2006-08-22,38.43000030517578,32.85970687866211
2006-08-23,38.13999938964844,32.61175537109375
2006-08-24,38.25,32.70580291748047
2006-08-25,38.31999969482422,32.765663146972656
2006-08-28,38.61000061035156,33.01362609863281
2006-08-29,38.72999954223633,33.116241455078125
2006-08-30,38.90999984741211,33.27015686035156
2006-08-31,38.869998931884766,33.23592758178711
2006-09-01,39.08000183105469,33.415496826171875
2006-09-05,39.459999084472656,33.740421295166016
2006-09-06,38.66999816894531,33.064937591552734
2006-09-07,38.4900016784668,32.91100311279297
2006-09-08,38.720001220703125,33.10768508911133
2006-09-11,38.959999084472656,33.31289291381836
2006-09-12,39.68000030517578,33.928550720214844
2006-09-13,39.95000076293945,34.159400939941406
2006-09-14,39.9900016784668,34.193603515625
2006-09-15,40.11000061035156,34.31593704223633
2006-09-18,40.119998931884766,34.32450866699219
2006-09-19,39.849998474121094,34.0934944152832
2006-09-20,40.43000030517578,34.5897331237793
2006-09-21,40.18000030517578,34.37581253051758
2006-09-22,39.869998931884766,34.110591888427734
2006-09-25,40.56999969482422,34.70948791503906
2006-09-26,40.77000045776367,34.88059997558594
2006-09-27,40.720001220703125,34.83781814575195
2006-09-28,40.83000183105469,34.931949615478516
2006-09-29,40.650001525878906,34.7779541015625
2006-10-02,40.13999938964844,34.34161376953125
2006-10-03,40.310001373291016,34.48704147338867
2006-10-04,41.29999923706055,35.33403778076172
2006-10-05,41.5,35.50515365600586
2006-10-06,41.40999984741211,35.428157806396484
2006-10-09,41.54999923706055,35.54792404174805
2006-10-10,41.619998931884766,35.60780715942383
2006-10-11,41.540000915527344,35.53937530517578
2006-10-12,42.20000076293945,36.10403823852539
2006-10-13,42.43000030517578,36.300804138183594
2006-10-16,42.470001220703125,36.33501052856445
2006-10-17,42.0,35.93292236328125
2006-10-18,41.79999923706055,35.761810302734375
2006-10-19,41.900001525878906,35.84736633300781
2006-10-20,42.0,35.93292236328125
2006-10-23,42.43000030517578,36.300804138183594
2006-10-24,42.13999938964844,36.052696228027344
2006-10-25,42.43000030517578,36.300804138183594
2006-10-26,42.81999969482422,36.63446044921875
2006-10-27,42.209999084472656,36.11259841918945
2006-10-30,42.47999954223633,36.34359359741211
2006-10-31,42.58000183105469,36.429141998291016
2006-11-01,42.0,35.93292236328125
2006-11-02,42.040000915527344,35.96714782714844
2006-11-03,41.93000030517578,35.87302780151367
2006-11-06,42.540000915527344,36.39493179321289
2006-11-07,42.83000183105469,36.64301681518555
2006-11-08,43.029998779296875,36.81412887573242
2006-11-09,42.83000183105469,36.64301681518555
2006-11-10,43.029998779296875,36.81412887573242
2006-11-13,43.470001220703125,37.1905632019043
2006-11-14,43.93000030517578,37.584136962890625
2006-11-15,44.11000061035156,37.738128662109375
2006-11-16,44.29999923706055,37.90067672729492
2006-11-17,44.29999923706055,37.90067672729492
2006-11-20,44.38999938964844,37.9776611328125
2006-11-21,44.45000076293945,38.02901077270508
2006-11-22,44.72999954223633,38.26856994628906
2006-11-24,44.650001525878906,38.20012283325195
2006-11-27,43.63999938964844,37.33600997924805
2006-11-28,43.77000045776367,37.447242736816406
2006-11-29,44.06999969482422,37.70391082763672
2006-11-30,44.040000915527344,37.67823791503906
2006-12-01,43.65999984741211,37.3531379699707
2006-12-04,44.2599983215332,37.866455078125
2006-12-05,44.41999816894531,38.00334930419922
2006-12-06,44.2599983215332,37.866455078125
2006-12-07,43.70000076293945,37.38733673095703
2006-12-08,43.900001525878906,37.55846405029297
2006-12-11,44.060001373291016,37.69535827636719
2006-12-12,43.79999923706055,37.472900390625
2006-12-13,43.880001068115234,37.541324615478516
2006-12-14,44.369998931884766,37.96057891845703
2006-12-15,44.43000030517578,38.0582275390625
2006-12-18,43.9900016784668,37.681312561035156
2006-12-19,43.849998474121094,37.561405181884766
2006-12-20,43.689998626708984,37.42433547973633
2006-12-21,43.380001068115234,37.158817291259766
2006-12-22,42.93000030517578,36.77334976196289
2006-12-26,43.11000061035156,36.927520751953125
2006-12-27,43.33000183105469,37.115970611572266
2006-12-28,43.119998931884766,36.93608856201172
2006-12-29,43.15999984741211,36.97035598754883
2007-01-03,43.2400016784668,37.03886413574219
2007-01-04,44.060001373291016,37.74127197265625
2007-01-05,43.849998474121094,37.561405181884766
2007-01-08,43.880001068115234,37.587100982666016
2007-01-09,44.099998474121094,37.77556228637695
2007-01-10,44.619998931884766,38.22098159790039
2007-01-11,45.08000183105469,38.61500930786133
2007-01-12,45.310001373291016,38.8120231628418
2007-01-16,45.279998779296875,38.78632736206055
2007-01-17,44.90999984741211,38.46936798095703
2007-01-18,44.08000183105469,37.758426666259766
2007-01-19,44.16999816894531,37.83549499511719
2007-01-22,43.689998626708984,37.42433547973633
2007-01-23,43.58000183105469,37.330116271972656
2007-01-24,44.29999923706055,37.94686508178711
2007-01-25,43.72999954223633,37.45861053466797
2007-01-26,43.56999969482422,37.32154083251953
2007-01-29,43.61000061035156,37.355812072753906
2007-01-30,43.630001068115234,37.37295913696289
2007-01-31,44.06999969482422,37.74984359741211
2007-02-01,44.0,37.68989562988281
2007-02-02,44.15999984741211,37.82695007324219
2007-02-05,44.119998931884766,37.79267120361328
2007-02-06,44.060001373291016,37.74127197265625
2007-02-07,44.459999084472656,38.08391571044922
2007-02-08,44.45000076293945,38.075355529785156
2007-02-09,43.880001068115234,37.587100982666016
2007-02-12,43.709999084472656,37.44146728515625
2007-02-13,43.86000061035156,37.56996536254883
2007-02-14,44.599998474121094,38.203834533691406
2007-02-15,44.86000061035156,38.42656707763672
2007-02-16,44.709999084472656,38.2980842590332
2007-02-20,45.04999923706055,38.58930969238281
2007-02-21,45.189998626708984,38.70924377441406
2007-02-22,45.41999816894531,38.90625
2007-02-23,45.2599983215332,38.76919174194336
2007-02-26,45.040000915527344,38.58074951171875
2007-02-27,43.189998626708984,36.99605941772461
2007-02-28,43.33000183105469,37.115970611572266
2007-03-01,43.130001068115234,36.94464874267578
2007-03-02,42.47999954223633,36.38787078857422
2007-03-05,42.150001525878906,36.10519027709961
2007-03-06,42.849998474121094,36.70481872558594
2007-03-07,42.68000030517578,36.559200286865234
2007-03-08,42.970001220703125,36.8076057434082
2007-03-09,42.93000030517578,36.77334976196289
2007-03-12,43.209999084472656,37.013179779052734
2007-03-13,42.369998931884766,36.29365539550781
2007-03-14,42.9900016784668,36.824729919433594
2007-03-15,42.88999938964844,36.73907470703125
2007-03-16,42.83000183105469,36.710792541503906
2007-03-19,43.27000045776367,37.08793258666992
2007-03-20,43.58000183105469,37.35363006591797
2007-03-21,44.41999816894531,38.0736198425293
2007-03-22,44.2599983215332,37.936492919921875
2007-03-23,44.119998931884766,37.81647872924805
2007-03-26,44.29999923706055,37.97077941894531
2007-03-27,43.9900016784668,37.70505142211914
2007-03-28,43.52000045776367,37.302215576171875
2007-03-29,43.56999969482422,37.34505081176758
2007-03-30,43.529998779296875,37.31078338623047
2007-04-02,43.59000015258789,37.36219024658203
2007-04-03,44.15999984741211,37.85077667236328
2007-04-04,44.34000015258789,38.00505828857422
2007-04-05,44.560001373291016,38.19362258911133
2007-04-09,44.45000076293945,38.099334716796875
2007-04-10,44.68000030517578,38.296478271484375
2007-04-11,44.209999084472656,37.89362335205078
2007-04-12,44.560001373291016,38.19362258911133
2007-04-13,44.650001525878906,38.270748138427734
2007-04-16,45.060001373291016,38.6221923828125
2007-04-17,45.15999984741211,38.7078857421875
2007-04-18,45.0099983215332,38.57931137084961
2007-04-19,45.150001525878906,38.699337005615234
2007-04-20,45.400001525878906,38.91358947753906
2007-04-23,45.470001220703125,38.97361373901367
2007-04-24,45.70000076293945,39.17074966430664
2007-04-25,46.310001373291016,39.69358825683594
2007-04-26,46.54999923706055,39.8993034362793
2007-04-27,46.56999969482422,39.91644287109375
2007-04-30,45.959999084472656,39.39358901977539
2007-05-01,45.91999816894531,39.35931396484375
2007-05-02,46.41999816894531,39.78786849975586
2007-05-03,46.59000015258789,39.93358612060547
2007-05-04,46.630001068115234,39.967872619628906
2007-05-07,46.630001068115234,39.967872619628906
2007-05-08,46.72999954223633,40.05358123779297
2007-05-09,46.83000183105469,40.13929748535156
2007-05-10,46.189998626708984,39.590763092041016
2007-05-11,46.779998779296875,40.0964241027832
2007-05-14,46.459999084472656,39.822147369384766
2007-05-15,46.099998474121094,39.51357650756836
2007-05-16,46.54999923706055,39.8993034362793
2007-05-17,46.33000183105469,39.71073532104492
2007-05-18,46.709999084472656,40.03644561767578
2007-05-21,47.0099983215332,40.2935905456543
2007-05-22,47.04999923706055,40.32786560058594
2007-05-23,46.83000183105469,40.13929748535156
2007-05-24,46.15999984741211,39.56502151489258
2007-05-25,46.45000076293945,39.81358337402344
2007-05-29,46.810001373291016,40.122169494628906
2007-05-30,47.189998626708984,40.44784927368164
2007-05-31,47.40999984741211,40.63643264770508
2007-06-01,47.439998626708984,40.66215133666992
2007-06-04,47.58000183105469,40.78214645385742
2007-06-05,47.58000183105469,40.78214645385742
2007-06-06,47.06999969482422,40.34502029418945
2007-06-07,46.34000015258789,39.71931076049805
2007-06-08,46.90999984741211,40.2078742980957
2007-06-11,46.81999969482422,40.13071823120117
2007-06-12,46.540000915527344,39.89072036743164
2007-06-13,47.04999923706055,40.32786560058594
2007-06-14,47.36000061035156,40.59356689453125
2007-06-15,47.7599983215332,40.968441009521484
2007-06-18,47.77000045776367,40.97701644897461
2007-06-19,47.7599983215332,40.968441009521484
2007-06-20,47.310001373291016,40.582435607910156
2007-06-21,47.7400016784668,40.9512939453125
2007-06-22,47.290000915527344,40.56526565551758
2007-06-25,47.09000015258789,40.39370346069336
2007-06-26,46.81999969482422,40.1620979309082
2007-06-27,47.540000915527344,40.77970504760742
2007-06-28,47.52000045776367,40.762542724609375
2007-06-29,47.599998474121094,40.83119583129883
2007-07-02,48.029998779296875,41.200035095214844
2007-07-03,48.310001373291016,41.44021987915039
2007-07-05,48.65999984741211,41.74046325683594
2007-07-06,48.86000061035156,41.91199493408203
2007-07-09,48.88999938964844,41.93771743774414
2007-07-10,48.47999954223633,41.58604431152344
2007-07-11,48.810001373291016,41.86912536621094
2007-07-12,49.560001373291016,42.51249313354492
2007-07-13,49.900001525878906,42.80413055419922
2007-07-16,49.849998474121094,42.761234283447266
2007-07-17,50.22999954223633,43.08717727661133
2007-07-18,50.16999816894531,43.035728454589844
2007-07-19,50.31999969482422,43.16440200805664
2007-07-20,50.04999923706055,42.93279266357422
2007-07-23,50.06999969482422,42.94994354248047
2007-07-24,49.33000183105469,42.315181732177734
2007-07-25,49.400001525878906,42.3752326965332
2007-07-26,48.97999954223633,42.01495361328125
2007-07-27,47.9900016784668,41.165733337402344
2007-07-30,48.54999923706055,41.64609146118164
2007-07-31,47.529998779296875,40.77113342285156
2007-08-01,47.900001525878906,41.08853530883789
2007-08-02,48.34000015258789,41.46595001220703
2007-08-03,47.41999816894531,40.676780700683594
2007-08-06,47.970001220703125,41.14857864379883
2007-08-07,48.310001373291016,41.44021987915039
2007-08-08,48.84000015258789,41.89487075805664
2007-08-09,47.709999084472656,40.925537109375
2007-08-10,47.279998779296875,40.55668258666992
2007-08-13,47.599998474121094,40.83119583129883
2007-08-14,46.790000915527344,40.136375427246094
2007-08-15,45.900001525878906,39.37294006347656
2007-08-16,45.45000076293945,38.98691940307617
2007-08-17,46.310001373291016,39.7246208190918
2007-08-20,46.529998779296875,39.913352966308594
2007-08-21,47.02000045776367,40.333656311035156
2007-08-22,47.65999984741211,40.882659912109375
2007-08-23,47.529998779296875,40.77113342285156
2007-08-24,48.20000076293945,41.345863342285156
2007-08-27,47.880001068115234,41.071372985839844
2007-08-28,46.7400016784668,40.093482971191406
2007-08-29,48.08000183105469,41.24293518066406
2007-08-30,48.33000183105469,41.4573860168457
2007-08-31,48.869998931884766,41.92061233520508
2007-09-04,49.68000030517578,42.61540603637695
2007-09-05,49.18000030517578,42.18650817871094
2007-09-06,49.13999938964844,42.152191162109375
2007-09-07,48.22999954223633,41.3715934753418
2007-09-10,48.20000076293945,41.345863342285156
2007-09-11,48.93000030517578,41.97206115722656
2007-09-12,48.939998626708984,41.98064041137695
2007-09-13,49.18000030517578,42.18650817871094
2007-09-14,49.220001220703125,42.22081756591797
2007-09-17,48.810001373291016,41.86912536621094
2007-09-18,50.040000915527344,42.92421340942383
2007-09-19,50.16999816894531,43.035728454589844
2007-09-20,50.029998779296875,42.91561508178711
2007-09-21,50.36000061035156,43.22117233276367
2007-09-24,50.59000015258789,43.418556213378906
2007-09-25,51.06999969482422,43.83053207397461
2007-09-26,51.31999969482422,44.04508972167969
2007-09-27,51.58000183105469,44.26823806762695
2007-09-28,51.40999984741211,44.122318267822266
2007-10-01,52.0,44.628684997558594
2007-10-02,52.0099983215332,44.637271881103516
2007-10-03,51.650001525878906,44.32831573486328
2007-10-04,51.77000045776367,44.431304931640625
2007-10-05,52.81999969482422,45.33246612548828
2007-10-08,53.150001525878906,45.61567306518555
2007-10-09,53.380001068115234,45.81307601928711
2007-10-10,53.5099983215332,45.92464828491211
2007-10-11,52.65999984741211,45.195133209228516
2007-10-12,53.529998779296875,45.941795349121094
2007-10-15,53.119998931884766,45.58992385864258
2007-10-16,52.869998931884766,45.375362396240234
2007-10-17,53.54999923706055,45.95897674560547
2007-10-18,53.779998779296875,46.1563606262207
2007-10-19,52.439998626708984,45.006309509277344
2007-10-22,53.06999969482422,45.547019958496094
2007-10-23,54.18000030517578,46.49967956542969
2007-10-24,53.77000045776367,46.14780807495117
2007-10-25,53.04999923706055,45.52983856201172
2007-10-26,53.93000030517578,46.28511047363281
2007-10-29,54.150001525878906,46.47390365600586
2007-10-30,54.2599983215332,46.568328857421875
2007-10-31,55.029998779296875,47.22916793823242
2007-11-01,54.0,46.34519958496094
2007-11-02,54.41999816894531,46.70564270019531
2007-11-05,54.06999969482422,46.4052619934082
2007-11-06,54.68000030517578,46.92879104614258
2007-11-07,53.349998474121094,45.787330627441406
2007-11-08,51.72999954223633,44.39697265625
2007-11-09,50.0,42.912200927734375
2007-11-12,48.72999954223633,41.822242736816406
2007-11-13,50.7400016784668,43.547298431396484
2007-11-14,50.09000015258789,42.98944854736328
2007-11-15,49.81999969482422,42.7577018737793
2007-11-16,50.279998779296875,43.15251922607422
2007-11-19,49.70000076293945,42.654720306396484
2007-11-20,49.900001525878906,42.826385498046875
2007-11-21,49.310001373291016,42.32000732421875
2007-11-23,49.84000015258789,42.774879455566406
2007-11-26,48.97999954223633,42.03679656982422
2007-11-27,49.959999084472656,42.87788009643555
2007-11-28,51.47999954223633,44.18240737915039
2007-11-29,51.70000076293945,44.371219635009766
2007-11-30,51.310001373291016,44.0365104675293
2007-12-03,50.880001068115234,43.667457580566406
2007-12-04,50.66999816894531,43.487220764160156
2007-12-05,51.58000183105469,44.26823806762695
2007-12-06,52.31999969482422,44.9033203125
2007-12-07,52.33000183105469,44.91191101074219
2007-12-10,52.540000915527344,45.09214401245117
2007-12-11,51.31999969482422,44.04508972167969
2007-12-12,51.779998779296875,44.439884185791016
2007-12-13,51.5,44.19955825805664
2007-12-14,50.970001220703125,43.74470520019531
2007-12-17,49.72999954223633,42.68048858642578
2007-12-18,49.88999938964844,42.81779479980469
2007-12-19,49.880001068115234,42.80921936035156
2007-12-20,50.900001525878906,43.68462371826172
2007-12-21,51.849998474121094,44.54633331298828
2007-12-24,52.2400016784668,44.88139724731445
2007-12-26,52.5,45.10477828979492
2007-12-27,51.869998931884766,44.563514709472656
2007-12-28,51.81999969482422,44.52055740356445
2007-12-31,51.220001220703125,44.00508499145508
2008-01-02,50.40999984741211,43.309181213378906
2008-01-03,50.619998931884766,43.48960494995117
2008-01-04,48.400001525878906,41.58230209350586
2008-01-07,48.16999816894531,41.384700775146484
2008-01-08,46.91999816894531,40.310791015625
2008-01-09,47.91999816894531,41.169925689697266
2008-01-10,47.9900016784668,41.23006820678711
2008-01-11,47.04999923706055,40.42247009277344
2008-01-14,47.869998931884766,41.12696075439453
2008-01-15,46.54999923706055,39.99290466308594
2008-01-16,46.04999923706055,39.56332015991211
2008-01-17,45.40999984741211,39.01349639892578
2008-01-18,45.349998474121094,38.96192169189453
2008-01-22,44.18000030517578,37.95673751831055
2008-01-23,44.0099983215332,37.81070327758789
2008-01-24,44.90999984741211,38.583919525146484
2008-01-25,43.9900016784668,37.79351806640625
2008-01-28,44.33000183105469,38.08561325073242
2008-01-29,44.40999984741211,38.154354095458984
2008-01-30,44.369998931884766,38.1199836730957
2008-01-31,45.130001068115234,38.772926330566406
2008-02-01,45.59000015258789,39.16814041137695
2008-02-04,44.95000076293945,38.618282318115234
2008-02-05,43.66999816894531,37.518585205078125
2008-02-06,42.810001373291016,36.779727935791016
2008-02-07,43.11000061035156,37.0374755859375
2008-02-08,43.599998474121094,37.45844650268555
2008-02-11,44.06999969482422,37.86223220825195
2008-02-12,43.81999969482422,37.64744567871094
2008-02-13,44.779998779296875,38.47222900390625
2008-02-14,43.970001220703125,37.77633285522461
2008-02-15,43.81999969482422,37.64744567871094
2008-02-19,43.7400016784668,37.578739166259766
2008-02-20,43.939998626708984,37.75053405761719
2008-02-21,43.52000045776367,37.389713287353516
2008-02-22,43.68000030517578,37.52717971801758
2008-02-25,43.900001525878906,37.716182708740234
2008-02-26,44.06999969482422,37.86223220825195
2008-02-27,44.290000915527344,38.05125427246094
2008-02-28,44.119998931884766,37.90518569946289
2008-02-29,42.95000076293945,36.899993896484375
2008-03-03,42.66999816894531,36.6594352722168
2008-03-04,42.90999984741211,36.86561965942383
2008-03-05,43.119998931884766,37.04606246948242
2008-03-06,42.16999816894531,36.22988510131836
2008-03-07,42.06999969482422,36.143959045410156
2008-03-10,41.2599983215332,35.448062896728516
2008-03-11,42.83000183105469,36.796905517578125
2008-03-12,42.709999084472656,36.69379425048828
2008-03-13,43.040000915527344,36.97732925415039
2008-03-14,42.25,36.29861831665039
2008-03-17,41.47999954223633,35.637081146240234
2008-03-18,43.33000183105469,37.22647476196289
2008-03-19,42.2599983215332,36.307186126708984
2008-03-20,43.09000015258789,37.0492057800293
2008-03-24,44.58000183105469,38.3303337097168
2008-03-25,44.83000183105469,38.54529571533203
2008-03-26,44.70000076293945,38.43349838256836
2008-03-27,43.709999084472656,37.58229064941406
2008-03-28,43.4900016784668,37.393150329589844
2008-03-31,43.720001220703125,37.590911865234375
2008-04-01,45.59000015258789,39.19874954223633
2008-04-02,45.4900016784668,39.11277770996094
2008-04-03,45.59000015258789,39.19874954223633
2008-04-04,45.86000061035156,39.43088912963867
2008-04-07,45.7599983215332,39.344905853271484
2008-04-08,45.40999984741211,39.043975830078125
2008-04-09,44.900001525878906,38.605472564697266
2008-04-10,45.540000915527344,39.15575408935547
2008-04-11,44.279998779296875,38.072383880615234
2008-04-14,44.08000183105469,37.90044021606445
2008-04-15,44.13999938964844,37.95201110839844
2008-04-16,45.369998931884766,39.00959014892578
2008-04-17,45.27000045776367,38.92361068725586
2008-04-18,46.709999084472656,40.161720275878906
2008-04-21,47.040000915527344,40.44547653198242
2008-04-22,46.34000015258789,39.843597412109375
2008-04-23,46.849998474121094,40.2821044921875
2008-04-24,47.27000045776367,40.643218994140625
2008-04-25,47.150001525878906,40.54005432128906
2008-04-28,47.2400016784668,40.617431640625
2008-04-29,47.599998474121094,40.926963806152344
2008-04-30,47.209999084472656,40.59164810180664
2008-05-01,48.70000076293945,41.87274169921875
2008-05-02,48.77000045776367,41.93293762207031
2008-05-05,48.630001068115234,41.812564849853516
2008-05-06,48.93000030517578,42.070499420166016
2008-05-07,48.040000915527344,41.30528259277344
2008-05-08,48.400001525878906,41.614803314208984
2008-05-09,48.209999084472656,41.45142364501953
2008-05-12,49.09000015258789,42.20808029174805
2008-05-13,49.220001220703125,42.319847106933594
2008-05-14,49.11000061035156,42.22526550292969
2008-05-15,49.970001220703125,42.96470260620117
2008-05-16,50.0099983215332,42.99911117553711
2008-05-19,49.650001525878906,42.68956756591797
2008-05-20,49.27000045776367,42.36283493041992
2008-05-21,48.18000030517578,41.4256477355957
2008-05-22,48.349998474121094,41.571815490722656
2008-05-23,48.20000076293945,41.4428596496582
2008-05-27,49.04999923706055,42.17367935180664
2008-05-28,49.25,42.34563446044922
2008-05-29,49.689998626708984,42.72396469116211
2008-05-30,50.0099983215332,42.99911117553711
2008-06-02,49.400001525878906,42.474632263183594
2008-06-03,49.130001068115234,42.24246597290039
2008-06-04,49.7599983215332,42.78414535522461
2008-06-05,50.54999923706055,43.46339416503906
2008-06-06,49.029998779296875,42.15647506713867
2008-06-09,48.77000045776367,41.93293762207031
2008-06-10,48.540000915527344,41.735172271728516
2008-06-11,47.369998931884766,40.72920608520508
2008-06-12,47.41999816894531,40.77218246459961
2008-06-13,48.369998931884766,41.58900451660156
2008-06-16,48.79999923706055,41.95873260498047
2008-06-17,48.540000915527344,41.735172271728516
2008-06-18,48.02000045776367,41.288063049316406
2008-06-19,48.77000045776367,41.93293762207031
2008-06-20,47.41999816894531,40.800636291503906
2008-06-23,47.04999923706055,40.48229217529297
2008-06-24,46.810001373291016,40.27579116821289
2008-06-25,47.56999969482422,40.92970657348633
2008-06-26,45.650001525878906,39.27772521972656
2008-06-27,45.650001525878906,39.27772521972656
2008-06-30,45.16999816894531,38.86471939086914
2008-07-01,45.810001373291016,39.41537857055664
2008-07-02,44.709999084472656,38.468936920166016
2008-07-03,44.630001068115234,38.40007400512695
2008-07-07,44.900001525878906,38.63240051269531
2008-07-08,45.970001220703125,39.553043365478516
2008-07-09,44.75,38.50334548950195
2008-07-10,45.279998779296875,38.9593620300293
2008-07-11,44.560001373291016,38.339866638183594
2008-07-14,44.22999954223633,38.055938720703125
2008-07-15,44.2400016784668,38.064537048339844
2008-07-16,45.34000015258789,39.01099395751953
2008-07-17,45.63999938964844,39.26910400390625
2008-07-18,44.59000015258789,38.36568832397461
2008-07-21,44.779998779296875,38.529144287109375
2008-07-22,44.779998779296875,38.529144287109375
2008-07-23,45.369998931884766,39.03678894042969
2008-07-24,44.689998626708984,38.45172119140625
2008-07-25,45.27000045776367,38.950767517089844
2008-07-28,44.41999816894531,38.219398498535156
2008-07-29,45.34000015258789,39.01099395751953
2008-07-30,45.56999969482422,39.20888900756836
2008-07-31,45.459999084472656,39.114227294921875
2008-08-01,44.880001068115234,38.615203857421875
2008-08-04,44.43000030517578,38.2280158996582
2008-08-05,45.93000030517578,39.51863098144531
2008-08-06,46.630001068115234,40.12092208862305
2008-08-07,46.27000045776367,39.81116485595703
2008-08-08,47.31999969482422,40.71458435058594
2008-08-11,47.75,41.0845832824707
2008-08-12,47.79999923706055,41.127593994140625
2008-08-13,47.70000076293945,41.041561126708984
2008-08-14,48.25,41.5147705078125
2008-08-15,48.15999984741211,41.437347412109375
2008-08-18,47.599998474121094,40.95552062988281
2008-08-19,47.0099983215332,40.44785690307617
2008-08-20,47.09000015258789,40.51670837402344
2008-08-21,46.869998931884766,40.327415466308594
2008-08-22,47.4900016784668,40.86089324951172
2008-08-25,46.4900016784668,40.00044250488281
2008-08-26,46.43000030517578,39.94883346557617
2008-08-27,46.72999954223633,40.20695495605469
2008-08-28,47.11000061035156,40.53391647338867
2008-08-29,46.119998931884766,39.68208312988281
2008-09-02,45.54999923706055,39.19166564941406
2008-09-03,45.119998931884766,38.82168960571289
2008-09-04,43.65999984741211,37.56550216674805
2008-09-05,43.45000076293945,37.38481521606445
2008-09-08,43.369998931884766,37.31599044799805
2008-09-09,42.45000076293945,36.5244026184082
2008-09-10,42.79999923706055,36.82552719116211
2008-09-11,43.599998474121094,37.51387405395508
2008-09-12,43.43000030517578,37.367610931396484
2008-09-15,42.08000183105469,36.20604705810547
2008-09-16,42.40999984741211,36.48997116088867
2008-09-17,40.209999084472656,34.59709930419922
2008-09-18,41.56999969482422,35.76724624633789
2008-09-19,42.900001525878906,36.93647766113281
2008-09-22,40.880001068115234,35.1972541809082
2008-09-23,40.56999969482422,34.93035888671875
2008-09-24,40.849998474121094,35.171417236328125
2008-09-25,41.5,35.731082916259766
2008-09-26,41.08000183105469,35.36946487426758
2008-09-29,37.81999969482422,32.562652587890625
2008-09-30,38.90999984741211,33.50110626220703
2008-10-01,38.5,33.148109436035156
2008-10-02,36.75,31.64137840270996
2008-10-03,36.18000030517578,31.150611877441406
2008-10-06,34.86000061035156,30.01410675048828
2008-10-07,32.650001525878906,28.1113224029541
2008-10-08,32.38999938964844,27.887460708618164
2008-10-09,31.520000457763672,27.138399124145508
2008-10-10,31.31999969482422,26.966201782226562
2008-10-13,35.130001068115234,30.246585845947266
2008-10-14,33.61000061035156,28.9378604888916
2008-10-15,30.600000381469727,26.346294403076172
2008-10-16,32.2599983215332,27.775535583496094
2008-10-17,32.29999923706055,27.809968948364258
2008-10-20,33.20000076293945,28.584867477416992
2008-10-21,31.479999542236328,27.103960037231445
2008-10-22,30.610000610351562,26.354896545410156
2008-10-23,30.489999771118164,26.251583099365234
2008-10-24,29.510000228881836,25.407817840576172
2008-10-27,28.690000534057617,24.701797485351562
2008-10-28,31.860000610351562,27.431137084960938
2008-10-29,31.780000686645508,27.362260818481445
2008-10-30,32.84000015258789,28.274906158447266
2008-10-31,32.88999938964844,28.317962646484375
2008-11-03,32.81999969482422,28.25767707824707
2008-11-04,33.75,29.05840301513672
2008-11-05,31.989999771118164,27.543067932128906
2008-11-06,30.559999465942383,26.31184959411621
2008-11-07,31.190000534057617,26.85426902770996
2008-11-10,30.770000457763672,26.492656707763672
2008-11-11,30.100000381469727,25.915794372558594
2008-11-12,28.709999084472656,24.71900749206543
2008-11-13,30.459999084472656,26.225753784179688
2008-11-14,28.979999542236328,24.951478958129883
2008-11-17,28.3700008392334,24.426273345947266
2008-11-18,28.34000015258789,24.400453567504883
2008-11-19,26.860000610351562,23.126182556152344
2008-11-20,25.559999465942383,22.006898880004883
2008-11-21,26.670000076293945,22.962600708007812
2008-11-24,28.299999237060547,24.366016387939453
2008-11-25,28.170000076293945,24.254085540771484
2008-11-26,29.350000381469727,25.270050048828125
2008-11-28,29.1200008392334,25.07202911376953
2008-12-01,26.93000030517578,23.18645668029785
2008-12-02,27.829999923706055,23.961347579956055
2008-12-03,28.6200008392334,24.641529083251953
2008-12-04,27.809999465942383,23.944124221801758
2008-12-05,28.940000534057617,24.91703987121582
2008-12-08,30.079999923706055,25.898574829101562
2008-12-09,30.010000228881836,25.838298797607422
2008-12-10,29.90999984741211,25.75220489501953
2008-12-11,29.09000015258789,25.04619789123535
2008-12-12,29.68000030517578,25.554183959960938
2008-12-15,29.15999984741211,25.106462478637695
2008-12-16,30.559999465942383,26.31184959411621
2008-12-17,30.190000534057617,25.9932804107666
2008-12-18,29.65999984741211,25.536954879760742
2008-12-19,29.860000610351562,25.74648666381836
2008-12-22,29.209999084472656,25.18602752685547
2008-12-23,29.059999465942383,25.056690216064453
2008-12-24,29.139999389648438,25.125667572021484
2008-12-26,29.1299991607666,25.117042541503906
2008-12-29,28.889999389648438,24.91010856628418
2008-12-30,29.489999771118164,25.427457809448242
2008-12-31,29.739999771118164,25.643014907836914
2009-01-02,31.030000686645508,26.75530433654785
2009-01-05,31.020000457763672,26.746681213378906
2009-01-06,31.329999923706055,27.013986587524414
2009-01-07,30.440000534057617,26.246591567993164
2009-01-08,30.760000228881836,26.522504806518555
2009-01-09,30.06999969482422,25.927553176879883
2009-01-12,29.520000457763672,25.453317642211914
2009-01-13,29.530000686645508,25.461944580078125
2009-01-14,28.6299991607666,24.685924530029297
2009-01-15,29.100000381469727,25.091184616088867
2009-01-16,29.420000076293945,25.367101669311523
2009-01-20,27.959999084472656,24.108234405517578
2009-01-21,29.149999618530273,25.13429832458496
2009-01-22,28.760000228881836,24.798019409179688
2009-01-23,28.899999618530273,24.918731689453125
2009-01-26,29.110000610351562,25.09979820251465
2009-01-27,29.31999969482422,25.28087615966797
2009-01-28,30.350000381469727,26.16897201538086
2009-01-29,29.579999923706055,25.50505256652832
2009-01-30,29.059999465942383,25.056690216064453
2009-02-02,29.40999984741211,25.358470916748047
2009-02-03,29.8700008392334,25.755111694335938
2009-02-04,29.90999984741211,25.789592742919922
2009-02-05,30.56999969482422,26.358680725097656
2009-02-06,31.3700008392334,27.048463821411133
2009-02-09,31.5,27.160552978515625
2009-02-10,30.34000015258789,26.160362243652344
2009-02-11,30.200000762939453,26.039649963378906
2009-02-12,30.56999969482422,26.358680725097656
2009-02-13,30.43000030517578,26.237951278686523
2009-02-17,29.219999313354492,25.194644927978516
2009-02-18,29.239999771118164,25.211894989013672
2009-02-19,28.790000915527344,24.823883056640625
2009-02-20,28.8700008392334,24.892866134643555
2009-02-23,27.860000610351562,24.022005081176758
2009-02-24,28.780000686645508,24.81525993347168
2009-02-25,28.59000015258789,24.65143585205078
2009-02-26,27.790000915527344,23.96165657043457
2009-02-27,27.530000686645508,23.73746681213379
2009-03-02,26.639999389648438,22.970067977905273
2009-03-03,26.6200008392334,22.95283317565918
2009-03-04,27.329999923706055,23.565025329589844
2009-03-05,26.510000228881836,22.85797882080078
2009-03-06,26.299999237060547,22.67690658569336
2009-03-09,25.739999771118164,22.194061279296875
2009-03-10,27.329999923706055,23.565025329589844
2009-03-11,27.75,23.92715835571289
2009-03-12,28.670000076293945,24.720417022705078
2009-03-13,28.739999771118164,24.78077507019043
2009-03-16,28.260000228881836,24.366893768310547
2009-03-17,29.329999923706055,25.289499282836914
2009-03-18,29.700000762939453,25.6085262298584
2009-03-19,29.68000030517578,25.591279983520508
2009-03-20,29.18000030517578,25.201770782470703
2009-03-23,30.899999618530273,26.68726921081543
2009-03-24,30.329999923706055,26.194988250732422
2009-03-25,30.469999313354492,26.315895080566406
2009-03-26,31.40999984741211,27.12773895263672
2009-03-27,30.81999969482422,26.61817169189453
2009-03-30,30.059999465942383,25.961793899536133
2009-03-31,30.31999969482422,26.186342239379883
2009-04-01,30.770000457763672,26.574993133544922
2009-04-02,31.760000228881836,27.43001937866211
2009-04-03,32.349998474121094,27.939579010009766
2009-04-06,32.27000045776367,27.870485305786133
2009-04-07,31.420000076293945,27.136371612548828
2009-04-08,31.950000762939453,27.594125747680664
2009-04-09,32.939998626708984,28.449155807495117
2009-04-13,32.88999938964844,28.405967712402344
2009-04-14,32.4900016784668,28.060503005981445
2009-04-15,32.400001525878906,27.982769012451172
2009-04-16,33.2400016784668,28.70823860168457
2009-04-17,33.310001373291016,28.768718719482422
2009-04-20,32.2400016784668,27.84458351135254
2009-04-21,32.689998626708984,28.233224868774414
2009-04-22,32.790000915527344,28.31960105895996
2009-04-23,33.11000061035156,28.595972061157227
2009-04-24,33.689998626708984,29.096908569335938
2009-04-27,33.72999954223633,29.13144874572754
2009-04-28,33.47999954223633,28.915525436401367
2009-04-29,33.939998626708984,29.31281280517578
2009-04-30,34.279998779296875,29.606462478637695
2009-05-01,34.369998931884766,29.684185028076172
2009-05-04,35.04999923706055,30.2714786529541
2009-05-05,35.02000045776367,30.245563507080078
2009-05-06,35.029998779296875,30.254215240478516
2009-05-07,34.209999084472656,29.54599952697754
2009-05-08,34.22999954223633,29.563276290893555
2009-05-11,34.349998474121094,29.66692543029785
2009-05-12,33.93000030517578,29.304187774658203
2009-05-13,33.02000045776367,28.518238067626953
2009-05-14,33.38999938964844,28.837800979614258
2009-05-15,33.369998931884766,28.820512771606445
2009-05-18,34.2400016784668,29.57191276550293
2009-05-19,34.400001525878906,29.710098266601562
2009-05-20,34.279998779296875,29.606462478637695
2009-05-21,33.650001525878906,29.062341690063477
2009-05-22,33.540000915527344,28.967355728149414
2009-05-26,34.790000915527344,30.046937942504883
2009-05-27,34.54999923706055,29.839656829833984
2009-05-28,34.95000076293945,30.18513298034668
2009-05-29,35.380001068115234,30.556495666503906
2009-06-01,36.38999938964844,31.428794860839844
2009-06-02,36.439998626708984,31.47198486328125
2009-06-03,36.33000183105469,31.376976013183594
2009-06-04,36.7400016784668,31.7310848236084
2009-06-05,36.779998779296875,31.765644073486328
2009-06-08,36.66999816894531,31.670616149902344
2009-06-09,36.95000076293945,31.91246795654297
2009-06-10,36.81999969482422,31.800167083740234
2009-06-11,36.81999969482422,31.800167083740234
2009-06-12,36.650001525878906,31.653356552124023
2009-06-15,35.900001525878906,31.005615234375
2009-06-16,35.54999923706055,30.703319549560547
2009-06-17,35.88999938964844,30.9969482421875
2009-06-18,35.81999969482422,30.936504364013672
2009-06-19,36.15999984741211,31.26856231689453
2009-06-22,35.08000183105469,30.33466148376465
2009-06-23,35.0,30.26548194885254
2009-06-24,35.59000015258789,30.775665283203125
2009-06-25,36.290000915527344,31.380990982055664
2009-06-26,36.369998931884766,31.450151443481445
2009-06-29,36.45000076293945,31.51934051513672
2009-06-30,36.380001068115234,31.458803176879883
2009-07-01,36.400001525878906,31.476099014282227
2009-07-02,35.599998474121094,30.784318923950195
2009-07-06,35.40999984741211,30.620023727416992
2009-07-07,34.529998779296875,29.859067916870117
2009-07-08,34.709999084472656,30.01471710205078
2009-07-09,34.77000045776367,30.066591262817383
2009-07-10,34.91999816894531,30.1962947845459
2009-07-13,35.59000015258789,30.775665283203125
2009-07-14,35.720001220703125,30.888084411621094
2009-07-15,36.91999816894531,31.925765991210938
2009-07-16,37.36000061035156,32.306236267089844
2009-07-17,37.560001373291016,32.479190826416016
2009-07-20,37.91999816894531,32.79049301147461
2009-07-21,38.18000030517578,33.015296936035156
2009-07-22,38.5,33.29204177856445
2009-07-23,39.349998474121094,34.02702331542969
2009-07-24,39.04999923706055,33.76763153076172
2009-07-27,39.349998474121094,34.02702331542969
2009-07-28,39.08000183105469,33.7935676574707
2009-07-29,39.34000015258789,34.01838684082031
2009-07-30,39.56999969482422,34.21729278564453
2009-07-31,39.45000076293945,34.11349868774414
2009-08-03,40.040000915527344,34.62370681762695
2009-08-04,40.040000915527344,34.62370681762695
2009-08-05,39.72999954223633,34.35564422607422
2009-08-06,39.380001068115234,34.05298614501953
2009-08-07,39.880001068115234,34.48536682128906
2009-08-10,39.599998474121094,34.24320983886719
2009-08-11,39.2599983215332,33.94921112060547
2009-08-12,39.869998931884766,34.476707458496094
2009-08-13,40.09000015258789,34.66695785522461
2009-08-14,39.630001068115234,34.26918029785156
2009-08-17,38.47999954223633,33.27473449707031
2009-08-18,39.029998779296875,33.750328063964844
2009-08-19,39.29999923706055,33.98380661010742
2009-08-20,39.7599983215332,34.38157653808594
2009-08-21,40.290000915527344,34.83989334106445
2009-08-24,40.25,34.805301666259766
2009-08-25,40.369998931884766,34.909080505371094
2009-08-26,40.29999923706055,34.848541259765625
2009-08-27,40.400001525878906,34.93498992919922
2009-08-28,40.439998626708984,34.96959686279297
2009-08-31,40.029998779296875,34.61506271362305
2009-09-01,39.279998779296875,33.966514587402344
2009-09-02,39.25,33.9405517578125
2009-09-03,39.5099983215332,34.1654052734375
2009-09-04,40.36000061035156,34.900421142578125
2009-09-08,40.7400016784668,35.229026794433594
2009-09-09,41.09000015258789,35.53167724609375
2009-09-10,41.47999954223633,35.86892318725586
2009-09-11,41.52000045776367,35.90351486206055
2009-09-14,41.68000030517578,36.041866302490234
2009-09-15,41.810001373291016,36.15427780151367
2009-09-16,42.41999816894531,36.68175506591797
2009-09-17,42.40999984741211,36.67312240600586
2009-09-18,42.439998626708984,36.73457336425781
2009-09-21,42.56999969482422,36.84709167480469
2009-09-22,42.650001525878906,36.916324615478516
2009-09-23,42.45000076293945,36.74322509765625
2009-09-24,42.06999969482422,36.414302825927734
2009-09-25,41.70000076293945,36.09404754638672
2009-09-28,42.40999984741211,36.7086067199707
2009-09-29,42.220001220703125,36.54413604736328
2009-09-30,42.25,36.570125579833984
2009-10-01,41.0,35.48815155029297
2009-10-02,40.880001068115234,35.384281158447266
2009-10-05,41.209999084472656,35.669921875
2009-10-06,41.939998626708984,36.30177688598633
2009-10-07,42.060001373291016,36.405643463134766
2009-10-08,42.2400016784668,36.561466217041016
2009-10-09,42.47999954223633,36.76919174194336
2009-10-12,42.56999969482422,36.84709167480469
2009-10-13,42.58000183105469,36.85572814941406
2009-10-14,43.15999984741211,37.35776901245117
2009-10-15,43.060001373291016,37.27121353149414
2009-10-16,42.779998779296875,37.02885437011719
2009-10-19,43.209999084472656,37.401058197021484
2009-10-20,43.220001220703125,37.409698486328125
2009-10-21,43.13999938964844,37.34046173095703
2009-10-22,43.310001373291016,37.487613677978516
2009-10-23,43.130001068115234,37.33180236816406
2009-10-26,42.9900016784668,37.210628509521484
2009-10-27,42.34000015258789,36.64802169799805
2009-10-28,41.38999938964844,35.825714111328125
2009-10-29,42.09000015258789,36.43161392211914
2009-10-30,40.959999084472656,35.45352554321289
2009-11-02,41.130001068115234,35.60067367553711
2009-11-03,41.2599983215332,35.713191986083984
2009-11-04,41.33000183105469,35.7737922668457
2009-11-05,42.349998474121094,36.65666580200195
2009-11-06,42.599998474121094,36.8730583190918
2009-11-09,43.5099983215332,37.660709381103516
2009-11-10,43.619998931884766,37.755916595458984
2009-11-11,43.900001525878906,37.9983024597168
2009-11-12,43.650001525878906,37.78189468383789
2009-11-13,44.0099983215332,38.093509674072266
2009-11-16,44.459999084472656,38.48300552368164
2009-11-17,44.599998474121094,38.60419464111328
2009-11-18,44.349998474121094,38.38779830932617
2009-11-19,43.65999984741211,37.79054260253906
2009-11-20,43.439998626708984,37.60011672973633
2009-11-23,44.13999938964844,38.20603561401367
2009-11-24,43.9900016784668,38.07619094848633
2009-11-25,44.18000030517578,38.240665435791016
2009-11-27,43.5099983215332,37.660709381103516
2009-11-30,43.560001373291016,37.70400619506836
2009-12-01,44.0099983215332,38.093509674072266
2009-12-02,44.06999969482422,38.14543151855469
2009-12-03,43.88999938964844,37.98963928222656
2009-12-04,44.119998931884766,38.188724517822266
2009-12-07,43.90999984741211,38.006954193115234
2009-12-08,43.63999938964844,37.77324295043945
2009-12-09,44.08000183105469,38.154109954833984
2009-12-10,44.29999923706055,38.344520568847656
2009-12-11,44.130001068115234,38.197349548339844
2009-12-14,44.54999923706055,38.56090545654297
2009-12-15,44.29999923706055,38.344520568847656
2009-12-16,44.36000061035156,38.39645004272461
2009-12-17,43.81999969482422,37.92905044555664
2009-12-18,44.459999084472656,38.54722595214844
2009-12-21,44.959999084472656,38.9807243347168
2009-12-22,45.22999954223633,39.214820861816406
2009-12-23,45.560001373291016,39.50093460083008
2009-12-24,45.97999954223633,39.86506271362305
2009-12-28,46.220001220703125,40.07316207885742
2009-12-29,46.029998779296875,39.90842819213867
2009-12-30,46.16999816894531,40.029815673828125
2009-12-31,45.75,39.66566467285156
2010-01-04,46.41999816894531,40.24656677246094
2010-01-05,46.41999816894531,40.24656677246094
2010-01-06,46.13999938964844,40.0037841796875
2010-01-07,46.16999816894531,40.029815673828125
2010-01-08,46.54999923706055,40.35927963256836
2010-01-11,46.36000061035156,40.19453048706055
2010-01-12,45.779998779296875,39.69166564941406
2010-01-13,46.349998474121094,40.185874938964844
2010-01-14,46.38999938964844,40.220550537109375
2010-01-15,45.849998474121094,39.75238800048828
2010-01-19,46.59000015258789,40.39397430419922
2010-01-20,45.91999816894531,39.81306838989258
2010-01-21,45.4900016784668,39.44023895263672
2010-01-22,44.15999984741211,38.28712844848633
2010-01-25,44.310001373291016,38.41716766357422
2010-01-26,44.349998474121094,38.45185089111328
2010-01-27,44.70000076293945,38.755313873291016
2010-01-28,43.54999923706055,37.75825500488281
2010-01-29,42.790000915527344,37.09931564331055
2010-02-01,43.2599983215332,37.50680923461914
2010-02-02,43.650001525878906,37.84495544433594
2010-02-03,43.88999938964844,38.053035736083984
2010-02-04,42.619998931884766,36.95191955566406
2010-02-05,42.97999954223633,37.2640495300293
2010-02-08,42.66999816894531,36.995269775390625
2010-02-09,43.11000061035156,37.37675094604492
2010-02-10,43.02000045776367,37.29874038696289
2010-02-11,43.66999816894531,37.862266540527344
2010-02-12,43.7599983215332,37.940311431884766
2010-02-16,44.31999969482422,38.425846099853516
2010-02-17,44.56999969482422,38.64259338378906
2010-02-18,44.849998474121094,38.88535690307617
2010-02-19,44.83000183105469,38.86801528930664
2010-02-22,44.7400016784668,38.789981842041016
2010-02-23,44.15999984741211,38.28712844848633
2010-02-24,44.61000061035156,38.67727279663086
2010-02-25,44.599998474121094,38.66862106323242
2010-02-26,44.7599983215332,38.80731964111328
2010-03-01,45.40999984741211,39.37087631225586
2010-03-02,45.54999923706055,39.49227523803711
2010-03-03,45.599998474121094,39.53561782836914
2010-03-04,45.75,39.66566467285156
2010-03-05,46.439998626708984,40.26390075683594
2010-03-08,46.529998779296875,40.341941833496094
2010-03-09,46.790000915527344,40.56734848022461
2010-03-10,47.16999816894531,40.89680862426758
2010-03-11,47.349998474121094,41.05287551879883
2010-03-12,47.36000061035156,41.061546325683594
2010-03-15,47.2400016784668,40.95750427246094
2010-03-16,47.540000915527344,41.21759796142578
2010-03-17,47.66999816894531,41.330322265625
2010-03-18,47.83000183105469,41.46904373168945
2010-03-19,47.4900016784668,41.21821212768555
2010-03-22,47.91999816894531,41.59141540527344
2010-03-23,48.25,41.87782669067383
2010-03-24,48.02000045776367,41.67822265625
2010-03-25,47.95000076293945,41.617454528808594
2010-03-26,48.0,41.66086196899414
2010-03-29,48.22999954223633,41.8604736328125
2010-03-30,48.38999938964844,41.99934387207031
2010-03-31,48.15999984741211,41.79972839355469
2010-04-01,48.15999984741211,41.79972839355469
2010-04-05,48.61000061035156,42.190303802490234
2010-04-06,48.75,42.31179428100586
2010-04-07,48.630001068115234,42.2076530456543
2010-04-08,48.7400016784668,42.30311584472656
2010-04-09,49.029998779296875,42.55482482910156
2010-04-12,49.06999969482422,42.589534759521484
2010-04-13,49.31999969482422,42.806522369384766
2010-04-14,49.90999984741211,43.31861114501953
2010-04-15,50.130001068115234,43.509559631347656
2010-04-16,49.529998779296875,42.988800048828125
2010-04-19,49.5,42.96276092529297
2010-04-20,49.75,43.17973327636719
2010-04-21,50.029998779296875,43.42275619506836
2010-04-22,50.310001373291016,43.66579818725586
2010-04-23,50.52000045776367,43.84805679321289
2010-04-26,50.40999984741211,43.7525749206543
2010-04-27,49.34000015258789,42.82388687133789
2010-04-28,49.369998931884766,42.84992980957031
2010-04-29,50.22999954223633,43.59634780883789
2010-04-30,49.2400016784668,42.73709487915039
2010-05-03,49.93000030517578,43.33597946166992
2010-05-04,48.43000030517578,42.0340690612793
2010-05-05,48.18000030517578,41.817073822021484
2010-05-06,46.56999969482422,40.419700622558594
2010-05-07,45.40999984741211,39.41291046142578
2010-05-10,47.77000045776367,41.46124267578125
2010-05-11,47.720001220703125,41.4178352355957
2010-05-12,48.619998931884766,42.19898986816406
2010-05-13,47.849998474121094,41.53066635131836
2010-05-14,46.93000030517578,40.732173919677734
2010-05-17,47.08000183105469,40.86235046386719
2010-05-18,46.43000030517578,40.29819869995117
2010-05-19,46.060001373291016,39.97705841064453
2010-05-20,44.349998474121094,38.49290084838867
2010-05-21,44.84000015258789,38.91818618774414
2010-05-24,44.65999984741211,38.761962890625
2010-05-25,44.70000076293945,38.79668045043945
2010-05-26,44.20000076293945,38.36271286010742
2010-05-27,45.869998931884766,39.81215286254883
2010-05-28,45.599998474121094,39.577816009521484
2010-06-01,45.18000030517578,39.21328353881836
2010-06-02,46.25,40.14197540283203
2010-06-03,46.689998626708984,40.52387237548828
2010-06-04,45.09000015258789,39.135154724121094
2010-06-07,44.27000045776367,38.4234504699707
2010-06-08,44.189998626708984,38.35402297973633
2010-06-09,43.81999969482422,38.03289794921875
2010-06-10,45.06999969482422,39.11780548095703
2010-06-11,45.5,39.49101257324219
2010-06-14,45.4900016784668,39.482357025146484
2010-06-15,46.709999084472656,40.54120635986328
2010-06-16,46.900001525878906,40.70612716674805
2010-06-17,47.04999923706055,40.83632278442383
2010-06-18,47.0,40.8702392578125
2010-06-21,46.599998474121094,40.522403717041016
2010-06-22,46.2400016784668,40.209354400634766
2010-06-23,46.04999923706055,40.04413986206055
2010-06-24,45.349998474121094,39.4354248046875
2010-06-25,45.27000045776367,39.443267822265625
2010-06-28,45.11000061035156,39.30385971069336
2010-06-29,43.369998931884766,37.78780746459961
2010-06-30,42.709999084472656,37.212764739990234
2010-07-01,42.59000015258789,37.10822296142578
2010-07-02,42.470001220703125,37.003662109375
2010-07-06,42.599998474121094,37.11693572998047
2010-07-07,43.959999084472656,38.3018798828125
2010-07-08,44.20000076293945,38.51100158691406
2010-07-09,44.619998931884766,38.87693405151367
2010-07-12,44.75,38.990196228027344
2010-07-13,45.33000183105469,39.495548248291016
2010-07-14,45.560001373291016,39.6959342956543
2010-07-15,45.599998474121094,39.73080062866211
2010-07-16,44.34000015258789,38.63297653198242
2010-07-19,44.720001220703125,38.964054107666016
2010-07-20,45.2599983215332,39.4345588684082
2010-07-21,44.63999938964844,38.89435958862305
2010-07-22,45.77000045776367,39.87891387939453
2010-07-23,46.060001373291016,40.1316032409668
2010-07-26,46.439998626708984,40.462684631347656
2010-07-27,46.41999816894531,40.44527053833008
2010-07-28,46.04999923706055,40.122859954833984
2010-07-29,45.709999084472656,39.82663345336914
2010-07-30,45.810001373291016,39.913780212402344
2010-08-02,46.66999816894531,40.66307067871094
2010-08-03,46.470001220703125,40.48881530761719
2010-08-04,46.939998626708984,40.89830780029297
2010-08-05,46.83000183105469,40.802486419677734
2010-08-06,46.7599983215332,40.741485595703125
2010-08-09,47.08000183105469,41.02029037475586
2010-08-10,46.66999816894531,40.66307067871094
2010-08-11,45.400001525878906,39.556522369384766
2010-08-12,45.040000915527344,39.24288558959961
2010-08-13,44.720001220703125,38.964054107666016
2010-08-16,44.79999923706055,39.033756256103516
2010-08-17,45.369998931884766,39.5303955078125
2010-08-18,45.54999923706055,39.68722915649414
2010-08-19,44.86000061035156,39.08604049682617
2010-08-20,44.91999816894531,39.13833236694336
2010-08-23,44.47999954223633,38.75495910644531
2010-08-24,43.650001525878906,38.03177261352539
2010-08-25,44.06999969482422,38.397727966308594
2010-08-26,43.540000915527344,37.935935974121094
2010-08-27,44.06999969482422,38.397727966308594
2010-08-30,43.61000061035156,37.99691390991211
2010-08-31,43.459999084472656,37.86623001098633
2010-09-01,44.7599983215332,38.9989128112793
2010-09-02,45.2599983215332,39.4345588684082
2010-09-03,46.0099983215332,40.088035583496094
2010-09-07,45.70000076293945,39.81791687011719
2010-09-08,46.25,40.29713439941406
2010-09-09,46.43000030517578,40.45396423339844
2010-09-10,46.599998474121094,40.60208511352539
2010-09-13,47.25,41.168434143066406
2010-09-14,47.45000076293945,41.34267807006836
2010-09-15,47.75,41.60407257080078
2010-09-16,47.939998626708984,41.769615173339844
2010-09-17,47.9900016784668,41.91109085083008
2010-09-20,48.83000183105469,42.64468765258789
2010-09-21,48.81999969482422,42.635963439941406
2010-09-22,48.689998626708984,42.52241897583008
2010-09-23,48.66999816894531,42.504947662353516
2010-09-24,49.65999984741211,43.36954879760742
2010-09-27,49.38999938964844,43.13373565673828
2010-09-28,49.369998931884766,43.11628341674805
2010-09-29,49.290000915527344,43.046424865722656
2010-09-30,49.06999969482422,42.85429000854492
2010-10-01,49.0099983215332,42.80187225341797
2010-10-04,48.47999954223633,42.339027404785156
2010-10-05,49.65999984741211,43.36954879760742
2010-10-06,49.22999954223633,42.99401092529297
2010-10-07,49.40999984741211,43.151222229003906
2010-10-08,49.75,43.44813919067383
2010-10-11,49.77000045776367,43.46561050415039
2010-10-12,50.11000061035156,43.76255416870117
2010-10-13,50.52000045776367,44.1206169128418
2010-10-14,50.41999816894531,44.03327178955078
2010-10-15,51.4900016784668,44.96775817871094
2010-10-18,51.29999923706055,44.801822662353516
2010-10-19,50.81999969482422,44.38261032104492
2010-10-20,51.189998626708984,44.70573806762695
2010-10-21,51.290000915527344,44.793087005615234
2010-10-22,51.63999938964844,45.09873962402344
2010-10-25,51.88999938964844,45.31705856323242
2010-10-26,52.029998779296875,45.439353942871094
2010-10-27,52.189998626708984,45.57907485961914
2010-10-28,52.29999923706055,45.675148010253906
2010-10-29,52.18000030517578,45.570350646972656
2010-11-01,52.220001220703125,45.60527420043945
2010-11-02,52.779998779296875,46.09435272216797
2010-11-03,53.02000045776367,46.303932189941406
2010-11-04,53.66999816894531,46.87160873413086
2010-11-05,53.66999816894531,46.87160873413086
2010-11-08,53.7400016784668,46.93274688720703
2010-11-09,53.45000076293945,46.67946243286133
2010-11-10,53.720001220703125,46.915279388427734
2010-11-11,53.380001068115234,46.61833953857422
2010-11-12,52.5099983215332,45.858543395996094
2010-11-15,52.310001373291016,45.68388748168945
2010-11-16,51.45000076293945,44.93282699584961
2010-11-17,51.599998474121094,45.063804626464844
2010-11-18,52.43000030517578,45.78868865966797
2010-11-19,52.470001220703125,45.823604583740234
2010-11-22,52.90999984741211,46.207881927490234
2010-11-23,52.06999969482422,45.47427749633789
2010-11-24,53.119998931884766,46.391273498535156
2010-11-26,52.77000045776367,46.08561706542969
2010-11-29,52.72999954223633,46.050662994384766
2010-11-30,52.09000015258789,45.491756439208984
2010-12-01,53.189998626708984,46.45241165161133
2010-12-02,53.72999954223633,46.924007415771484
2010-12-03,53.869998931884766,47.046268463134766
2010-12-06,53.849998474121094,47.02880859375
2010-12-07,53.880001068115234,47.054988861083984
2010-12-08,54.08000183105469,47.229671478271484
2010-12-09,54.130001068115234,47.273338317871094
2010-12-10,54.4900016784668,47.58773422241211
2010-12-13,54.29999923706055,47.42180252075195
2010-12-14,54.400001525878906,47.509132385253906
2010-12-15,54.15999984741211,47.29954528808594
2010-12-16,54.58000183105469,47.666343688964844
2010-12-17,54.52000045776367,47.70832443237305
2010-12-20,54.560001373291016,47.743343353271484
2010-12-21,54.88999938964844,48.032108306884766
2010-12-22,54.880001068115234,48.02336120605469
2010-12-23,54.7400016784668,47.9008674621582
2010-12-27,54.77000045776367,47.92710876464844
2010-12-28,54.66999816894531,47.839603424072266
2010-12-29,54.790000915527344,47.944602966308594
2010-12-30,54.65999984741211,47.83085250854492
2010-12-31,54.459999084472656,47.65583038330078
2011-01-03,55.310001373291016,48.399635314941406
2011-01-04,55.27000045776367,48.36463928222656
2011-01-05,55.7400016784668,48.775909423828125
2011-01-06,55.91999816894531,48.933406829833984
2011-01-07,55.869998931884766,48.88966751098633
2011-01-10,56.08000183105469,49.07343673706055
2011-01-11,56.15999984741211,49.143428802490234
2011-01-12,56.560001373291016,49.49345397949219
2011-01-13,56.58000183105469,49.51095962524414
2011-01-14,57.0,49.87848663330078
2011-01-18,57.15999984741211,50.018497467041016
2011-01-19,56.5099983215332,49.449703216552734
2011-01-20,56.11000061035156,49.09967041015625
2011-01-21,55.68000030517578,48.72341537475586
2011-01-24,56.45000076293945,49.3972053527832
2011-01-25,56.529998779296875,49.467201232910156
2011-01-26,56.83000183105469,49.729732513427734
2011-01-27,57.18000030517578,50.03599548339844
2011-01-28,55.72999954223633,48.76716613769531
2011-01-31,56.0,49.0034294128418
2011-02-01,57.04999923706055,49.92224884033203
2011-02-02,56.959999084472656,49.843475341796875
2011-02-03,57.060001373291016,49.93098068237305
2011-02-04,57.380001068115234,50.21100616455078
2011-02-07,57.650001525878906,50.447269439697266
2011-02-08,58.029998779296875,50.779808044433594
2011-02-09,57.93000030517578,50.69229507446289
2011-02-10,58.02000045776367,50.77104949951172
2011-02-11,58.439998626708984,51.13857650756836
2011-02-14,58.58000183105469,51.26108932495117
2011-02-15,58.5,51.19108200073242
2011-02-16,58.880001068115234,51.523616790771484
2011-02-17,58.86000061035156,51.50611114501953
2011-02-18,58.72999954223633,51.3923454284668
2011-02-22,57.029998779296875,49.90472412109375
2011-02-23,56.560001373291016,49.49345397949219
2011-02-24,56.86000061035156,49.75598907470703
2011-02-25,57.650001525878906,50.447269439697266
2011-02-28,57.77000045776367,50.55228042602539
2011-03-01,56.84000015258789,49.738468170166016
2011-03-02,57.13999938964844,50.000999450683594
2011-03-03,58.27000045776367,50.989810943603516
2011-03-04,57.970001220703125,50.72730255126953
2011-03-07,57.189998626708984,50.04475402832031
2011-03-08,57.41999816894531,50.246009826660156
2011-03-09,57.029998779296875,49.90472412109375
2011-03-10,56.13999938964844,49.12594223022461
2011-03-11,56.4900016784668,49.43220901489258
2011-03-14,56.290000915527344,49.2571907043457
2011-03-15,55.4900016784668,48.557151794433594
2011-03-16,54.150001525878906,47.384559631347656
2011-03-17,54.650001525878906,47.82209777832031
2011-03-18,54.45000076293945,47.714324951171875
2011-03-21,55.5,48.634429931640625
2011-03-22,55.400001525878906,48.54679870605469
2011-03-23,55.709999084472656,48.81842803955078
2011-03-24,56.70000076293945,49.685977935791016
2011-03-25,56.84000015258789,49.808658599853516
2011-03-28,56.529998779296875,49.53699493408203
2011-03-29,57.08000183105469,50.01896667480469
2011-03-30,57.349998474121094,50.25556182861328
2011-03-31,57.43000030517578,50.32569122314453
2011-04-01,57.459999084472656,50.351959228515625
2011-04-04,57.27000045776367,50.18547439575195
2011-04-05,57.119998931884766,50.05403137207031
2011-04-06,57.2599983215332,50.17671585083008
2011-04-07,57.220001220703125,50.141658782958984
2011-04-08,56.95000076293945,49.90504455566406
2011-04-11,56.7599983215332,49.738563537597656
2011-04-12,56.369998931884766,49.39679718017578
2011-04-13,56.849998474121094,49.81742477416992
2011-04-14,56.75,49.72978591918945
2011-04-15,56.650001525878906,49.64215850830078
2011-04-18,56.25,49.291648864746094
2011-04-19,56.599998474121094,49.59834671020508
2011-04-20,57.880001068115234,50.72000503540039
2011-04-21,58.34000015258789,51.12308883666992
2011-04-25,58.4900016784668,51.25456237792969
2011-04-26,58.81999969482422,51.54372787475586
2011-04-27,59.220001220703125,51.894248962402344
2011-04-28,59.130001068115234,51.81538009643555
2011-04-29,59.08000183105469,51.77156448364258
2011-05-02,58.970001220703125,51.67517852783203
2011-05-03,58.689998626708984,51.429805755615234
2011-05-04,58.599998474121094,51.35093307495117
2011-05-05,58.279998779296875,51.07052230834961
2011-05-06,58.470001220703125,51.237037658691406
2011-05-09,58.689998626708984,51.429805755615234
2011-05-10,59.189998626708984,51.86794662475586
2011-05-11,58.7599983215332,51.49113464355469
2011-05-12,59.11000061035156,51.7978630065918
2011-05-13,58.40999984741211,51.184452056884766
2011-05-16,57.400001525878906,50.29939651489258
2011-05-17,57.560001373291016,50.439598083496094
2011-05-18,58.040000915527344,50.860198974609375
2011-05-19,58.209999084472656,51.009185791015625
2011-05-20,57.77000045776367,50.623619079589844
2011-05-23,56.91999816894531,49.878753662109375
2011-05-24,56.56999969482422,49.572044372558594
2011-05-25,56.790000915527344,49.76484298706055
2011-05-26,57.13999938964844,50.07155227661133
2011-05-27,57.43000030517578,50.32569122314453
2011-05-31,58.36000061035156,51.140621185302734
2011-06-01,57.09000015258789,50.02773666381836
2011-06-02,57.209999084472656,50.13289260864258
2011-06-03,56.349998474121094,49.379276275634766
2011-06-06,55.88999938964844,48.976173400878906
2011-06-07,55.790000915527344,48.888553619384766
2011-06-08,55.38999938964844,48.53804016113281
2011-06-09,55.4900016784668,48.62567138671875
2011-06-10,54.63999938964844,47.88080978393555
2011-06-13,54.63999938964844,47.88080978393555
2011-06-14,55.34000015258789,48.49421691894531
2011-06-15,54.290000915527344,47.5740966796875
2011-06-16,54.08000183105469,47.39008331298828
2011-06-17,53.790000915527344,47.24166488647461
2011-06-20,54.06999969482422,47.487571716308594
2011-06-21,55.22999954223633,48.50636291503906
2011-06-22,54.83000183105469,48.15504837036133
2011-06-23,55.34000015258789,48.60295486450195
2011-06-24,54.380001068115234,47.759822845458984
2011-06-27,55.25,48.523921966552734
2011-06-28,56.06999969482422,49.24409866333008
2011-06-29,56.29999923706055,49.446083068847656
2011-06-30,57.04999923706055,50.10477828979492
2011-07-01,57.90999984741211,50.86007308959961
2011-07-05,58.20000076293945,51.11478042602539
2011-07-06,58.38999938964844,51.28164291381836
2011-07-07,59.189998626708984,51.98427200317383
2011-07-08,59.029998779296875,51.84375
2011-07-11,57.959999084472656,50.90399169921875
2011-07-12,57.52000045776367,50.51757049560547
2011-07-13,57.7599983215332,50.72834777832031
2011-07-14,57.09000015258789,50.139923095703125
2011-07-15,57.849998474121094,50.80738830566406
2011-07-18,57.540000915527344,50.53513717651367
2011-07-19,58.849998474121094,51.68564987182617
2011-07-20,58.599998474121094,51.46608352661133
2011-07-21,58.9900016784668,51.80860137939453
2011-07-22,59.599998474121094,52.344364166259766
2011-07-25,59.47999954223633,52.23895263671875
2011-07-26,59.630001068115234,52.370697021484375
2011-07-27,58.09000015258789,51.01818084716797
2011-07-28,58.189998626708984,51.10601806640625
2011-07-29,58.0,50.93914031982422
2011-08-01,57.72999954223633,50.70200729370117
2011-08-02,56.27000045776367,49.41972732543945
2011-08-03,56.810001373291016,49.89398956298828
2011-08-04,54.16999816894531,47.57538986206055
2011-08-05,53.83000183105469,47.276790618896484
2011-08-08,50.59000015258789,44.43123245239258
2011-08-09,53.029998779296875,46.57417678833008
2011-08-10,50.86000061035156,44.6683464050293
2011-08-11,53.099998474121094,46.63563919067383
2011-08-12,53.56999969482422,47.04843521118164
2011-08-15,54.36000061035156,47.74225616455078
2011-08-16,53.900001525878906,47.33828353881836
2011-08-17,53.58000183105469,47.057228088378906
2011-08-18,50.95000076293945,44.74739074707031
2011-08-19,50.029998779296875,43.939395904541016
2011-08-22,50.209999084472656,44.097476959228516
2011-08-23,52.279998779296875,45.91548156738281
2011-08-24,52.689998626708984,46.27556228637695
2011-08-25,51.83000183105469,45.52025604248047
2011-08-26,53.130001068115234,46.66200637817383
2011-08-29,54.61000061035156,47.961830139160156
2011-08-30,54.970001220703125,48.278011322021484
2011-08-31,55.060001373291016,48.35704803466797
2011-09-01,54.560001373291016,47.917930603027344
2011-09-02,53.279998779296875,46.79372787475586
2011-09-06,53.290000915527344,46.802528381347656
2011-09-07,54.63999938964844,47.988162994384766
2011-09-08,54.38999938964844,47.76861572265625
2011-09-09,53.18000030517578,46.705902099609375
2011-09-12,53.86000061035156,47.303138732910156
2011-09-13,54.58000183105469,47.93549346923828
2011-09-14,55.36000061035156,48.62053680419922
2011-09-15,56.18000030517578,49.34070587158203
2011-09-16,56.59000015258789,49.792964935302734
2011-09-19,56.61000061035156,49.810550689697266
2011-09-20,56.36000061035156,49.590599060058594
2011-09-21,55.380001068115234,48.728302001953125
2011-09-22,53.58000183105469,47.144508361816406
2011-09-23,54.150001525878906,47.64603042602539
2011-09-26,54.779998779296875,48.20036697387695
2011-09-27,55.349998474121094,48.701908111572266
2011-09-28,54.529998779296875,47.980403900146484
2011-09-29,53.880001068115234,47.40846633911133
2011-09-30,52.4900016784668,46.18541717529297
2011-10-03,51.13999938964844,44.99757766723633
2011-10-04,52.189998626708984,45.92146682739258
2011-10-05,53.529998779296875,47.10050964355469
2011-10-06,54.43000030517578,47.89241027832031
2011-10-07,54.06999969482422,47.575653076171875
2011-10-10,55.939998626708984,49.22102355957031
2011-10-11,56.31999969482422,49.55540084838867
2011-10-12,56.599998474121094,49.80177307128906
2011-10-13,57.119998931884766,50.25931167602539
2011-10-14,58.18000030517578,51.19198226928711
2011-10-17,57.279998779296875,50.40009307861328
2011-10-18,57.9900016784668,51.024810791015625
2011-10-19,56.869998931884766,50.039329528808594
2011-10-20,56.59000015258789,49.792964935302734
2011-10-21,57.29999923706055,50.41769027709961
2011-10-24,58.4900016784668,51.46477127075195
2011-10-25,57.34000015258789,50.452903747558594
2011-10-26,57.27000045776367,50.391300201416016
2011-10-27,58.849998474121094,51.781517028808594
2011-10-28,58.939998626708984,51.86070251464844
2011-10-31,57.95000076293945,50.98960876464844
2011-11-01,56.439998626708984,49.66099548339844
2011-11-02,56.91999816894531,50.08332061767578
2011-11-03,58.099998474121094,51.1215934753418
2011-11-04,57.79999923706055,50.85762405395508
2011-11-07,58.209999084472656,51.2183837890625
2011-11-08,58.880001068115234,51.80790328979492
2011-11-09,56.810001373291016,49.98652648925781
2011-11-10,56.779998779296875,49.96015548706055
2011-11-11,57.849998474121094,50.90161895751953
2011-11-14,57.4900016784668,50.58487319946289
2011-11-15,58.130001068115234,51.14799118041992
2011-11-16,57.16999816894531,50.30329132080078
2011-11-17,55.83000183105469,49.12425231933594
2011-11-18,55.400001525878906,48.74590301513672
2011-11-21,54.34000015258789,47.81321716308594
2011-11-22,54.52000045776367,47.97159194946289
2011-11-23,53.290000915527344,46.88933181762695
2011-11-25,52.880001068115234,46.52857208251953
2011-11-28,54.720001220703125,48.1475715637207
2011-11-29,54.380001068115234,47.84840774536133
2011-11-30,56.38999938964844,49.61698913574219
2011-12-01,56.779998779296875,49.96015548706055
2011-12-02,56.619998931884766,49.81935119628906
2011-12-05,57.2400016784668,50.364906311035156
2011-12-06,57.08000183105469,50.224124908447266
2011-12-07,57.08000183105469,50.224124908447266
2011-12-08,56.119998931884766,49.379417419433594
2011-12-09,57.02000045776367,50.171302795410156
2011-12-12,56.380001068115234,49.60818862915039
2011-12-13,55.7599983215332,49.06265640258789
2011-12-14,54.88999938964844,48.297149658203125
2011-12-15,54.7400016784668,48.16516876220703
2011-12-16,54.86000061035156,48.413143157958984
2011-12-19,54.31999969482422,47.93659210205078
2011-12-20,55.93000030517578,49.35740661621094
2011-12-21,55.130001068115234,48.651405334472656
2011-12-22,55.599998474121094,49.06618118286133
2011-12-23,56.08000183105469,49.48978805541992
2011-12-27,56.2400016784668,49.67438888549805
2011-12-28,55.59000015258789,49.10026550292969
2011-12-29,55.9900016784668,49.45356750488281
2011-12-30,55.83000183105469,49.3122444152832
2012-01-03,56.900001525878906,50.257328033447266
2012-01-04,57.13999938964844,50.46932601928711
2012-01-05,57.61000061035156,50.884456634521484
2012-01-06,57.810001373291016,51.06108093261719
2012-01-09,57.619998931884766,50.89327621459961
2012-01-10,58.040000915527344,51.264244079589844
2012-01-11,58.15999984741211,51.37022399902344
2012-01-12,58.38999938964844,51.57338333129883
2012-01-13,58.18000030517578,51.38790512084961
2012-01-17,58.709999084472656,51.85603332519531
2012-01-18,59.4900016784668,52.54496383666992
2012-01-19,59.86000061035156,52.871761322021484
2012-01-20,59.77000045776367,52.79228591918945
2012-01-23,59.790000915527344,52.80994415283203
2012-01-24,59.68000030517578,52.7127799987793
2012-01-25,60.43000030517578,53.37521743774414
2012-01-26,60.220001220703125,53.189754486083984
2012-01-27,60.400001525878906,53.348731994628906
2012-01-30,60.45000076293945,53.39289474487305
2012-01-31,60.529998779296875,53.46354293823242
2012-02-01,61.02000045776367,53.89634704589844
2012-02-02,61.209999084472656,54.06415939331055
2012-02-03,62.04999923706055,54.80609893798828
2012-02-06,62.0,54.761940002441406
2012-02-07,62.130001068115234,54.87677001953125
2012-02-08,62.459999084472656,55.16823959350586
2012-02-09,62.90999984741211,55.56571960449219
2012-02-10,62.470001220703125,55.17706298828125
2012-02-13,63.04999923706055,55.689353942871094
2012-02-14,63.209999084472656,55.8306999206543
2012-02-15,62.77000045776367,55.44205856323242
2012-02-16,63.630001068115234,56.2016487121582
2012-02-17,63.43000030517578,56.024993896484375
2012-02-21,63.61000061035156,56.183990478515625
2012-02-22,63.31999969482422,55.92783737182617
2012-02-23,63.7400016784668,56.298824310302734
2012-02-24,63.959999084472656,56.49311447143555
2012-02-27,64.05000305175781,56.572608947753906
2012-02-28,64.69999694824219,57.146732330322266
2012-02-29,64.41000366210938,56.89059066772461
2012-03-01,64.91999816894531,57.3410530090332
2012-03-02,64.87000274658203,57.296897888183594
2012-03-05,64.19999694824219,56.705101013183594
2012-03-06,63.56999969482422,56.14866638183594
2012-03-07,64.05999755859375,56.58145523071289
2012-03-08,64.75,57.19091033935547
2012-03-09,65.0199966430664,57.42936706542969
2012-03-12,65.05000305175781,57.45588302612305
2012-03-13,66.26000213623047,58.52462387084961
2012-03-14,66.48999786376953,58.727783203125
2012-03-15,66.68000030517578,58.89558792114258
2012-03-16,66.5199966430664,58.854007720947266
2012-03-19,66.98999786376953,59.26984405517578
2012-03-20,67.11000061035156,59.37602996826172
2012-03-21,67.12000274658203,59.3848762512207
2012-03-22,66.9800033569336,59.26100158691406
2012-03-23,66.94000244140625,59.22561264038086
2012-03-26,68.11000061035156,60.26076126098633
2012-03-27,68.20999908447266,60.3492431640625
2012-03-28,67.94000244140625,60.11034393310547
2012-03-29,67.68000030517578,59.88033676147461
2012-03-30,67.55000305175781,59.76531219482422
2012-04-02,68.25,60.38463592529297
2012-04-03,68.2300033569336,60.366943359375
2012-04-04,67.30000305175781,59.54412078857422
2012-04-05,67.72000122070312,59.91569137573242
2012-04-09,67.20999908447266,59.464481353759766
2012-04-10,66.12999725341797,58.50894546508789
2012-04-11,66.44999694824219,58.79206085205078
2012-04-12,67.20999908447266,59.464481353759766
2012-04-13,66.19000244140625,58.5620231628418
2012-04-16,65.44999694824219,57.90730667114258
2012-04-17,66.77999877929688,59.08406066894531
2012-04-18,66.61000061035156,58.93364334106445
2012-04-19,65.86000061035156,58.27006912231445
2012-04-20,65.68000030517578,58.110801696777344
2012-04-23,65.08000183105469,57.579959869384766
2012-04-24,64.7300033569336,57.270294189453125
2012-04-25,66.44999694824219,58.79206085205078
2012-04-26,66.83999633789062,59.137123107910156
2012-04-27,67.23999786376953,59.49103546142578
2012-04-30,66.76000213623047,59.06633758544922
2012-05-01,66.87000274658203,59.163673400878906
2012-05-02,67.05999755859375,59.3317756652832
2012-05-03,66.3499984741211,58.70359420776367
2012-05-04,64.69999694824219,57.24374771118164
2012-05-07,64.76000213623047,57.296844482421875
2012-05-08,64.5199966430664,57.08449172973633
2012-05-09,64.31999969482422,56.90755081176758
2012-05-10,64.19000244140625,56.79252624511719
2012-05-11,64.18000030517578,56.78367614746094
2012-05-14,63.58000183105469,56.25282669067383
2012-05-15,63.369998931884766,56.06702423095703
2012-05-16,62.939998626708984,55.68656539916992
2012-05-17,61.61000061035156,54.50983810424805
2012-05-18,60.810001373291016,53.80203628540039
2012-05-21,62.5099983215332,55.30612564086914
2012-05-22,62.439998626708984,55.244197845458984
2012-05-23,62.560001373291016,55.35036087036133
2012-05-24,62.150001525878906,54.98761749267578
2012-05-25,62.06999969482422,54.91682815551758
2012-05-29,62.86000061035156,55.61579132080078
2012-05-30,62.33000183105469,55.146873474121094
2012-05-31,62.060001373291016,54.90798568725586
2012-06-01,60.40999984741211,53.44815444946289
2012-06-04,60.869998931884766,53.855133056640625
2012-06-05,61.119998931884766,54.076316833496094
2012-06-06,62.52000045776367,55.31496047973633
2012-06-07,62.27000045776367,55.09380340576172
2012-06-08,62.869998931884766,55.62464141845703
2012-06-11,61.810001373291016,54.68680191040039
2012-06-12,62.560001373291016,55.35036087036133
2012-06-13,62.130001068115234,54.96992874145508
2012-06-14,62.36000061035156,55.17340850830078
2012-06-15,62.9900016784668,55.858917236328125
2012-06-18,63.58000183105469,56.382118225097656
2012-06-19,64.23999786376953,56.96739196777344
2012-06-20,64.29000091552734,57.011741638183594
2012-06-21,62.689998626708984,55.59286880493164
2012-06-22,63.349998474121094,56.17814636230469
2012-06-25,62.130001068115234,55.09626770019531
2012-06-26,62.52000045776367,55.44211196899414
2012-06-27,62.900001525878906,55.77909851074219
2012-06-28,62.20000076293945,55.158321380615234
2012-06-29,64.16000366210938,56.89645004272461
2012-07-02,64.3499984741211,57.064937591552734
2012-07-03,64.88999938964844,57.543785095214844
2012-07-05,64.93000030517578,57.579288482666016
2012-07-06,64.12000274658203,56.86097717285156
2012-07-09,64.0,56.75455856323242
2012-07-10,63.369998931884766,56.195865631103516
2012-07-11,63.02000045776367,55.885498046875
2012-07-12,62.43000030517578,55.362300872802734
2012-07-13,63.380001068115234,56.204750061035156
2012-07-16,63.20000076293945,56.04513168334961
2012-07-17,63.529998779296875,56.3377799987793
2012-07-18,64.38999938964844,57.100406646728516
2012-07-19,65.0999984741211,57.73003005981445
2012-07-20,64.23999786376953,56.96739196777344
2012-07-23,63.459999084472656,56.27568817138672
2012-07-24,62.959999084472656,55.832313537597656
2012-07-25,62.540000915527344,55.4598503112793
2012-07-26,63.369998931884766,56.195865631103516
2012-07-27,64.87000274658203,57.52607727050781
2012-07-30,64.81999969482422,57.48173522949219
2012-07-31,64.80000305175781,57.46399688720703
2012-08-01,64.61000061035156,57.295509338378906
2012-08-02,64.37999725341797,57.091529846191406
2012-08-03,65.5999984741211,58.173423767089844
2012-08-06,66.0999984741211,58.616825103759766
2012-08-07,66.6500015258789,59.10456848144531
2012-08-08,66.62000274658203,59.07793045043945
2012-08-09,66.81999969482422,59.25529861450195
2012-08-10,66.86000061035156,59.29079055786133
2012-08-13,67.0199966430664,59.43266677856445
2012-08-14,67.05000305175781,59.459285736083984
2012-08-15,67.22000122070312,59.61003494262695
2012-08-16,68.0199966430664,60.31945037841797
2012-08-17,68.31999969482422,60.58551025390625
2012-08-20,68.41999816894531,60.674190521240234
2012-08-21,68.1500015258789,60.434722900390625
2012-08-22,68.43000030517578,60.683013916015625
2012-08-23,67.87000274658203,60.18646240234375
2012-08-24,68.29000091552734,60.55888366699219
2012-08-27,68.4000015258789,60.656429290771484
2012-08-28,68.4000015258789,60.656429290771484
2012-08-29,68.4000015258789,60.656429290771484
2012-08-30,67.70999908447266,60.04456329345703
2012-08-31,68.16000366210938,60.4436149597168
2012-09-04,68.08999633789062,60.38152313232422
2012-09-05,68.0199966430664,60.31945037841797
2012-09-06,69.52999877929688,61.65848922729492
2012-09-07,69.43000030517578,61.569828033447266
2012-09-10,68.54000091552734,60.78059387207031
2012-09-11,68.43000030517578,60.683013916015625
2012-09-12,68.62999725341797,60.86039733886719
2012-09-13,69.55999755859375,61.68511199951172
2012-09-14,70.18000030517578,62.23493576049805
2012-09-17,70.20999908447266,62.26152038574219
2012-09-18,70.2699966430664,62.314735412597656
2012-09-19,70.4000015258789,62.43000030517578
2012-09-20,70.33000183105469,62.367950439453125
2012-09-21,70.1500015258789,62.38572692871094
2012-09-24,69.73999786376953,62.02110290527344
2012-09-25,68.76000213623047,61.14957046508789
2012-09-26,68.19999694824219,60.65153503417969
2012-09-27,69.13999938964844,61.487518310546875
2012-09-28,68.56999969482422,60.98060989379883
2012-10-01,68.47000122070312,60.89167022705078
2012-10-02,68.66999816894531,61.06951904296875
2012-10-03,69.11000061035156,61.46084976196289
2012-10-04,69.3499984741211,61.67428207397461
2012-10-05,68.9800033569336,61.345218658447266
2012-10-08,68.3499984741211,60.784950256347656
2012-10-09,67.26000213623047,59.81560516357422
2012-10-10,66.91999816894531,59.51322555541992
2012-10-11,66.70999908447266,59.32646179199219
2012-10-12,66.68000030517578,59.2997932434082
2012-10-15,67.16999816894531,59.73556137084961
2012-10-16,68.12000274658203,60.58041000366211
2012-10-17,68.08000183105469,60.54481887817383
2012-10-18,67.29000091552734,59.842281341552734
2012-10-19,65.68000030517578,58.41047668457031
2012-10-22,66.0199966430664,58.712833404541016
2012-10-23,65.38999938964844,58.15256881713867
2012-10-24,65.16000366210938,57.94802474975586
2012-10-25,65.16000366210938,57.94802474975586
2012-10-26,65.3499984741211,58.11699295043945
2012-10-31,64.94999694824219,57.76126480102539
2012-11-01,65.87000274658203,58.579444885253906
2012-11-02,65.16999816894531,57.9569206237793
2012-11-05,65.5999984741211,58.339317321777344
2012-11-06,65.72000122070312,58.44602966308594
2012-11-07,64.16999816894531,57.06760025024414
2012-11-08,63.15999984741211,56.169376373291016
2012-11-09,63.43000030517578,56.40950393676758
2012-11-12,63.41999816894531,56.400611877441406
2012-11-13,62.97999954223633,56.00931930541992
2012-11-14,62.2400016784668,55.35121536254883
2012-11-15,62.029998779296875,55.164466857910156
2012-11-16,62.29999923706055,55.40457534790039
2012-11-19,63.779998779296875,56.72076416015625
2012-11-20,63.79999923706055,56.73855209350586
2012-11-21,63.93000030517578,56.85416030883789
2012-11-23,64.9000015258789,57.71681594848633
2012-11-26,65.18000030517578,57.96580123901367
2012-11-27,64.95999908447266,57.770164489746094
2012-11-28,65.5199966430664,58.268165588378906
2012-11-29,65.91000366210938,58.61501693725586
2012-11-30,65.80000305175781,58.51717758178711
2012-12-03,65.66999816894531,58.40156555175781
2012-12-04,65.62999725341797,58.36599349975586
2012-12-05,64.9000015258789,57.71681594848633
2012-12-06,65.31999969482422,58.0903205871582
2012-12-07,64.93000030517578,57.74348449707031
2012-12-10,65.12000274658203,57.91244125366211
2012-12-11,65.97000122070312,58.66837692260742
2012-12-12,65.83000183105469,58.54386520385742
2012-12-13,65.30999755859375,58.0814208984375
2012-12-14,64.69000244140625,57.530033111572266
2012-12-17,65.55000305175781,58.29486846923828
2012-12-18,66.55000305175781,59.184181213378906
2012-12-19,66.26000213623047,58.92628860473633
2012-12-20,66.26000213623047,58.92628860473633
2012-12-21,65.19999694824219,58.30653381347656
2012-12-24,65.06999969482422,58.190284729003906
2012-12-26,64.5,57.680538177490234
2012-12-27,64.4000015258789,57.591121673583984
2012-12-28,63.779998779296875,57.03668212890625
2012-12-31,65.12999725341797,58.24393844604492
2013-01-02,67.19999694824219,60.0950927734375
2013-01-03,66.8499984741211,59.78208923339844
2013-01-04,66.62999725341797,59.58535385131836
2013-01-07,66.6500015258789,59.60323715209961
2013-01-08,66.5199966430664,59.48697280883789
2013-01-09,66.7699966430664,59.710540771484375
2013-01-10,67.16999816894531,60.068267822265625
2013-01-11,67.26000213623047,60.148746490478516
2013-01-14,66.95999908447266,59.880470275878906
2013-01-15,66.62999725341797,59.58535385131836
2013-01-16,66.9000015258789,59.8267936706543
2013-01-17,67.22000122070312,60.11298370361328
2013-01-18,67.06999969482422,59.97882843017578
2013-01-22,67.18000030517578,60.07719039916992
2013-01-23,67.58999633789062,60.44388961791992
2013-01-24,66.66000366210938,59.61219787597656
2013-01-25,67.0,59.916236877441406
2013-01-28,67.1500015258789,60.050384521484375
2013-01-29,67.16000366210938,60.05929946899414
2013-01-30,67.0199966430664,59.93412399291992
2013-01-31,66.87000274658203,59.79998016357422
2013-02-01,67.66000366210938,60.506465911865234
2013-02-04,66.4800033569336,59.45119094848633
2013-02-05,67.45999908447266,60.327579498291016
2013-02-06,67.23999786376953,60.130859375
2013-02-07,67.30000305175781,60.18455505371094
2013-02-08,67.98999786376953,60.80155563354492
2013-02-11,68.01000213623047,60.8194580078125
2013-02-12,67.7300033569336,60.56904983520508
2013-02-13,67.97000122070312,60.783695220947266
2013-02-14,67.94999694824219,60.765811920166016
2013-02-15,67.75,60.58694076538086
2013-02-19,68.23999786376953,61.02515411376953
2013-02-20,67.19000244140625,60.08614730834961
2013-02-21,66.47000122070312,59.442283630371094
2013-02-22,67.13999938964844,60.04142379760742
2013-02-25,66.30999755859375,59.29917907714844
2013-02-26,66.55999755859375,59.522743225097656
2013-02-27,67.23999786376953,60.130859375
2013-02-28,67.0999984741211,60.00564193725586
2013-03-01,67.37999725341797,60.25605010986328
2013-03-04,67.68000030517578,60.524349212646484
2013-03-05,68.68000030517578,61.418609619140625
2013-03-06,68.51000213623047,61.26656723022461
2013-03-07,68.69000244140625,61.42755126953125
2013-03-08,68.7699966430664,61.49909973144531
2013-03-11,68.97000122070312,61.67795181274414
2013-03-12,68.72000122070312,61.454383850097656
2013-03-13,68.62999725341797,61.3739128112793
2013-03-14,68.86000061035156,61.57957077026367
2013-03-15,68.51000213623047,61.40838623046875
2013-03-18,68.36000061035156,61.273929595947266
2013-03-19,68.2300033569336,61.15742492675781
2013-03-20,68.70999908447266,61.587669372558594
2013-03-21,67.93000030517578,60.888484954833984
2013-03-22,68.58999633789062,61.48005294799805
2013-03-25,68.33999633789062,61.255985260009766
2013-03-26,68.70999908447266,61.587669372558594
2013-03-27,68.80000305175781,61.6683349609375
2013-03-28,68.97000122070312,61.82070541381836
2013-04-01,68.5,61.39942169189453
2013-04-02,69.04000091552734,61.88343048095703
2013-04-03,68.41000366210938,61.3187370300293
2013-04-04,68.43000030517578,61.3366584777832
2013-04-05,67.86000061035156,60.825748443603516
2013-04-08,68.22000122070312,61.148441314697266
2013-04-09,68.68000030517578,61.560787200927734
2013-04-10,70.0199966430664,62.761871337890625
2013-04-11,69.98999786376953,62.734947204589844
2013-04-12,69.94000244140625,62.690147399902344
2013-04-15,68.55999755859375,61.453208923339844
2013-04-16,69.47000122070312,62.26888656616211
2013-04-17,68.11000061035156,61.049842834472656
2013-04-18,67.16999816894531,60.20725631713867
2013-04-19,68.08999633789062,61.03191375732422
2013-04-22,68.79000091552734,61.659366607666016
2013-04-23,69.44999694824219,62.25095748901367
2013-04-24,69.41999816894531,62.22406005859375
2013-04-25,69.79000091552734,62.55571365356445
2013-04-26,69.56999969482422,62.358516693115234
2013-04-29,70.20999908447266,62.93216323852539
2013-04-30,70.72000122070312,63.389286041259766
2013-05-01,70.38999938964844,63.09347915649414
2013-05-02,71.27999877929688,63.891258239746094
2013-05-03,72.12000274658203,64.64418029785156
2013-05-06,72.4000015258789,64.89514923095703
2013-05-07,72.36000061035156,64.85929107666016
2013-05-08,72.70999908447266,65.17301177978516
2013-05-09,72.61000061035156,65.0833740234375
2013-05-10,73.05000305175781,65.47777557373047
2013-05-13,73.13999938964844,65.55841827392578
2013-05-14,73.5199966430664,65.89904022216797
2013-05-15,73.66999816894531,66.03349304199219
2013-05-16,73.58999633789062,65.96179962158203
2013-05-17,74.30000305175781,66.59819793701172
2013-05-20,74.19000244140625,66.4996109008789
2013-05-21,74.2699966430664,66.57131958007812
2013-05-22,73.62000274658203,65.98867797851562
2013-05-23,73.44999694824219,65.83631896972656
2013-05-24,73.41000366210938,65.8004379272461
2013-05-28,73.88999938964844,66.23069763183594
2013-05-29,73.54000091552734,65.91696166992188
2013-05-30,73.93000030517578,66.26654052734375
2013-05-31,73.25,65.65705871582031
2013-06-03,73.37999725341797,65.77354431152344
2013-06-04,73.0,65.4329605102539
2013-06-05,72.05000305175781,64.58145141601562
2013-06-06,72.4000015258789,64.89514923095703
2013-06-07,73.38999938964844,65.78253936767578
2013-06-10,73.41999816894531,65.80941772460938
2013-06-11,72.69000244140625,65.15509796142578
2013-06-12,71.8499984741211,64.40215301513672
2013-06-13,72.76000213623047,65.21782684326172
2013-06-14,72.27999877929688,64.78759002685547
2013-06-17,72.9800033569336,65.41500854492188
2013-06-18,73.58000183105469,65.95284271240234
2013-06-19,72.76000213623047,65.21782684326172
2013-06-20,71.02999877929688,63.667144775390625
2013-06-21,70.43000030517578,63.32906723022461
2013-06-24,69.7300033569336,62.69963073730469
2013-06-25,70.23999786376953,63.15822982788086
2013-06-26,70.87000274658203,63.72471618652344
2013-06-27,71.16999816894531,63.99446105957031
2013-06-28,71.2699966430664,64.08435821533203
2013-07-01,71.70999908447266,64.47998809814453
2013-07-02,71.73999786376953,64.50698852539062
2013-07-03,72.02999877929688,64.76773071289062
2013-07-05,72.58000183105469,65.26229095458984
2013-07-08,72.6500015258789,65.32525634765625
2013-07-09,73.08999633789062,65.72090148925781
2013-07-10,73.51000213623047,66.09854888916016
2013-07-11,74.97000122070312,67.41133880615234
2013-07-12,75.30000305175781,67.70808410644531
2013-07-15,75.47000122070312,67.8609390258789
2013-07-16,75.37000274658203,67.77098083496094
2013-07-17,75.55999755859375,67.94183349609375
2013-07-18,75.37000274658203,67.77098083496094
2013-07-19,74.58999633789062,67.06963348388672
2013-07-22,74.80999755859375,67.26748657226562
2013-07-23,74.26000213623047,66.77291870117188
2013-07-24,74.5,66.98873138427734
2013-07-25,74.97000122070312,67.41133880615234
2013-07-26,75.37000274658203,67.77098083496094
2013-07-29,75.2300033569336,67.64511108398438
2013-07-30,75.62999725341797,68.00479888916016
2013-07-31,75.7699966430664,68.13068389892578
2013-08-01,76.54000091552734,68.82302856445312
2013-08-02,76.97000122070312,69.20968627929688
2013-08-05,77.0199966430664,69.25462341308594
2013-08-06,76.55999755859375,68.84104919433594
2013-08-07,76.41999816894531,68.71512603759766
2013-08-08,76.80000305175781,69.05682373046875
2013-08-09,76.48999786376953,68.77811431884766
2013-08-12,76.66999816894531,68.93994903564453
2013-08-13,77.0999984741211,69.32657623291016
2013-08-14,76.80999755859375,69.0658187866211
2013-08-15,75.51000213623047,67.89691162109375
2013-08-16,75.4800033569336,67.86994934082031
2013-08-19,75.3499984741211,67.75301361083984
2013-08-20,75.68000030517578,68.04975128173828
2013-08-21,75.41999816894531,67.81597900390625
2013-08-22,76.16000366210938,68.48133850097656
2013-08-23,76.66999816894531,68.93994903564453
2013-08-26,76.70999908447266,68.97590637207031
2013-08-27,75.13999938964844,67.56422424316406
2013-08-28,75.43000030517578,67.82496643066406
2013-08-29,75.95999908447266,68.30152130126953
2013-08-30,75.47000122070312,67.8609390258789
2013-09-03,75.9000015258789,68.24759674072266
2013-09-04,76.70999908447266,68.97590637207031
2013-09-05,76.83999633789062,69.09278106689453
2013-09-06,76.93000030517578,69.1737060546875
2013-09-09,77.83000183105469,69.98298645019531
2013-09-10,78.20999908447266,70.32469940185547
2013-09-11,78.05999755859375,70.18978118896484
2013-09-12,78.01000213623047,70.14483642578125
2013-09-13,78.05999755859375,70.18978118896484
2013-09-16,77.8499984741211,70.00096130371094
2013-09-17,78.37000274658203,70.46855163574219
2013-09-18,79.30999755859375,71.31378936767578
2013-09-19,79.5,71.484619140625
2013-09-20,78.98999786376953,71.23932647705078
2013-09-23,78.83000183105469,71.09500885009766
2013-09-24,78.83000183105469,71.09500885009766
2013-09-25,78.55999755859375,70.85149383544922
2013-09-26,79.16999816894531,71.401611328125
2013-09-27,79.06999969482422,71.3114242553711
2013-09-30,78.87999725341797,71.14008331298828
2013-10-01,79.68000030517578,71.86158752441406
2013-10-02,79.6500015258789,71.83453369140625
2013-10-03,78.72000122070312,70.99581909179688
2013-10-04,79.4000015258789,71.60906219482422
2013-10-07,78.73999786376953,71.0137939453125
2013-10-08,77.22000122070312,69.64295196533203
2013-10-09,76.9800033569336,69.426513671875
2013-10-10,78.61000061035156,70.89659118652344
2013-10-11,79.2300033569336,71.45575714111328
2013-10-14,79.79000091552734,71.96080780029297
2013-10-15,79.4800033569336,71.68122863769531
2013-10-16,80.37999725341797,72.49287414550781
2013-10-17,80.83999633789062,72.90778350830078
2013-10-18,82.1500015258789,74.0892105102539
2013-10-21,82.33000183105469,74.25157165527344
2013-10-22,82.44999694824219,74.35979461669922
2013-10-23,81.94999694824219,73.90884399414062
2013-10-24,82.30999755859375,74.23352813720703
2013-10-25,82.9000015258789,74.7656478881836
2013-10-28,82.91999816894531,74.78369140625
2013-10-29,83.05999755859375,74.90992736816406
2013-10-30,82.9800033569336,74.83777618408203
2013-10-31,82.79000091552734,74.66641998291016
2013-11-01,82.80999755859375,74.6844482421875
2013-11-04,82.93000030517578,74.79270935058594
2013-11-05,83.0199966430664,74.87384796142578
2013-11-06,83.0,74.8558120727539
2013-11-07,81.44000244140625,73.44889831542969
2013-11-08,82.54000091552734,74.44096374511719
2013-11-11,82.41000366210938,74.32372283935547
2013-11-12,82.54000091552734,74.44096374511719
2013-11-13,83.54000091552734,75.34285736083984
2013-11-14,83.80000305175781,75.57732391357422
2013-11-15,83.95999908447266,75.72164916992188
2013-11-18,83.13999938964844,74.98208618164062
2013-11-19,82.9000015258789,74.7656478881836
2013-11-20,82.69999694824219,74.58525085449219
2013-11-21,83.54000091552734,75.34285736083984
2013-11-22,83.98999786376953,75.74871063232422
2013-11-25,84.19000244140625,75.92903900146484
2013-11-26,84.62999725341797,76.32588195800781
2013-11-27,85.22000122070312,76.8580093383789
2013-11-29,85.7300033569336,77.3179702758789
2013-12-02,85.4800033569336,77.09246826171875
2013-12-03,85.41000366210938,77.02934265136719
2013-12-04,85.48999786376953,77.10153198242188
2013-12-05,85.37999725341797,77.00228881835938
2013-12-06,86.0,77.56146240234375
2013-12-09,86.3499984741211,77.87712097167969
2013-12-10,86.29000091552734,77.82299041748047
2013-12-11,85.18000030517578,76.82192993164062
2013-12-12,84.95999908447266,76.6235580444336
2013-12-13,84.8499984741211,76.52429962158203
2013-12-16,85.31999969482422,76.94819641113281
2013-12-17,85.1500015258789,76.79487609863281
2013-12-18,86.13999938964844,77.68773651123047
2013-12-19,85.9000015258789,77.47125244140625
2013-12-20,86.5,78.26018524169922
2013-12-23,87.41000366210938,79.0835189819336
2013-12-24,87.44999694824219,79.11968994140625
2013-12-26,87.73999786376953,79.382080078125
2013-12-27,87.5199966430664,79.18305206298828
2013-12-30,87.38999938964844,79.06543731689453
2013-12-31,87.95999908447266,79.58116149902344
2014-01-02,87.2699966430664,78.95686340332031
2014-01-03,86.63999938964844,78.38687133789062
2014-01-06,86.31999969482422,78.09735870361328
2014-01-07,87.12000274658203,78.82115936279297
2014-01-08,87.30999755859375,78.9930419921875
2014-01-09,87.0199966430664,78.73066711425781
2014-01-10,87.30000305175781,78.98400115966797
2014-01-13,86.01000213623047,77.81688690185547
2014-01-14,87.6500015258789,79.30065155029297
2014-01-15,88.37000274658203,79.95207977294922
2014-01-16,88.37999725341797,79.96110534667969
2014-01-17,87.87999725341797,79.50875091552734
2014-01-21,88.55000305175781,80.11492919921875
2014-01-22,88.77999877929688,80.32301330566406
2014-01-23,88.4800033569336,80.0516128540039
2014-01-24,86.73999786376953,78.47734069824219
2014-01-27,85.9000015258789,77.71736145019531
2014-01-28,85.8499984741211,77.6721420288086
2014-01-29,84.93000030517578,76.83979034423828
2014-01-30,86.5,78.26018524169922
2014-01-31,86.2699966430664,78.0521011352539
2014-02-03,84.29000091552734,76.26074981689453
2014-02-04,84.91000366210938,76.82166290283203
2014-02-05,84.69000244140625,76.62263488769531
2014-02-06,85.7699966430664,77.59974670410156
2014-02-07,87.30000305175781,78.98400115966797
2014-02-10,87.80000305175781,79.4363784790039
2014-02-11,88.80000305175781,80.34111785888672
2014-02-12,88.97000122070312,80.49492645263672
2014-02-13,89.62999725341797,81.09205627441406
2014-02-14,89.80999755859375,81.25489044189453
2014-02-18,90.25,81.65299987792969
2014-02-19,89.62999725341797,81.09205627441406
2014-02-20,90.05000305175781,81.47203826904297
2014-02-21,89.93000030517578,81.36347961425781
2014-02-24,90.41000366210938,81.79777526855469
2014-02-25,90.30999755859375,81.70726776123047
2014-02-26,90.2300033569336,81.63489532470703
2014-02-27,90.44000244140625,82.16456604003906
2014-02-28,90.33999633789062,82.07369995117188
2014-03-03,89.66999816894531,81.46499633789062
2014-03-04,90.80999755859375,82.50067901611328
2014-03-05,91.05999755859375,82.727783203125
2014-03-06,90.9800033569336,82.65513610839844
2014-03-07,90.52999877929688,82.24632263183594
2014-03-10,90.61000061035156,82.31902313232422
2014-03-11,90.22000122070312,81.96469116210938
2014-03-12,90.55999755859375,82.27356719970703
2014-03-13,89.27999877929688,81.11068725585938
2014-03-14,88.66999816894531,80.55650329589844
2014-03-17,89.44999694824219,81.26512908935547
2014-03-18,90.52999877929688,82.24632263183594
2014-03-19,90.04000091552734,81.8011245727539
2014-03-20,90.29000091552734,82.02828216552734
2014-03-21,89.0,81.04121398925781
2014-03-24,88.22000122070312,80.33096313476562
2014-03-25,88.51000213623047,80.59505462646484
2014-03-26,87.37000274658203,79.55702209472656
2014-03-27,86.87999725341797,79.11078643798828
2014-03-28,87.05000305175781,79.26558685302734
2014-03-31,87.66999816894531,79.83015441894531
2014-04-01,89.20999908447266,81.23243713378906
2014-04-02,89.44000244140625,81.44188690185547
2014-04-03,88.7300033569336,80.79534912109375
2014-04-04,86.37000274658203,78.64636993408203
2014-04-07,85.55000305175781,77.89974975585938
2014-04-08,86.33999633789062,78.61910247802734
2014-04-09,87.81999969482422,79.9667739868164
2014-04-10,85.0999984741211,77.48997497558594
2014-04-11,84.11000061035156,76.5885238647461
2014-04-14,84.7699966430664,77.18949127197266
2014-04-15,85.05000305175781,77.44446563720703
2014-04-16,86.18000030517578,78.47340393066406
2014-04-17,86.19999694824219,78.49161529541016
2014-04-21,86.83999633789062,79.07437133789062
2014-04-22,87.52999877929688,79.70267486572266
2014-04-23,86.76000213623047,79.00152587890625
2014-04-24,87.58999633789062,79.7573013305664
2014-04-25,86.19000244140625,78.48249816894531
2014-04-28,86.47000122070312,78.73748016357422
2014-04-29,87.16000366210938,79.36573791503906
2014-04-30,87.38999938964844,79.57521057128906
2014-05-01,87.6500015258789,79.81192016601562
2014-05-02,87.48999786376953,79.66624450683594
2014-05-05,87.94999694824219,80.0851058959961
2014-05-06,86.80999755859375,79.04704284667969
2014-05-07,86.55999755859375,78.81940460205078
2014-05-08,86.4800033569336,78.74656677246094
2014-05-09,86.80000305175781,79.03793334960938
2014-05-12,88.2300033569336,80.34008026123047
2014-05-13,88.29000091552734,80.39471435546875
2014-05-14,87.83000183105469,79.97583770751953
2014-05-15,87.13999938964844,79.34754943847656
2014-05-16,87.70999908447266,79.86658477783203
2014-05-19,88.31999969482422,80.42203521728516
2014-05-20,88.0,80.13065338134766
2014-05-21,88.83999633789062,80.89550018310547
2014-05-22,89.2300033569336,81.25067901611328
2014-05-23,89.87999725341797,81.84251403808594
2014-05-27,91.0,82.86236572265625
2014-05-28,90.72000122070312,82.6074447631836
2014-05-29,91.30000305175781,83.13555908203125
2014-05-30,91.30999755859375,83.14463806152344
2014-06-02,91.22000122070312,83.0627212524414
2014-06-03,91.18000030517578,83.02623748779297
2014-06-04,91.5199966430664,83.33586120605469
2014-06-05,92.29000091552734,84.03701782226562
2014-06-06,92.81999969482422,84.51959991455078
2014-06-09,92.75,84.45589447021484
2014-06-10,92.91000366210938,84.60155487060547
2014-06-11,92.88999938964844,84.5833740234375
2014-06-12,92.05000305175781,83.81848907470703
2014-06-13,92.31999969482422,84.06433868408203
2014-06-16,92.4000015258789,84.13713836669922
2014-06-17,92.44999694824219,84.18268585205078
2014-06-18,92.97000122070312,84.65619659423828
2014-06-19,92.91000366210938,84.60155487060547
2014-06-20,92.7699966430664,84.70108795166016
2014-06-23,92.79000091552734,84.7193374633789
2014-06-24,92.69999694824219,84.63717651367188
2014-06-25,93.29000091552734,85.17586517333984
2014-06-26,93.33999633789062,85.22148895263672
2014-06-27,93.75,85.59586334228516
2014-06-30,93.91000366210938,85.741943359375
2014-07-01,94.94000244140625,86.68235778808594
2014-07-02,95.0999984741211,86.82842254638672
2014-07-03,95.69999694824219,87.3762435913086
2014-07-07,95.41000366210938,87.1114730834961
2014-07-08,94.26000213623047,86.06147766113281
2014-07-09,94.95999908447266,86.70060729980469
2014-07-10,94.66000366210938,86.42671203613281
2014-07-11,95.2699966430664,86.98365783691406
2014-07-14,95.83999633789062,87.50404357910156
2014-07-15,95.51000213623047,87.20276641845703
2014-07-16,95.88999938964844,87.5497055053711
2014-07-17,94.62000274658203,86.39012145996094
2014-07-18,96.12000274658203,87.7596664428711
2014-07-21,96.0,87.65015411376953
2014-07-22,96.61000061035156,88.20708465576172
2014-07-23,97.2300033569336,88.77316284179688
2014-07-24,97.12000274658203,88.67271423339844
2014-07-25,96.73999786376953,88.32579040527344
2014-07-28,96.7699966430664,88.3531723022461
2014-07-29,96.5999984741211,88.19795227050781
2014-07-30,96.9800033569336,88.54490661621094
2014-07-31,95.0199966430664,86.75536346435547
2014-08-01,94.66999816894531,86.4358139038086
2014-08-04,95.31999969482422,87.02930450439453
2014-08-05,94.58999633789062,86.36278533935547
2014-08-06,94.5199966430664,86.29887390136719
2014-08-07,94.22000122070312,86.02494049072266
2014-08-08,94.9000015258789,86.64582824707031
2014-08-11,95.45999908447266,87.1571044921875
2014-08-12,95.41999816894531,87.12057495117188
2014-08-13,96.43000030517578,88.04275512695312
2014-08-14,96.93000030517578,88.49925994873047
2014-08-15,97.4000015258789,88.92838287353516
2014-08-18,98.1500015258789,89.61316680908203
2014-08-19,98.69999694824219,90.11530303955078
2014-08-20,98.69999694824219,90.11530303955078
2014-08-21,98.9000015258789,90.29792785644531
2014-08-22,99.05000305175781,90.43486022949219
2014-08-25,99.4000015258789,90.75442504882812
2014-08-26,99.5,90.84573364257812
2014-08-27,99.5199966430664,90.86397552490234
2014-08-28,99.41000366210938,90.76353454589844
2014-08-29,99.77999877929688,91.10140228271484
2014-09-02,100.06999969482422,91.36613464355469
2014-09-03,99.4800033569336,90.82744598388672
2014-09-04,99.38999938964844,90.74526977539062
2014-09-05,99.88999938964844,91.20178985595703
2014-09-08,100.08000183105469,91.37528991699219
2014-09-09,99.25,90.61746215820312
2014-09-10,100.06999969482422,91.36613464355469
2014-09-11,99.98999786376953,91.29307556152344
2014-09-12,99.4800033569336,90.82744598388672
2014-09-15,98.5199966430664,89.95098114013672
2014-09-16,99.37999725341797,90.73616027832031
2014-09-17,99.52999877929688,90.87310791015625
2014-09-18,100.27999877929688,91.55787658691406
2014-09-19,99.9800033569336,91.50111389160156
2014-09-22,99.05000305175781,90.6500015258789
2014-09-23,98.77999877929688,90.40292358398438
2014-09-24,99.83999633789062,91.37300109863281
2014-09-25,97.73999786376953,89.45110321044922
2014-09-26,98.77999877929688,90.40292358398438
2014-09-29,98.6500015258789,90.28394317626953
2014-09-30,98.79000091552734,90.41204833984375
2014-10-01,97.20999908447266,88.96605682373047
2014-10-02,97.20999908447266,88.96605682373047
2014-10-03,98.16999816894531,89.84461212158203
2014-10-06,97.95999908447266,89.65245056152344
2014-10-07,96.56999969482422,88.38031768798828
2014-10-08,98.44999694824219,90.10087585449219
2014-10-09,96.86000061035156,88.64572143554688
2014-10-10,94.44000244140625,86.43094635009766
2014-10-13,92.95999908447266,85.07646179199219
2014-10-14,92.97000122070312,85.08564758300781
2014-10-15,92.37000274658203,84.53650665283203
2014-10-16,91.79000091552734,84.00568389892578
2014-10-17,93.0,85.11304473876953
2014-10-20,94.38999938964844,86.38521575927734
2014-10-21,96.87000274658203,88.65486907958984
2014-10-22,96.37000274658203,88.19727325439453
2014-10-23,97.81999969482422,89.52430725097656
2014-10-24,98.62000274658203,90.25648498535156
2014-10-27,98.69000244140625,90.32056427001953
2014-10-28,100.18000030517578,91.68419647216797
2014-10-29,99.80999755859375,91.34555053710938
2014-10-30,100.0199966430664,91.53775787353516
2014-10-31,101.4000015258789,92.80072021484375
2014-11-03,101.69999694824219,93.07525634765625
2014-11-04,101.36000061035156,92.76410675048828
2014-11-05,101.37000274658203,92.77325439453125
2014-11-06,101.69000244140625,93.0661392211914
2014-11-07,101.5999984741211,92.98373413085938
2014-11-10,101.95999908447266,93.31321716308594
2014-11-11,102.27999877929688,93.60606384277344
2014-11-12,102.45999908447266,93.77082824707031
2014-11-13,102.9000015258789,94.17352294921875
2014-11-14,103.22000122070312,94.46637725830078
2014-11-17,102.91000366210938,94.18267059326172
2014-11-18,103.68000030517578,94.88734436035156
2014-11-19,103.20999908447266,94.45721435546875
2014-11-20,103.66999816894531,94.87821197509766
2014-11-21,103.87000274658203,95.06123352050781
2014-11-24,104.68000030517578,95.80256652832031
2014-11-25,104.83999633789062,95.948974609375
2014-11-26,105.5199966430664,96.57132720947266
2014-11-28,106.01000213623047,97.01976013183594
2014-12-01,104.80999755859375,95.9215316772461
2014-12-02,105.2300033569336,96.3059310913086
2014-12-03,105.41999816894531,96.47978973388672
2014-12-04,105.37000274658203,96.43404388427734
2014-12-05,105.37999725341797,96.44318389892578
2014-12-08,104.62999725341797,95.75679779052734
2014-12-09,104.95999908447266,96.05879211425781
2014-12-10,103.30999755859375,94.54874420166016
2014-12-11,103.80000305175781,94.99717712402344
2014-12-12,102.66999816894531,93.9630126953125
2014-12-15,101.61000061035156,92.99292755126953
2014-12-16,99.9800033569336,91.50111389160156
2014-12-17,101.80000305175781,93.16680145263672
2014-12-18,104.25,95.40901947021484
2014-12-19,104.31999969482422,95.82881927490234
2014-12-22,104.58000183105469,96.06767272949219
2014-12-23,104.20999908447266,95.72776794433594
2014-12-24,104.30000305175781,95.81047821044922
2014-12-26,105.04000091552734,96.49021911621094
2014-12-29,105.0199966430664,96.4718246459961
2014-12-30,104.31999969482422,95.82881927490234
2014-12-31,103.25,94.84593200683594
2015-01-02,102.94000244140625,94.5611572265625
2015-01-05,101.43000030517578,93.17407989501953
2015-01-06,100.06999969482422,91.92476654052734
2015-01-07,101.36000061035156,93.10978698730469
2015-01-08,103.30000305175781,94.891845703125
2015-01-09,102.62000274658203,94.2671890258789
2015-01-12,101.55000305175781,93.28429412841797
2015-01-13,101.5199966430664,93.2567138671875
2015-01-14,100.95999908447266,92.7423095703125
2015-01-15,99.6500015258789,91.53894805908203
2015-01-16,100.81999969482422,92.61371612548828
2015-01-20,101.62000274658203,93.34861755371094
2015-01-21,102.13999938964844,93.82627868652344
2015-01-22,104.02999877929688,95.56240844726562
2015-01-23,104.26000213623047,95.77369689941406
2015-01-26,104.13999938964844,95.6634521484375
2015-01-27,101.44000244140625,93.18323516845703
2015-01-28,100.91999816894531,92.70556640625
2015-01-29,101.88999938964844,93.59663391113281
2015-01-30,101.0999984741211,92.87091064453125
2015-02-02,101.9800033569336,93.6792984008789
2015-02-03,102.95999908447266,94.57951354980469
2015-02-04,102.87000274658203,94.49687194824219
2015-02-05,103.76000213623047,95.31442260742188
2015-02-06,103.12999725341797,94.73567962646484
2015-02-09,102.80000305175781,94.43254089355469
2015-02-10,104.4000015258789,95.9023208618164
2015-02-11,104.77999877929688,96.25138092041016
2015-02-12,106.0,97.37208557128906
2015-02-13,106.91000366210938,98.2079849243164
2015-02-17,107.01000213623047,98.2999038696289
2015-02-18,107.16000366210938,98.43766021728516
2015-02-19,107.69000244140625,98.9245376586914
2015-02-20,108.41000366210938,99.5859375
2015-02-23,108.5199966430664,99.68692779541016
2015-02-24,108.5999984741211,99.76045989990234
2015-02-25,108.33000183105469,99.51243591308594
2015-02-26,108.87999725341797,100.01765441894531
2015-02-27,108.4000015258789,99.57672882080078
2015-03-02,109.37999725341797,100.47698211669922
2015-03-03,108.87000274658203,100.00846862792969
2015-03-04,108.44999694824219,99.6226577758789
2015-03-05,108.63999938964844,99.79720306396484
2015-03-06,107.41000366210938,98.66732788085938
2015-03-09,107.72000122070312,98.95209503173828
2015-03-10,105.72000122070312,97.11488342285156
2015-03-11,105.11000061035156,96.55452728271484
2015-03-12,105.80000305175781,97.18834686279297
2015-03-13,105.33999633789062,96.76579284667969
2015-03-16,106.69999694824219,98.0151138305664
2015-03-17,106.87000274658203,98.1712646484375
2015-03-18,107.91999816894531,99.13581085205078
2015-03-19,108.08000183105469,99.28279876708984
2015-03-20,108.52999877929688,99.92543029785156
2015-03-23,108.31999969482422,99.73208618164062
2015-03-24,107.93000030517578,99.37300872802734
2015-03-25,105.45999908447266,97.09883117675781
2015-03-26,105.0999984741211,96.76736450195312
2015-03-27,105.5199966430664,97.15406799316406
2015-03-30,106.7300033569336,98.2681655883789
2015-03-31,105.5999984741211,97.22774505615234
2015-04-01,105.05000305175781,96.7213363647461
2015-04-02,105.12000274658203,96.7857894897461
2015-04-06,105.9800033569336,97.57762145996094
2015-04-07,105.80000305175781,97.4118881225586
2015-04-08,106.63999938964844,98.18528747558594
2015-04-09,107.30999755859375,98.80216217041016
2015-04-10,107.75,99.20726776123047
2015-04-13,107.4800033569336,98.95867919921875
2015-04-14,107.16999816894531,98.67324829101562
2015-04-15,107.83999633789062,99.2901382446289
2015-04-16,107.69000244140625,99.15203857421875
2015-04-17,106.01000213623047,97.60523223876953
2015-04-20,107.5999984741211,99.06916046142578
2015-04-21,108.05999755859375,99.49272155761719
2015-04-22,108.6500015258789,100.03591918945312
2015-04-23,109.05999755859375,100.41341400146484
2015-04-24,110.54000091552734,101.77609252929688
2015-04-27,110.26000213623047,101.51828002929688
2015-04-28,110.04000091552734,101.31571197509766
2015-04-29,109.3499984741211,100.680419921875
2015-04-30,107.62999725341797,99.09676361083984
2015-05-01,109.05000305175781,100.40424346923828
2015-05-04,109.2300033569336,100.56993865966797
2015-05-05,107.44999694824219,98.93106842041016
2015-05-06,106.70999908447266,98.24972534179688
2015-05-07,107.3499984741211,98.8389892578125
2015-05-08,108.69000244140625,100.07276153564453
2015-05-11,108.2699966430664,99.68605041503906
2015-05-12,107.77999877929688,99.23490905761719
2015-05-13,108.0,99.43746948242188
2015-05-14,109.58000183105469,100.8921890258789
2015-05-15,109.58000183105469,100.8921890258789
2015-05-18,110.05999755859375,101.33414459228516
2015-05-19,109.94000244140625,101.2236557006836
2015-05-20,110.01000213623047,101.28807830810547
2015-05-21,110.58000183105469,101.81291961669922
2015-05-22,110.47000122070312,101.71162414550781
2015-05-26,109.19999694824219,100.54227447509766
2015-05-27,110.95999908447266,102.16278076171875
2015-05-28,110.70999908447266,101.9326171875
2015-05-29,110.05000305175781,101.324951171875
2015-06-01,110.41999816894531,101.66559600830078
2015-06-02,110.06999969482422,101.34332275390625
2015-06-03,110.4000015258789,101.64718627929688
2015-06-04,109.55999755859375,100.87376403808594
2015-06-05,109.30000305175781,100.63439178466797
2015-06-08,108.19000244140625,99.61239624023438
2015-06-09,108.01000213623047,99.4466781616211
2015-06-10,109.48999786376953,100.809326171875
2015-06-11,109.6500015258789,100.95663452148438
2015-06-12,108.75,100.12800598144531
2015-06-15,108.20999908447266,99.63081359863281
2015-06-16,108.80000305175781,100.17401885986328
2015-06-17,109.0999984741211,100.45024871826172
2015-06-18,110.69000244140625,101.9141845703125
2015-06-19,109.88999938964844,101.41034698486328
2015-06-22,110.69999694824219,102.15780639648438
2015-06-23,110.79000091552734,102.24087524414062
2015-06-24,110.22000122070312,101.71483612060547
2015-06-25,110.0,101.51180267333984
2015-06-26,109.2699966430664,100.8381576538086
2015-06-29,106.69000244140625,98.45724487304688
2015-06-30,107.06999969482422,98.80792236328125
2015-07-01,107.91999816894531,99.59233856201172
2015-07-02,107.94999694824219,99.62002563476562
2015-07-06,107.69999694824219,99.3893051147461
2015-07-07,107.97000122070312,99.63848876953125
2015-07-08,106.08999633789062,97.90355682373047
2015-07-09,106.02999877929688,97.84818267822266
2015-07-10,107.6500015258789,99.34317779541016
2015-07-13,109.54000091552734,101.08731842041016
2015-07-14,110.26000213623047,101.75177001953125
2015-07-15,110.37999725341797,101.86248779296875
2015-07-16,111.94000244140625,103.30211639404297
2015-07-17,113.58999633789062,104.8248519897461
2015-07-20,113.9800033569336,105.18470764160156
2015-07-21,113.91000366210938,105.1201171875
2015-07-22,112.62000274658203,103.92963409423828
2015-07-23,112.19999694824219,103.54206848144531
2015-07-24,111.0999984741211,102.52692413330078
2015-07-27,110.18000030517578,101.67793273925781
2015-07-28,111.12999725341797,102.55462646484375
2015-07-29,111.55000305175781,102.94222259521484
2015-07-30,112.08000183105469,103.43133544921875
2015-07-31,111.94999694824219,103.31135559082031
2015-08-03,111.5999984741211,102.98836517333984
2015-08-04,111.38999938964844,102.7945556640625
2015-08-05,112.25,103.58821105957031
2015-08-06,110.44999694824219,101.92708587646484
2015-08-07,110.30999755859375,101.79788970947266
2015-08-10,111.56999969482422,102.960693359375
2015-08-11,110.13999938964844,101.64100646972656
2015-08-12,110.5199966430664,101.99169921875
2015-08-13,110.33999633789062,101.82557678222656
2015-08-14,110.51000213623047,101.98248291015625
2015-08-17,111.43000030517578,102.83148193359375
2015-08-18,110.86000061035156,102.30547332763672
2015-08-19,110.12999725341797,101.63182067871094
2015-08-20,107.08000183105469,98.81715393066406
2015-08-21,102.4000015258789,94.49829864501953
2015-08-24,98.45999908447266,90.86233520507812
2015-08-25,98.08999633789062,90.52088165283203
2015-08-26,103.02999877929688,95.07968139648438
2015-08-27,105.63999938964844,97.48827362060547
2015-08-28,105.62000274658203,97.46979522705078
2015-08-31,104.30999755859375,96.2608871459961
2015-09-01,101.05000305175781,93.25247955322266
2015-09-02,103.9000015258789,95.88253784179688
2015-09-03,103.38999938964844,95.4118881225586
2015-09-04,102.16000366210938,94.27682495117188
2015-09-08,105.04000091552734,96.93456268310547
2015-09-09,103.86000061035156,95.84561157226562
2015-09-10,104.98999786376953,96.88842010498047
2015-09-11,105.56999969482422,97.42366027832031
2015-09-14,105.25,97.12835693359375
2015-09-15,106.48999786376953,98.27267456054688
2015-09-16,107.08999633789062,98.82636260986328
2015-09-17,107.12999725341797,98.8633041381836
2015-09-18,105.3499984741211,97.45716094970703
2015-09-21,105.68000030517578,97.76245880126953
2015-09-22,104.0999984741211,96.30082702636719
2015-09-23,104.18000030517578,96.37483215332031
2015-09-24,103.80000305175781,96.0232925415039
2015-09-25,102.91999816894531,95.20924377441406
2015-09-28,99.98999786376953,92.49874114990234
2015-09-29,99.47000122070312,92.01770782470703
2015-09-30,101.76000213623047,94.1361312866211
2015-10-01,102.22000122070312,94.56165313720703
2015-10-02,104.01000213623047,96.21757507324219
2015-10-05,105.5,97.59593200683594
2015-10-06,105.0,97.13340759277344
2015-10-07,105.62999725341797,97.7162094116211
2015-10-08,106.05000305175781,98.10472869873047
2015-10-09,106.52999877929688,98.5487289428711
2015-10-12,106.79000091552734,98.789306640625
2015-10-13,106.0999984741211,98.15099334716797
2015-10-14,105.93000030517578,97.99371337890625
2015-10-15,107.66999816894531,99.60336303710938
2015-10-16,108.12000274658203,100.01964569091797
2015-10-19,108.73999786376953,100.59319305419922
2015-10-20,108.18000030517578,100.07516479492188
2015-10-21,107.5199966430664,99.4645767211914
2015-10-22,109.70999908447266,101.49053955078125
2015-10-23,112.77999877929688,104.3305435180664
2015-10-26,112.8499984741211,104.39524841308594
2015-10-27,113.08000183105469,104.60803985595703
2015-10-28,114.0199966430664,105.47762298583984
2015-10-29,113.83999633789062,105.31109619140625
2015-10-30,113.33000183105469,104.83930206298828
2015-11-02,114.61000061035156,106.02340698242188
2015-11-03,115.01000213623047,106.39341735839844
2015-11-04,115.0199966430664,106.40270233154297
2015-11-05,114.70999908447266,106.11592864990234
2015-11-06,114.79000091552734,106.1899185180664
2015-11-09,113.56999969482422,105.06133270263672
2015-11-10,113.27999877929688,104.79305267333984
2015-11-11,113.13999938964844,104.66352081298828
2015-11-12,112.04000091552734,103.64598846435547
2015-11-13,109.83999633789062,101.61078643798828
2015-11-16,111.41999816894531,103.07241821289062
2015-11-17,111.48999786376953,103.13719177246094
2015-11-18,113.62999725341797,105.11683654785156
2015-11-19,113.70999908447266,105.19085693359375
2015-11-20,114.4800033569336,105.90316009521484
2015-11-23,114.1500015258789,105.59788513183594
2015-11-24,114.05000305175781,105.50537109375
2015-11-25,114.1500015258789,105.59788513183594
2015-11-27,114.30999755859375,105.74589538574219
2015-11-30,114.0199966430664,105.47762298583984
2015-12-01,115.16000366210938,106.53221130371094
2015-12-02,114.44999694824219,105.87540435791016
2015-12-03,112.51000213623047,104.08075714111328
2015-12-04,115.13999938964844,106.51374053955078
2015-12-07,114.62000274658203,106.03266143798828
2015-12-08,114.62999725341797,106.04194641113281
2015-12-09,112.88999938964844,104.43228149414062
2015-12-10,113.4000015258789,104.90406036376953
2015-12-11,110.79000091552734,102.48963165283203
2015-12-14,111.62999725341797,103.26667022705078
2015-12-15,112.30999755859375,103.89571380615234
2015-12-16,113.9800033569336,105.44061279296875
2015-12-17,112.31999969482422,103.90497589111328
2015-12-18,109.83000183105469,101.91183471679688
2015-12-21,111.05000305175781,103.04388427734375
2015-12-22,111.77999877929688,103.72127532958984
2015-12-23,112.61000061035156,104.49140167236328
2015-12-24,112.58999633789062,104.47285461425781
2015-12-28,112.52999877929688,104.41716766357422
2015-12-29,114.30000305175781,106.05958557128906
2015-12-30,113.2699966430664,105.10384368896484
2015-12-31,111.86000061035156,103.79549407958984
2016-01-04,109.5,101.6056137084961
2016-01-05,109.30999755859375,101.4293212890625
2016-01-06,108.26000213623047,100.45502471923828
2016-01-07,104.87000274658203,97.30941772460938
2016-01-08,104.01000213623047,96.51142883300781
2016-01-11,104.33000183105469,96.8083724975586
2016-01-12,105.54000091552734,97.93114471435547
2016-01-13,101.9000015258789,94.55355834960938
2016-01-14,104.06999969482422,96.5671157836914
2016-01-15,100.83999633789062,93.56996154785156
2016-01-19,101.05999755859375,93.77411651611328
2016-01-20,100.75,93.48644256591797
2016-01-21,100.8499984741211,93.57926177978516
2016-01-22,103.7699966430664,96.28876495361328
2016-01-25,102.2300033569336,94.85977935791016
2016-01-26,103.1500015258789,95.71342468261719
2016-01-27,100.58000183105469,93.32868194580078
2016-01-28,102.0,94.64637756347656
2016-01-29,104.12999725341797,96.62275695800781
2016-02-01,104.41000366210938,96.88259887695312
2016-02-02,102.1500015258789,94.78553771972656
2016-02-03,101.66000366210938,94.33084106445312
2016-02-04,101.6500015258789,94.32157897949219
2016-02-05,98.12000274658203,91.04608154296875
2016-02-08,96.62000274658203,89.65422058105469
2016-02-09,96.31999969482422,89.3758316040039
2016-02-10,96.69000244140625,89.71915435791016
2016-02-11,96.55000305175781,89.58927154541016
2016-02-12,98.0199966430664,90.95327758789062
2016-02-16,100.2300033569336,93.00394439697266
2016-02-17,102.5,95.11029815673828
2016-02-18,101.33000183105469,94.0246353149414
2016-02-19,101.62999725341797,94.30299377441406
2016-02-22,103.27999877929688,95.83406829833984
2016-02-23,101.58000183105469,94.25664520263672
2016-02-24,102.55000305175781,95.1567153930664
2016-02-25,103.55999755859375,96.09387969970703
2016-02-26,103.43000030517578,95.9732666015625
2016-02-29,102.5,95.11029815673828
2016-03-01,105.79000091552734,98.16312408447266
2016-03-02,105.83000183105469,98.20022583007812
2016-03-03,105.62999725341797,98.01464080810547
2016-03-04,105.66999816894531,98.05176544189453
2016-03-07,105.0199966430664,97.4486312866211
2016-03-08,104.1500015258789,96.64132690429688
2016-03-09,104.81999969482422,97.26304626464844
2016-03-10,104.66000366210938,97.11457061767578
2016-03-11,106.48999786376953,98.81262969970703
2016-03-14,106.66999816894531,98.97964477539062
2016-03-15,106.62999725341797,98.9425277709961
2016-03-16,107.58000183105469,99.82405090332031
2016-03-17,107.5199966430664,99.76837921142578
2016-03-18,107.37000274658203,99.92472839355469
2016-03-21,107.79000091552734,100.31564331054688
2016-03-22,108.12000274658203,100.62271118164062
2016-03-23,107.2300033569336,99.79444122314453
2016-03-24,107.26000213623047,99.8223648071289
2016-03-28,107.11000061035156,99.68275451660156
2016-03-29,108.83000183105469,101.28350067138672
2016-03-30,109.36000061035156,101.77674865722656
2016-03-31,109.19999694824219,101.6278305053711
2016-04-01,110.36000061035156,102.70740509033203
2016-04-04,109.94000244140625,102.31654357910156
2016-04-05,108.87999725341797,101.33001708984375
2016-04-06,110.66999816894531,102.99589538574219
2016-04-07,109.08000183105469,101.51615142822266
2016-04-08,109.0,101.44168090820312
2016-04-11,108.5999984741211,101.06944274902344
2016-04-12,109.51000213623047,101.91635131835938
2016-04-13,110.91000366210938,103.21929168701172
2016-04-14,110.91999816894531,103.22857666015625
2016-04-15,110.63999938964844,102.96797943115234
2016-04-18,111.2300033569336,103.51708221435547
2016-04-19,110.55000305175781,102.88420104980469
2016-04-20,110.63999938964844,102.96797943115234
2016-04-21,110.6500015258789,102.977294921875
2016-04-22,108.9800033569336,101.4230728149414
2016-04-25,108.9800033569336,101.4230728149414
2016-04-26,108.44999694824219,100.92982482910156
2016-04-27,107.58000183105469,100.12016296386719
2016-04-28,106.27999877929688,98.91031646728516
2016-04-29,105.72000122070312,98.38914489746094
2016-05-02,106.72000122070312,99.3198013305664
2016-05-03,105.7300033569336,98.39844512939453
2016-05-04,105.05000305175781,97.7656021118164
2016-05-05,105.0199966430664,97.7376937866211
2016-05-06,105.58000183105469,98.25886535644531
2016-05-09,105.87999725341797,98.53802490234375
2016-05-10,107.33000183105469,99.88750457763672
2016-05-11,106.36000061035156,98.98478698730469
2016-05-12,105.88999938964844,98.54736328125
2016-05-13,105.5,98.18438720703125
2016-05-16,106.81999969482422,99.4128646850586
2016-05-17,105.4800033569336,98.16578674316406
2016-05-18,105.86000061035156,98.51942443847656
2016-05-19,105.30999755859375,98.00755310058594
2016-05-20,106.47000122070312,99.08712768554688
2016-05-23,106.33000183105469,98.95686340332031
2016-05-24,108.45999908447266,100.93916320800781
2016-05-25,109.23999786376953,101.6650619506836
2016-05-26,109.55999755859375,101.96284484863281
2016-05-27,110.12999725341797,102.49333953857422
2016-05-31,110.33999633789062,102.68875122070312
2016-06-01,110.3499984741211,102.69810485839844
2016-06-02,110.58000183105469,102.9121322631836
2016-06-03,110.05999755859375,102.42819213867188
2016-06-06,110.45999908447266,102.80046081542969
2016-06-07,110.18000030517578,102.53988647460938
2016-06-08,110.37000274658203,102.71670532226562
2016-06-09,110.19000244140625,102.5491714477539
2016-06-10,108.94000244140625,101.38587188720703
2016-06-13,108.02999877929688,100.53895568847656
2016-06-14,108.02999877929688,100.53895568847656
2016-06-15,107.72000122070312,100.2504653930664
2016-06-16,108.04000091552734,100.54830169677734
2016-06-17,106.48999786376953,99.36970520019531
2016-06-20,107.16000366210938,99.99491119384766
2016-06-21,107.5,100.31217193603516
2016-06-22,107.23999786376953,100.06959533691406
2016-06-23,108.7699966430664,101.49726867675781
2016-06-24,104.29000091552734,97.31678771972656
2016-06-27,102.22000122070312,95.38522338867188
2016-06-28,104.45999908447266,97.47544860839844
2016-06-29,106.30999755859375,99.20174407958984
2016-06-30,107.54000091552734,100.34951782226562
2016-07-01,108.08000183105469,100.85340881347656
2016-07-05,107.41999816894531,100.237548828125
2016-07-06,108.30000305175781,101.05867767333984
2016-07-07,108.62000274658203,101.3573226928711
2016-07-08,110.30000305175781,102.92497253417969
2016-07-11,110.93000030517578,103.51286315917969
2016-07-12,111.48999786376953,104.035400390625
2016-07-13,111.22000122070312,103.78345489501953
2016-07-14,111.9800033569336,104.49263763427734
2016-07-15,111.80000305175781,104.32464599609375
2016-07-18,112.54000091552734,105.01519775390625
2016-07-19,112.12999725341797,104.63260650634766
2016-07-20,113.44000244140625,105.85501098632812
2016-07-21,113.18000030517578,105.6124038696289
2016-07-22,113.6500015258789,106.05096435546875
2016-07-25,113.66000366210938,106.06031799316406
2016-07-26,113.79000091552734,106.18160247802734
2016-07-27,114.58000183105469,106.91877746582031
2016-07-28,114.9800033569336,107.29204559326172
2016-07-29,115.2300033569336,107.52531433105469
2016-08-01,115.83999633789062,108.09453582763672
2016-08-02,114.95999908447266,107.27338409423828
2016-08-03,115.33999633789062,107.62798309326172
2016-08-04,115.66999816894531,107.9358901977539
2016-08-05,116.77999877929688,108.9717025756836
2016-08-08,116.6500015258789,108.85039520263672
2016-08-09,116.91999816894531,109.10232543945312
2016-08-10,116.62000274658203,108.82237243652344
2016-08-11,117.12000274658203,109.28895568847656
2016-08-12,117.19999694824219,109.36360168457031
2016-08-15,117.69999694824219,109.8302001953125
2016-08-16,117.05000305175781,109.22364044189453
2016-08-17,117.26000213623047,109.41960144042969
2016-08-18,117.29000091552734,109.44760131835938
2016-08-19,117.26000213623047,109.41960144042969
2016-08-22,117.3499984741211,109.50355529785156
2016-08-23,117.55999755859375,109.69954681396484
2016-08-24,116.80000305175781,108.99038696289062
2016-08-25,116.61000061035156,108.81306457519531
2016-08-26,116.77999877929688,108.9717025756836
2016-08-29,116.94000244140625,109.1209945678711
2016-08-30,116.55999755859375,108.76640319824219
2016-08-31,116.44000244140625,108.65442657470703
2016-09-01,116.73999786376953,108.9343490600586
2016-09-02,117.12000274658203,109.28895568847656
2016-09-06,117.8499984741211,109.97015380859375
2016-09-07,117.91999816894531,110.03546905517578
2016-09-08,117.2300033569336,109.39161682128906
2016-09-09,114.27999877929688,106.63887786865234
2016-09-12,116.33000183105469,108.55175018310547
2016-09-13,115.29000091552734,107.5813217163086
2016-09-14,115.83999633789062,108.09453582763672
2016-09-15,117.63999938964844,109.77418518066406
2016-09-16,117.29000091552734,109.72180938720703
2016-09-19,116.77999877929688,109.24470520019531
2016-09-20,117.0,109.45050811767578
2016-09-21,118.1500015258789,110.52632141113281
2016-09-22,119.08999633789062,111.40565490722656
2016-09-23,118.33000183105469,110.6947250366211
2016-09-26,117.33999633789062,109.76854705810547
2016-09-27,118.5,110.85371398925781
2016-09-28,118.69999694824219,111.04082489013672
2016-09-29,117.83999633789062,110.23631286621094
2016-09-30,118.72000122070312,111.05953216552734
2016-10-03,118.55000305175781,110.90048217773438
2016-10-04,118.37000274658203,110.73211669921875
2016-10-05,118.79000091552734,111.12503814697266
2016-10-06,118.7300033569336,111.06884002685547
2016-10-07,118.47000122070312,110.82568359375
2016-10-10,119.22000122070312,111.52726745605469
2016-10-11,117.5199966430664,109.93695831298828
2016-10-12,117.41999816894531,109.84341430664062
2016-10-13,117.0,109.45050811767578
2016-10-14,117.13999938964844,109.58149719238281
2016-10-17,116.81999969482422,109.28215026855469
2016-10-18,117.86000061035156,110.25501251220703
2016-10-19,117.8499984741211,110.24565887451172
2016-10-20,117.70999908447266,110.11470794677734
2016-10-21,118.1500015258789,110.52632141113281
2016-10-24,119.56999969482422,111.85469055175781
2016-10-25,119.19000244140625,111.49920654296875
2016-10-26,118.37999725341797,110.74148559570312
2016-10-27,117.83999633789062,110.23631286621094
2016-10-28,117.0999984741211,109.54407501220703
2016-10-31,116.98999786376953,109.44114685058594
2016-11-01,116.11000061035156,108.61795806884766
2016-11-02,115.18000030517578,107.74796295166016
2016-11-03,114.05000305175781,106.69085693359375
2016-11-04,113.6500015258789,106.31666564941406
2016-11-07,116.3499984741211,108.84245300292969
2016-11-08,117.11000061035156,109.55342102050781
2016-11-09,117.6500015258789,110.05858612060547
2016-11-10,115.75,108.28120422363281
2016-11-11,115.80000305175781,108.32796478271484
2016-11-14,114.62999725341797,107.23343658447266
2016-11-15,116.22000122070312,108.72086334228516
2016-11-16,116.91000366210938,109.36632537841797
2016-11-17,117.76000213623047,110.16150665283203
2016-11-18,117.31999969482422,109.7498779296875
2016-11-21,118.54000091552734,110.89118194580078
2016-11-22,118.9000015258789,111.22795867919922
2016-11-23,118.41999816894531,110.77889251708984
2016-11-25,118.80000305175781,111.13436889648438
2016-11-28,118.52999877929688,110.88177490234375
2016-11-29,118.94000244140625,111.26534271240234
2016-11-30,117.5,109.91825103759766
2016-12-01,115.47000122070312,108.01923370361328
2016-12-02,115.69999694824219,108.23441314697266
2016-12-05,116.5999984741211,109.07630920410156
2016-12-06,116.87999725341797,109.3382797241211
2016-12-07,118.36000061035156,110.7227783203125
2016-12-08,118.56999969482422,110.91921997070312
2016-12-09,119.5,111.78919982910156
2016-12-12,118.95999908447266,111.28401947021484
2016-12-13,120.45999908447266,112.68726348876953
2016-12-14,120.20999908447266,112.45337677001953
2016-12-15,120.4000015258789,112.63114929199219
2016-12-16,119.5999984741211,112.21360778808594
2016-12-19,120.08999633789062,112.67333984375
2016-12-20,120.55000305175781,113.10492706298828
2016-12-21,120.45999908447266,113.0205078125
2016-12-22,120.12000274658203,112.7015151977539
2016-12-23,120.19999694824219,112.77657318115234
2016-12-27,120.81999969482422,113.35826873779297
2016-12-28,119.87999725341797,112.47630310058594
2016-12-29,119.70999908447266,112.31682586669922
2016-12-30,118.4800033569336,111.16277313232422
2017-01-03,119.54000091552734,112.15731811523438
2017-01-04,120.19000244140625,112.76720428466797
2017-01-05,120.87000274658203,113.40518188476562
2017-01-06,121.93000030517578,114.39971923828125
2017-01-09,122.33000183105469,114.77500915527344
2017-01-10,122.5999984741211,115.0283203125
2017-01-11,122.93000030517578,115.33794403076172
2017-01-12,122.73999786376953,115.15968322753906
2017-01-13,123.16000366210938,115.55378723144531
2017-01-17,122.79000091552734,115.20659637451172
2017-01-18,123.04000091552734,115.441162109375
2017-01-19,122.9800033569336,115.38488006591797
2017-01-20,123.25,115.63818359375
2017-01-23,123.3499984741211,115.73200988769531
2017-01-24,124.18000030517578,116.5107650756836
2017-01-25,125.43000030517578,117.68357849121094
2017-01-26,125.55999755859375,117.80552673339844
2017-01-27,125.80000305175781,118.03071594238281
2017-01-30,124.81999969482422,117.1112289428711
2017-01-31,124.56999969482422,116.87664031982422
2017-02-01,125.43000030517578,117.68357849121094
2017-02-02,125.31999969482422,117.58033752441406
2017-02-03,125.68000030517578,117.9181137084961
2017-02-06,125.83000183105469,118.0588607788086
2017-02-07,126.29000091552734,118.490478515625
2017-02-08,126.5,118.68746948242188
2017-02-09,126.95999908447266,119.11906433105469
2017-02-10,127.37999725341797,119.51314544677734
2017-02-13,128.10000610351562,120.18866729736328
2017-02-14,128.52999877929688,120.59209442138672
2017-02-15,129.2899932861328,121.3051528930664
2017-02-16,129.25,121.26763153076172
2017-02-17,129.80999755859375,121.79305267333984
2017-02-21,130.4499969482422,122.3935317993164
2017-02-22,130.5,122.4404525756836
2017-02-23,130.00999450683594,121.9807357788086
2017-02-24,130.25999450683594,122.21527099609375
2017-02-27,130.4199981689453,122.36539459228516
2017-02-28,130.02000427246094,121.99008178710938
2017-03-01,131.44000244140625,123.32241821289062
2017-03-02,130.77999877929688,122.70314025878906
2017-03-03,131.02000427246094,122.92833709716797
2017-03-06,130.72999572753906,122.65623474121094
2017-03-07,130.50999450683594,122.44981384277344
2017-03-08,130.74000549316406,122.66565704345703
2017-03-09,130.83999633789062,122.75943756103516
2017-03-10,131.38999938964844,123.2754898071289
2017-03-13,131.61000061035156,123.48190307617188
2017-03-14,131.2899932861328,123.18164825439453
2017-03-15,132.10000610351562,123.941650390625
2017-03-16,132.00999450683594,123.857177734375
2017-03-17,131.69000244140625,123.8139419555664
2017-03-20,131.80999755859375,123.9267578125
2017-03-21,129.80999755859375,122.04637908935547
2017-03-22,130.69000244140625,122.87372589111328
2017-03-23,130.36000061035156,122.56352233886719
2017-03-24,130.6300048828125,122.81730651855469
2017-03-27,130.83999633789062,123.0147476196289
2017-03-28,131.63999938964844,123.76690673828125
2017-03-29,132.25,124.34041595458984
2017-03-30,132.47000122070312,124.54729461669922
2017-03-31,132.3800048828125,124.4626693725586
2017-04-03,132.3000030517578,124.38744354248047
2017-04-04,132.50999450683594,124.58486938476562
2017-04-05,131.97000122070312,124.07719421386719
2017-04-06,132.0399932861328,124.14299774169922
2017-04-07,131.97000122070312,124.07719421386719
2017-04-10,132.02000427246094,124.12419891357422
2017-04-11,131.4499969482422,123.58830261230469
2017-04-12,130.9199981689453,123.08997344970703
2017-04-13,130.39999389648438,122.60105895996094
2017-04-17,131.47999572753906,123.61650848388672
2017-04-18,131.27999877929688,123.42848205566406
2017-04-19,131.49000549316406,123.62591552734375
2017-04-20,132.58999633789062,124.66010284423828
2017-04-21,132.55999755859375,124.63191223144531
2017-04-24,134.16000366210938,126.13621520996094
2017-04-25,135.1300048828125,127.04821014404297
2017-04-26,134.94000244140625,126.86957550048828
2017-04-27,135.75,127.63114166259766
2017-04-28,135.99000549316406,127.85672760009766
2017-05-01,137.1999969482422,128.99440002441406
2017-05-02,137.42999267578125,129.21066284179688
2017-05-03,136.99000549316406,128.79696655273438
2017-05-04,137.0399932861328,128.84393310546875
2017-05-05,137.5399932861328,129.31405639648438
2017-05-08,137.83999633789062,129.59608459472656
2017-05-09,138.32000732421875,130.0474090576172
2017-05-10,138.39999389648438,130.1226348876953
2017-05-11,138.2899932861328,130.01922607421875
2017-05-12,138.60000610351562,130.31065368652344
2017-05-15,139.0399932861328,130.72434997558594
2017-05-16,139.6199951171875,131.26968383789062
2017-05-17,136.07000732421875,127.93194580078125
2017-05-18,137.25999450683594,129.0508270263672
2017-05-19,137.83999633789062,129.59608459472656
2017-05-22,139.0,130.6867218017578
2017-05-23,139.13999938964844,130.81838989257812
2017-05-24,139.77999877929688,131.4200439453125
2017-05-25,140.97000122070312,132.5389404296875
2017-05-26,141.22000122070312,132.77394104003906
2017-05-30,141.33999633789062,132.8867645263672
2017-05-31,141.2899932861328,132.8397979736328
2017-06-01,141.83999633789062,133.35687255859375
2017-06-02,143.4600067138672,134.88002014160156
2017-06-05,143.42999267578125,134.85179138183594
2017-06-06,142.86000061035156,134.31590270996094
2017-06-07,143.4199981689453,134.84237670898438
2017-06-08,143.57000732421875,134.9834442138672
2017-06-09,139.97999572753906,131.60812377929688
2017-06-12,139.22999572753906,130.90296936035156
2017-06-13,140.36000061035156,131.96539306640625
2017-06-14,139.75,131.3918914794922
2017-06-15,139.1300048828125,130.80894470214844
2017-06-16,138.14999389648438,130.2414093017578
2017-06-19,140.4600067138672,132.41915893554688
2017-06-20,139.36000061035156,131.3821563720703
2017-06-21,140.74000549316406,132.6831512451172
2017-06-22,140.6999969482422,132.64547729492188
2017-06-23,141.24000549316406,133.154541015625
2017-06-26,140.5800018310547,132.53233337402344
2017-06-27,138.02999877929688,130.12828063964844
2017-06-28,140.02000427246094,132.00436401367188
2017-06-29,137.58999633789062,129.7134552001953
2017-06-30,137.63999938964844,129.76065063476562
2017-07-03,136.19000244140625,128.39364624023438
2017-07-05,137.52999877929688,129.65692138671875
2017-07-06,136.2899932861328,128.4878692626953
2017-07-07,137.75999450683594,129.87376403808594
2017-07-10,138.66000366210938,130.72227478027344
2017-07-11,139.0500030517578,131.0899200439453
2017-07-12,140.6999969482422,132.64547729492188
2017-07-13,141.00999450683594,132.93765258789062
2017-07-14,142.1199951171875,133.98414611816406
2017-07-17,142.19000244140625,134.05014038085938
2017-07-18,143.13999938964844,134.94570922851562
2017-07-19,143.97999572753906,135.73770141601562
2017-07-20,144.1699981689453,135.9168243408203
2017-07-21,144.11000061035156,135.8602294921875
2017-07-24,144.77000427246094,136.4824981689453
2017-07-25,144.39999389648438,136.1336212158203
2017-07-26,144.8699951171875,136.57676696777344
2017-07-27,143.9600067138672,135.7188262939453
2017-07-28,143.83999633789062,135.60569763183594
2017-07-31,143.22999572753906,135.0306396484375
2017-08-01,143.55999755859375,135.34173583984375
2017-08-02,143.9499969482422,135.70941162109375
2017-08-03,143.38999938964844,135.181396484375
2017-08-04,143.64999389648438,135.4265594482422
2017-08-07,144.55999755859375,136.28448486328125
2017-08-08,144.30999755859375,136.04881286621094
2017-08-09,144.1199951171875,135.86965942382812
2017-08-10,141.02999877929688,132.95660400390625
2017-08-11,142.10000610351562,133.96534729003906
2017-08-14,143.92999267578125,135.69052124023438
2017-08-15,144.02999877929688,135.78482055664062
2017-08-16,144.27999877929688,136.0205078125
2017-08-17,141.3300018310547,133.2394561767578
2017-08-18,141.22999572753906,133.1451416015625
2017-08-21,141.0500030517578,132.9753875732422
2017-08-22,143.1999969482422,135.00234985351562
2017-08-23,142.69000244140625,134.5215606689453
2017-08-24,142.27000427246094,134.1255645751953
2017-08-25,141.97000122070312,133.84274291992188
2017-08-28,142.41000366210938,134.257568359375
2017-08-29,142.97000122070312,134.7855224609375
2017-08-30,144.64999389648438,136.36927795410156
2017-08-31,146.1999969482422,137.83058166503906
2017-09-01,146.0,137.6420440673828
2017-09-05,144.69000244140625,136.4070587158203
2017-09-06,145.1300048828125,136.82179260253906
2017-09-07,145.47000122070312,137.14239501953125
2017-09-08,144.2100067138672,135.95449829101562
2017-09-11,145.8699951171875,137.51950073242188
2017-09-12,146.22000122070312,137.84947204589844
2017-09-13,146.4199981689453,138.0380096435547
2017-09-14,145.55999755859375,137.22723388671875
2017-09-15,146.05999755859375,137.69862365722656
2017-09-18,145.5500030517578,137.51812744140625
2017-09-19,145.8000030517578,137.75433349609375
2017-09-20,145.35000610351562,137.3292236328125
2017-09-21,144.4600067138672,136.4883270263672
2017-09-22,144.32000732421875,136.35601806640625
2017-09-25,142.8000030517578,134.91990661621094
2017-09-26,143.1699981689453,135.26951599121094
2017-09-27,144.4600067138672,136.4883270263672
2017-09-28,144.41000366210938,136.4410858154297
2017-09-29,145.4499969482422,137.42367553710938
2017-10-02,145.5800018310547,137.54649353027344
2017-10-03,145.88999938964844,137.83938598632812
2017-10-04,146.02999877929688,137.9716796875
2017-10-05,147.4600067138672,139.32273864746094
2017-10-06,147.66000366210938,139.51174926757812
2017-10-09,147.49000549316406,139.35110473632812
2017-10-10,147.60000610351562,139.45504760742188
2017-10-11,148.0399932861328,139.87074279785156
2017-10-12,147.77000427246094,139.61563110351562
2017-10-13,148.33999633789062,140.15415954589844
2017-10-16,148.85000610351562,140.63604736328125
2017-10-17,149.0399932861328,140.81561279296875
2017-10-18,148.86000061035156,140.64549255371094
2017-10-19,148.30999755859375,140.12583923339844
2017-10-20,148.7100067138672,140.50379943847656
2017-10-23,147.74000549316406,139.58729553222656
2017-10-24,147.99000549316406,139.82345581054688
2017-10-25,147.42999267578125,139.2943572998047
2017-10-26,146.9600067138672,138.850341796875
2017-10-27,151.24000549316406,142.8941650390625
2017-10-30,151.5800018310547,143.21539306640625
2017-10-31,152.14999389648438,143.75396728515625
2017-11-01,152.10000610351562,143.7067413330078
2017-11-02,151.80999755859375,143.43270874023438
2017-11-03,153.27000427246094,144.8121795654297
2017-11-06,153.7899932861328,145.3034210205078
2017-11-07,153.8800048828125,145.3884735107422
2017-11-08,154.5,145.9742889404297
2017-11-09,153.69000244140625,145.20892333984375
2017-11-10,153.67999267578125,145.19947814941406
2017-11-13,153.8699951171875,145.3789825439453
2017-11-14,153.30999755859375,144.8499298095703
2017-11-15,152.58999633789062,144.16961669921875
2017-11-16,154.5399932861328,146.0120086669922
2017-11-17,153.9499969482422,145.45465087890625
2017-11-20,153.8300018310547,145.3412322998047
2017-11-21,155.5,146.91908264160156
2017-11-22,155.69000244140625,147.09857177734375
2017-11-24,156.25999450683594,147.6371307373047
2017-11-27,156.19000244140625,147.57102966308594
2017-11-28,156.58999633789062,147.9489288330078
2017-11-29,153.86000061035156,145.3695831298828
2017-11-30,155.14999389648438,146.58834838867188
2017-12-01,154.49000549316406,145.96481323242188
2017-12-04,152.7100067138672,144.28309631347656
2017-12-05,152.80999755859375,144.37753295898438
2017-12-06,153.5,145.02944946289062
2017-12-07,154.02000427246094,145.52073669433594
2017-12-08,154.6999969482422,146.16326904296875
2017-12-11,155.89999389648438,147.29696655273438
2017-12-12,155.69000244140625,147.09857177734375
2017-12-13,155.99000549316406,147.38209533691406
2017-12-14,155.8800048828125,147.2781524658203
2017-12-15,157.64999389648438,148.95040893554688
2017-12-18,158.63999938964844,150.1992645263672
2017-12-19,157.6999969482422,149.30929565429688
2017-12-20,157.52999877929688,149.14833068847656
2017-12-21,157.5500030517578,149.16722106933594
2017-12-22,157.3699951171875,148.99681091308594
2017-12-26,156.52000427246094,148.19210815429688
2017-12-27,156.5399932861328,148.21102905273438
2017-12-28,156.72999572753906,148.390869140625
2017-12-29,155.75999450683594,147.47247314453125
2018-01-02,158.49000549316406,150.05728149414062
2018-01-03,160.02999877929688,151.5152587890625
2018-01-04,160.30999755859375,151.78041076660156
2018-01-05,161.9199981689453,153.30470275878906
2018-01-08,162.5500030517578,153.9011993408203
2018-01-09,162.55999755859375,153.91065979003906
2018-01-10,162.17999267578125,153.55087280273438
2018-01-11,163.2899932861328,154.60183715820312
2018-01-12,164.49000549316406,155.738037109375
2018-01-16,164.02000427246094,155.29302978515625
2018-01-17,165.7899932861328,156.9688262939453
2018-01-18,165.82000732421875,156.9972381591797
2018-01-19,166.33999633789062,157.4895477294922
2018-01-22,168.1199951171875,159.1748504638672
2018-01-23,169.50999450683594,160.4908905029297
2018-01-24,168.41000366210938,159.4494171142578
2018-01-25,168.35000610351562,159.39263916015625
2018-01-26,170.92999267578125,161.83529663085938
2018-01-29,170.10000610351562,161.0495147705078
2018-01-30,168.6999969482422,159.72402954101562
2018-01-31,169.39999389648438,160.38670349121094
2018-02-01,167.9600067138672,159.02334594726562
2018-02-02,164.61000061035156,155.8516082763672
2018-02-05,158.1199951171875,149.7069091796875
2018-02-06,162.30999755859375,153.6739959716797
2018-02-07,160.2100067138672,151.68572998046875
2018-02-08,153.4499969482422,145.28538513183594
2018-02-09,156.10000610351562,147.79443359375
2018-02-12,158.8699951171875,150.41700744628906
2018-02-13,159.69000244140625,151.1934051513672
2018-02-14,162.67999267578125,154.0242919921875
2018-02-15,165.6999969482422,156.88360595703125
2018-02-16,164.9600067138672,156.18299865722656
2018-02-20,165.2899932861328,156.49545288085938
2018-02-21,164.82000732421875,156.05044555664062
2018-02-22,164.8000030517578,156.031494140625
2018-02-23,168.1699981689453,159.22222900390625
2018-02-26,170.39999389648438,161.3335418701172
2018-02-27,168.2899932861328,159.33583068847656
2018-02-28,167.2100067138672,158.31324768066406
2018-03-01,164.47999572753906,155.72854614257812
2018-03-02,165.99000549316406,157.15817260742188
2018-03-05,167.8300018310547,158.90028381347656
2018-03-06,168.5399932861328,159.57249450683594
2018-03-07,168.92999267578125,159.9417724609375
2018-03-08,169.86000061035156,160.82229614257812
2018-03-09,173.16000366210938,163.9467315673828
2018-03-12,174.0800018310547,164.81781005859375
2018-03-13,171.7100067138672,162.5738525390625
2018-03-14,171.67999267578125,162.5454559326172
2018-03-15,171.52999877929688,162.4034423828125
2018-03-16,171.02000427246094,161.9205322265625
2018-03-19,167.10000610351562,158.4657745361328
2018-03-20,167.64999389648438,158.9873809814453
2018-03-21,166.9199981689453,158.29507446289062
2018-03-22,162.8000030517578,154.38800048828125
2018-03-23,158.50999450683594,150.31964111328125
2018-03-26,164.39999389648438,155.90528869628906
2018-03-27,159.0800018310547,150.8602294921875
2018-03-28,157.25,149.12474060058594
2018-03-29,160.1300048828125,151.85598754882812
2018-04-02,155.50999450683594,147.4746856689453
2018-04-03,157.25999450683594,149.13421630859375
2018-04-04,159.74000549316406,151.48611450195312
2018-04-05,160.64999389648438,152.34909057617188
2018-04-06,156.6300048828125,148.53677368164062
2018-04-09,157.72999572753906,149.57992553710938
2018-04-10,161.2100067138672,152.880126953125
2018-04-11,160.27999877929688,151.99818420410156
2018-04-12,162.2100067138672,153.82846069335938
2018-04-13,161.3699951171875,153.03189086914062
2018-04-16,162.60000610351562,154.19833374023438
2018-04-17,166.10000610351562,157.5174560546875
2018-04-18,166.44000244140625,157.83990478515625
2018-04-19,164.91000366210938,156.38894653320312
2018-04-20,162.3000030517578,153.913818359375
2018-04-23,161.88999938964844,153.52500915527344
2018-04-24,158.4600067138672,150.27220153808594
2018-04-25,158.64999389648438,150.4524383544922
2018-04-26,161.99000549316406,153.61985778808594
2018-04-27,162.08999633789062,153.7146759033203
2018-04-30,160.94000244140625,152.62408447265625
2018-05-01,162.77999877929688,154.36903381347656
2018-05-02,161.82000732421875,153.45860290527344
2018-05-03,161.8000030517578,153.4396209716797
2018-05-04,164.8699951171875,156.3509979248047
2018-05-07,166.24000549316406,157.65025329589844
2018-05-08,166.07000732421875,157.48902893066406
2018-05-09,167.8800048828125,159.2054901123047
2018-05-10,169.6199951171875,160.85556030273438
2018-05-11,169.4600067138672,160.70387268066406
2018-05-14,169.75,160.97886657714844
2018-05-15,167.8699951171875,159.1959686279297
2018-05-16,168.97999572753906,160.2486572265625
2018-05-17,168.3300018310547,159.63217163085938
2018-05-18,167.4600067138672,158.80723571777344
2018-05-21,168.39999389648438,159.69862365722656
2018-05-22,168.17999267578125,159.49000549316406
2018-05-23,169.60000610351562,160.83663940429688
2018-05-24,169.5500030517578,160.7892303466797
2018-05-25,169.72000122070312,160.950439453125
2018-05-29,168.97000122070312,160.2391815185547
2018-05-30,170.17999267578125,161.3866424560547
2018-05-31,170.07000732421875,161.2823486328125
2018-06-01,172.74000549316406,163.81443786621094
2018-06-04,174.3000030517578,165.29379272460938
2018-06-05,174.83999633789062,165.80584716796875
2018-06-06,175.86000061035156,166.77317810058594
2018-06-07,174.42999267578125,165.4170379638672
2018-06-08,174.44000244140625,165.4265899658203
2018-06-11,174.91000366210938,165.87222290039062
2018-06-12,175.8300018310547,166.74472045898438
2018-06-13,175.82000732421875,166.73524475097656
2018-06-14,177.60000610351562,168.4232635498047
2018-06-15,176.97999572753906,167.8352813720703
2018-06-18,176.5,167.73834228515625
2018-06-19,176.0,167.26315307617188
2018-06-20,177.25,168.45111083984375
2018-06-21,175.7100067138672,166.9875946044922
2018-06-22,175.32000732421875,166.6168975830078
2018-06-25,171.3699951171875,162.86300659179688
2018-06-26,172.07000732421875,163.52828979492188
2018-06-27,169.72999572753906,161.3043975830078
2018-06-28,171.19000244140625,162.69192504882812
2018-06-29,171.64999389648438,163.12908935546875
2018-07-02,172.8000030517578,164.22201538085938
2018-07-03,170.8000030517578,162.3212890625
2018-07-05,172.9199981689453,164.3360595703125
2018-07-06,175.61000061035156,166.8925018310547
2018-07-09,177.19000244140625,168.39407348632812
2018-07-10,177.32000732421875,168.51768493652344
2018-07-11,176.4199981689453,167.662353515625
2018-07-12,179.4600067138672,170.55140686035156
2018-07-13,179.61000061035156,170.69390869140625
2018-07-16,179.17999267578125,170.28533935546875
2018-07-17,180.27000427246094,171.3212432861328
2018-07-18,179.92999267578125,170.99801635742188
2018-07-19,179.02999877929688,170.14276123046875
2018-07-20,178.99000549316406,170.10472106933594
2018-07-23,179.55999755859375,170.64642333984375
2018-07-24,180.3000030517578,171.34970092773438
2018-07-25,182.82000732421875,173.74459838867188
2018-07-26,180.0500030517578,171.11212158203125
2018-07-27,177.6199951171875,168.80276489257812
2018-07-30,175.11000061035156,166.41738891601562
2018-07-31,176.4499969482422,167.6908416748047
2018-08-01,177.1199951171875,168.32757568359375
2018-08-02,179.52999877929688,170.61795043945312
2018-08-03,180.0800018310547,171.14060974121094
2018-08-06,181.13999938964844,172.14801025390625
2018-08-07,181.8000030517578,172.7752227783203
2018-08-08,182.02000427246094,172.98434448242188
2018-08-09,181.91000366210938,172.87977600097656
2018-08-10,180.52000427246094,171.5587921142578
2018-08-13,180.32000732421875,171.3686981201172
2018-08-14,181.4499969482422,172.442626953125
2018-08-15,179.22999572753906,170.3328094482422
2018-08-16,179.82000732421875,170.8935546875
2018-08-17,179.86000061035156,170.93154907226562
2018-08-20,179.6999969482422,170.7794952392578
2018-08-21,180.36000061035156,171.40672302246094
2018-08-22,181.05999755859375,172.072021484375
2018-08-23,180.8000030517578,171.82492065429688
2018-08-24,182.47999572753906,173.42149353027344
2018-08-27,184.33999633789062,175.18919372558594
2018-08-28,184.61000061035156,175.44573974609375
2018-08-29,186.74000549316406,177.47000122070312
2018-08-30,186.41000366210938,177.15635681152344
2018-08-31,186.64999389648438,177.38450622558594
2018-09-04,185.85000610351562,176.62420654296875
2018-09-05,183.4499969482422,174.3433837890625
2018-09-06,181.80999755859375,172.78475952148438
2018-09-07,181.11000061035156,172.1195068359375
2018-09-10,181.72000122070312,172.69921875
2018-09-11,183.1199951171875,174.0297088623047
2018-09-12,182.5800018310547,173.5165252685547
2018-09-13,184.52999877929688,175.36972045898438
2018-09-14,183.99000549316406,174.85655212402344
2018-09-17,181.33999633789062,172.3380889892578
2018-09-18,182.83999633789062,173.76361083984375
2018-09-19,182.6999969482422,173.6305694580078
2018-09-20,184.72000122070312,175.55026245117188
2018-09-21,183.7100067138672,174.59046936035156
2018-09-24,183.88999938964844,175.07598876953125
2018-09-25,184.13999938964844,175.3140411376953
2018-09-26,184.27000427246094,175.43777465820312
2018-09-27,185.8300018310547,176.92300415039062
2018-09-28,185.7899932861328,176.8848876953125
2018-10-01,186.1699981689453,177.24673461914062
2018-10-02,185.75,176.84686279296875
2018-10-03,185.9499969482422,177.03721618652344
2018-10-04,182.3800048828125,173.63836669921875
2018-10-05,180.14999389648438,171.51522827148438
2018-10-08,179.0500030517578,170.46795654296875
2018-10-09,179.6300048828125,171.02020263671875
2018-10-10,171.72999572753906,163.49880981445312
2018-10-11,169.60000610351562,161.470947265625
2018-10-12,174.32000732421875,165.96470642089844
2018-10-15,172.2100067138672,163.9558563232422
2018-10-16,177.22000122070312,168.72573852539062
2018-10-17,177.2899932861328,168.7923583984375
2018-10-18,173.17999267578125,164.8793487548828
2018-10-19,173.02000427246094,164.7270050048828
2018-10-22,173.91000366210938,165.57437133789062
2018-10-23,173.27000427246094,164.96502685546875
2018-10-24,165.33999633789062,157.4151153564453
2018-10-25,171.05999755859375,162.86094665527344
2018-10-26,166.66000366210938,158.671875
2018-10-29,163.22999572753906,155.40623474121094
2018-10-30,165.9199981689453,157.96731567382812
2018-10-31,169.82000732421875,161.68040466308594
2018-11-01,172.05999755859375,163.81301879882812
2018-11-02,169.3800048828125,161.26144409179688
2018-11-05,168.9600067138672,160.86158752441406
2018-11-06,170.24000549316406,162.08030700683594
2018-11-07,175.5800018310547,167.16429138183594
2018-11-08,174.4600067138672,166.0980224609375
2018-11-09,171.52000427246094,163.2988739013672
2018-11-12,166.3300018310547,158.35765075683594
2018-11-13,166.47000122070312,158.49090576171875
2018-11-14,165.1999969482422,157.28179931640625
2018-11-15,168.08999633789062,160.03326416015625
2018-11-16,167.5,159.47158813476562
2018-11-19,162.05999755859375,154.29237365722656
2018-11-20,159.16000366210938,151.53131103515625
2018-11-21,160.3699951171875,152.68333435058594
2018-11-23,159.2100067138672,151.5789031982422
2018-11-26,162.88999938964844,155.08251953125
2018-11-27,163.44000244140625,155.60618591308594
2018-11-28,168.6999969482422,160.61407470703125
2018-11-29,168.14999389648438,160.0904083251953
2018-11-30,169.3699951171875,161.251953125
2018-12-03,172.3300018310547,164.0700225830078
2018-12-04,165.72000122070312,157.7769012451172
2018-12-06,166.88999938964844,158.8908233642578
2018-12-07,161.3800048828125,153.6449432373047
2018-12-10,163.07000732421875,155.25392150878906
2018-12-11,163.61000061035156,155.7680206298828
2018-12-12,165.0500030517578,157.13902282714844
2018-12-13,165.10000610351562,157.18661499023438
2018-12-14,161.0800018310547,153.35931396484375
2018-12-17,157.42999267578125,149.8842010498047
2018-12-18,158.4199981689453,150.82681274414062
2018-12-19,154.52999877929688,147.12327575683594
2018-12-20,152.2899932861328,144.99057006835938
2018-12-21,147.57000732421875,140.4968719482422
2018-12-24,143.5,137.01278686523438
2018-12-26,152.4600067138672,145.56781005859375
2018-12-27,153.0500030517578,146.13108825683594
2018-12-28,152.97000122070312,146.05470275878906
2018-12-31,154.25999450683594,147.28636169433594
2019-01-02,154.8800048828125,147.8783416748047
2019-01-03,149.82000732421875,143.04713439941406
2019-01-04,156.22999572753906,149.16726684570312
2019-01-07,158.08999633789062,150.94322204589844
2019-01-08,159.52000427246094,152.30856323242188
2019-01-09,160.82000732421875,153.5498046875
2019-01-10,161.27999877929688,153.98902893066406
2019-01-11,160.69000244140625,153.4257049560547
2019-01-14,159.27000427246094,152.06988525390625
2019-01-15,162.3800048828125,155.03929138183594
2019-01-16,162.35000610351562,155.01063537597656
2019-01-17,163.6300048828125,156.23280334472656
2019-01-18,165.25,157.77955627441406
2019-01-22,161.94000244140625,154.61917114257812
2019-01-23,162.14999389648438,154.81967163085938
2019-01-24,163.1999969482422,155.82220458984375
2019-01-25,165.14999389648438,157.68408203125
2019-01-28,163.11000061035156,155.73629760742188
2019-01-29,161.57000732421875,154.2659149169922
2019-01-30,165.67999267578125,158.19007873535156
2019-01-31,168.16000366210938,160.55799865722656
2019-02-01,167.4499969482422,159.8800811767578
2019-02-04,169.52999877929688,161.86610412597656
2019-02-05,171.02999877929688,163.29827880859375
2019-02-06,170.52000427246094,162.8113250732422
2019-02-07,168.22999572753906,160.62481689453125
2019-02-08,168.55999755859375,160.93994140625
2019-02-11,168.39999389648438,160.787109375
2019-02-12,170.88999938964844,163.16458129882812
2019-02-13,171.00999450683594,163.2791290283203
2019-02-14,171.22000122070312,163.47967529296875
2019-02-15,171.94000244140625,164.16712951660156
2019-02-19,172.27999877929688,164.49172973632812
2019-02-20,172.25,164.4630889892578
2019-02-21,171.6199951171875,163.86158752441406
2019-02-22,172.88999938964844,165.07415771484375
2019-02-25,173.52000427246094,165.67572021484375
2019-02-26,173.6999969482422,165.8475341796875
2019-02-27,173.58999633789062,165.7425079345703
2019-02-28,173.19000244140625,165.360595703125
2019-03-01,174.38999938964844,166.50636291503906
2019-03-04,174.4199981689453,166.53497314453125
2019-03-05,174.5500030517578,166.65911865234375
2019-03-06,173.55999755859375,165.7138671875
2019-03-07,171.42999267578125,163.68014526367188
2019-03-08,171.1699981689453,163.43191528320312
2019-03-11,174.72999572753906,166.8309783935547
2019-03-12,175.69000244140625,167.74757385253906
2019-03-13,177.00999450683594,169.0078887939453
2019-03-14,176.7100067138672,168.72146606445312
2019-03-15,178.35000610351562,170.28732299804688
2019-03-18,178.4499969482422,170.69290161132812
2019-03-19,179.0500030517578,171.2667999267578
2019-03-20,179.75999450683594,171.94593811035156
2019-03-21,182.57000732421875,174.63380432128906
2019-03-22,178.55999755859375,170.7981414794922
2019-03-25,178.22000122070312,170.47293090820312
2019-03-26,179.0500030517578,171.2667999267578
2019-03-27,177.89999389648438,170.16676330566406
2019-03-28,178.30999755859375,170.5589599609375
2019-03-29,179.66000366210938,171.8502960205078
2019-04-01,182.0399932861328,174.12684631347656
2019-04-02,182.72999572753906,174.78683471679688
2019-04-03,183.77999877929688,175.79119873046875
2019-04-04,183.7100067138672,175.72425842285156
2019-04-05,184.66000366210938,176.6329345703125
2019-04-08,185.1300048828125,177.08255004882812
2019-04-09,184.47999572753906,176.46072387695312
2019-04-10,185.47000122070312,177.4077606201172
2019-04-11,185.02999877929688,176.98687744140625
2019-04-12,185.8300018310547,177.7521209716797
2019-04-15,185.86000061035156,177.78076171875
2019-04-16,186.5,178.3929901123047
2019-04-17,187.14999389648438,179.0147247314453
2019-04-18,187.38999938964844,179.24429321289062
2019-04-22,187.9199981689453,179.75123596191406
2019-04-23,190.30999755859375,182.037353515625
2019-04-24,189.7100067138672,181.46343994140625
2019-04-25,190.47999572753906,182.19998168945312
2019-04-26,190.64999389648438,182.36253356933594
2019-04-29,191.02000427246094,182.71649169921875
2019-04-30,189.5399932861328,181.30078125
2019-05-01,188.92999267578125,180.7173614501953
2019-05-02,188.11000061035156,179.93301391601562
2019-05-03,191.11000061035156,182.8026123046875
2019-05-06,189.94000244140625,181.68345642089844
2019-05-07,186.24000549316406,178.14430236816406
2019-05-08,185.77000427246094,177.69471740722656
2019-05-09,184.77000427246094,176.7382049560547
2019-05-10,185.0,176.95822143554688
2019-05-13,178.5800018310547,170.8172607421875
2019-05-14,180.5399932861328,172.69204711914062
2019-05-15,183.08999633789062,175.13121032714844
2019-05-16,184.92999267578125,176.89122009277344
2019-05-17,183.0399932861328,175.0833740234375
2019-05-20,179.9499969482422,172.127685546875
2019-05-21,181.8300018310547,173.92601013183594
2019-05-22,181.02000427246094,173.15118408203125
2019-05-23,178.25,170.5016326904297
2019-05-24,178.16000366210938,170.4154510498047
2019-05-28,177.49000549316406,169.77464294433594
2019-05-29,176.02999877929688,168.37808227539062
2019-05-30,176.77000427246094,169.08592224121094
2019-05-31,173.9499969482422,166.38851928710938
2019-06-03,170.1199951171875,162.72500610351562
2019-06-04,174.91000366210938,167.30677795410156
2019-06-05,176.2100067138672,168.55026245117188
2019-06-06,177.61000061035156,169.88938903808594
2019-06-07,181.0399932861328,173.1702423095703
2019-06-10,183.14999389648438,175.1885528564453
2019-06-11,183.39999389648438,175.42771911621094
2019-06-12,182.33999633789062,174.413818359375
2019-06-13,183.4199981689453,175.44683837890625
2019-06-14,182.63999938964844,174.70077514648438
2019-06-17,183.74000549316406,175.75299072265625
2019-06-18,186.41000366210938,178.306884765625
2019-06-19,187.11000061035156,178.97645568847656
2019-06-20,188.85000610351562,180.64083862304688
2019-06-21,188.57000732421875,180.37295532226562
2019-06-24,188.16000366210938,180.3787384033203
2019-06-25,184.92999267578125,177.28233337402344
2019-06-26,185.7899932861328,178.1067657470703
2019-06-27,186.5,178.78741455078125
2019-06-28,186.74000549316406,179.0175018310547
2019-07-01,189.25999450683594,181.43324279785156
2019-07-02,190.00999450683594,182.1522674560547
2019-07-03,191.44000244140625,183.52310180664062
2019-07-05,191.0500030517578,183.14923095703125
2019-07-08,189.7100067138672,181.86463928222656
2019-07-09,190.66000366210938,182.7753448486328
2019-07-10,192.55999755859375,184.59674072265625
2019-07-11,192.4199981689453,184.46253967285156
2019-07-12,193.52999877929688,185.52664184570312
2019-07-15,194.14999389648438,186.1210174560547
2019-07-16,193.14999389648438,185.162353515625
2019-07-17,192.1999969482422,184.25167846679688
2019-07-18,192.4199981689453,184.46253967285156
2019-07-19,191.00999450683594,183.1108856201172
2019-07-22,192.52999877929688,184.56800842285156
2019-07-23,193.7899932861328,185.77590942382812
2019-07-24,195.14999389648438,187.0796356201172
2019-07-25,193.3000030517578,185.3061981201172
2019-07-26,195.2899932861328,187.21388244628906
2019-07-29,194.6199951171875,186.5715789794922
2019-07-30,193.77999877929688,185.7663116455078
2019-07-31,191.10000610351562,183.1971893310547
2019-08-01,190.14999389648438,182.28646850585938
2019-08-02,187.35000610351562,179.6022186279297
2019-08-05,180.72999572753906,173.25596618652344
2019-08-06,183.25999450683594,175.68138122558594
2019-08-07,184.25,176.6304168701172
2019-08-08,188.25999450683594,180.47457885742188
2019-08-09,186.49000549316406,178.7777862548828
2019-08-12,184.35000610351562,176.72630310058594
2019-08-13,188.38999938964844,180.59921264648438
2019-08-14,182.75999450683594,175.20205688476562
2019-08-15,182.5500030517578,175.00076293945312
2019-08-16,185.47999572753906,177.80955505371094
2019-08-19,188.42999267578125,180.6375732421875
2019-08-20,186.97000122070312,179.2379150390625
2019-08-21,188.6300048828125,180.8292999267578
2019-08-22,188.02000427246094,180.24453735351562
2019-08-23,182.07000732421875,174.5406036376953
2019-08-26,184.82000732421875,177.17689514160156
2019-08-27,184.42999267578125,176.80300903320312
2019-08-28,185.08999633789062,177.43568420410156
2019-08-29,187.9199981689453,180.14865112304688
2019-08-30,187.47000122070312,179.71731567382812
2019-09-03,185.64999389648438,177.97254943847656
2019-09-04,188.3300018310547,180.5417022705078
2019-09-05,191.77999877929688,183.84901428222656
2019-09-06,191.58999633789062,183.66688537597656
2019-09-09,191.19000244140625,183.28343200683594
2019-09-10,190.63999938964844,182.7561798095703
2019-09-11,192.42999267578125,184.47213745117188
2019-09-12,193.22999572753906,185.23907470703125
2019-09-13,192.5399932861328,184.57763671875
2019-09-16,191.67999267578125,183.753173828125
2019-09-17,192.60000610351562,184.63516235351562
2019-09-18,192.52000427246094,184.5583953857422
2019-09-19,192.83999633789062,184.865234375
2019-09-20,190.8000030517578,182.90957641601562
2019-09-23,190.5,182.99026489257812
2019-09-24,187.97000122070312,180.55996704101562
2019-09-25,190.0800018310547,182.5868377685547
2019-09-26,189.3800048828125,181.91444396972656
2019-09-27,187.02999877929688,179.65704345703125
2019-09-30,188.80999755859375,181.3668670654297
2019-10-01,187.27000427246094,179.8875732421875
2019-10-02,184.0500030517578,176.7945556640625
2019-10-03,186.07000732421875,178.73487854003906
2019-10-04,188.80999755859375,181.3668670654297
2019-10-07,188.24000549316406,180.81930541992188
2019-10-08,185.4199981689453,178.11045837402344
2019-10-09,187.22999572753906,179.84910583496094
2019-10-10,188.67999267578125,181.24195861816406
2019-10-11,191.11000061035156,183.57620239257812
2019-10-14,191.08999633789062,183.5570068359375
2019-10-15,193.52000427246094,185.89120483398438
2019-10-16,193.0399932861328,185.43008422851562
2019-10-17,193.5500030517578,185.9200439453125
2019-10-18,191.69000244140625,184.13336181640625
2019-10-21,193.38999938964844,185.7663116455078
2019-10-22,191.85000610351562,184.28700256347656
2019-10-23,192.22000122070312,184.64244079589844
2019-10-24,194.08999633789062,186.438720703125
2019-10-25,195.63999938964844,187.9276580810547
2019-10-28,197.57000732421875,189.7815399169922
2019-10-29,196.0399932861328,188.3118438720703
2019-10-30,196.99000549316406,189.22442626953125
2019-10-31,197.0800018310547,189.31089782714844
2019-11-01,198.8699951171875,191.03030395507812
2019-11-04,200.10000610351562,192.2118377685547
2019-11-05,200.2100067138672,192.31748962402344
2019-11-06,199.75999450683594,191.88523864746094
2019-11-07,200.42999267578125,192.5287628173828
2019-11-08,201.22999572753906,193.29727172851562
2019-11-11,200.9600067138672,193.03793334960938
2019-11-12,201.5399932861328,193.59506225585938
2019-11-13,201.58999633789062,193.64306640625
2019-11-14,201.42999267578125,193.48931884765625
2019-11-15,202.91000366210938,194.9110565185547
2019-11-18,203.07000732421875,195.06468200683594
2019-11-19,203.3699951171875,195.3529052734375
2019-11-20,202.14999389648438,194.1809844970703
2019-11-21,201.6999969482422,193.7487335205078
2019-11-22,201.8300018310547,193.8736114501953
2019-11-25,204.22000122070312,196.16937255859375
2019-11-26,204.61000061035156,196.54400634765625
2019-11-27,206.0399932861328,197.91761779785156
2019-11-29,205.10000610351562,197.0147247314453
2019-12-02,203.0,194.99745178222656
2019-12-03,201.41000366210938,193.47021484375
2019-12-04,202.42999267578125,194.449951171875
2019-12-05,202.8300018310547,194.83416748046875
2019-12-06,205.0,196.91864013671875
2019-12-09,204.07000732421875,196.0253143310547
2019-12-10,203.89999389648438,195.8620147705078
2019-12-11,204.97999572753906,196.89939880371094
2019-12-12,206.50999450683594,198.36907958984375
2019-12-13,207.19000244140625,199.0222930908203
2019-12-16,209.27000427246094,201.02027893066406
2019-12-17,209.38999938964844,201.1355743408203
2019-12-18,209.5500030517578,201.28929138183594
2019-12-19,210.86000061035156,202.5476531982422
2019-12-20,211.7100067138672,203.36415100097656
2019-12-23,211.80999755859375,203.90130615234375
2019-12-24,211.9199981689453,204.0072021484375
2019-12-26,213.7899932861328,205.807373046875
2019-12-27,213.61000061035156,205.6340789794922
2019-12-30,212.2100067138672,204.28636169433594
2019-12-31,212.61000061035156,204.67137145996094
2020-01-02,216.16000366210938,208.0888671875
2020-01-03,214.17999267578125,206.1827850341797
2020-01-06,215.55999755859375,207.5112762451172
2020-01-07,215.52999877929688,207.48236083984375
2020-01-08,217.14999389648438,209.0419158935547
2020-01-09,218.99000549316406,210.81321716308594
2020-01-10,218.42999267578125,210.27407836914062
2020-01-13,220.9499969482422,212.6999969482422
2020-01-14,220.0800018310547,211.8625030517578
2020-01-15,220.1699981689453,211.9491424560547
2020-01-16,222.27999877929688,213.98033142089844
2020-01-17,223.3800048828125,215.039306640625
2020-01-21,223.27999877929688,214.9430389404297
2020-01-22,223.8699951171875,215.51097106933594
2020-01-23,224.58999633789062,216.2041015625
2020-01-24,222.6999969482422,214.3846435546875
2020-01-27,218.10000610351562,209.95645141601562
2020-01-28,221.4499969482422,213.1813507080078
2020-01-29,221.80999755859375,213.52792358398438
2020-01-30,222.60000610351562,214.2884063720703
2020-01-31,219.07000732421875,210.8902587890625
2020-02-03,222.3800048828125,214.0766143798828
2020-02-04,227.47000122070312,218.9765625
2020-02-05,228.22000122070312,219.69854736328125
2020-02-06,230.19000244140625,221.59500122070312
2020-02-07,229.1999969482422,220.64195251464844
2020-02-10,231.97000122070312,223.3085479736328
2020-02-11,232.00999450683594,223.34706115722656
2020-02-12,234.27000427246094,225.5226593017578
2020-02-13,233.97000122070312,225.23385620117188
2020-02-14,234.63999938964844,225.87887573242188
2020-02-18,234.72999572753906,225.9654541015625
2020-02-19,236.97999572753906,228.13145446777344
2020-02-20,234.77999877929688,226.01358032226562
2020-02-21,230.27000427246094,221.67202758789062
2020-02-24,221.38999938964844,213.1236114501953
2020-02-25,215.3699951171875,207.328369140625
2020-02-26,216.47999572753906,208.39691162109375
2020-02-27,205.63999938964844,197.96165466308594
2020-02-28,205.8000030517578,198.1156768798828
2020-03-02,216.4199981689453,208.3391571044922
2020-03-03,209.47999572753906,201.6582794189453
2020-03-04,218.22000122070312,210.0719451904297
2020-03-05,211.58999633789062,203.68948364257812
2020-03-06,208.02000427246094,200.25283813476562
2020-03-09,193.57000732421875,186.3423614501953
2020-03-10,204.11000061035156,196.48880004882812
2020-03-11,195.22000122070312,187.93072509765625
2020-03-12,177.32000732421875,170.6990966796875
2020-03-13,192.33999633789062,185.15829467773438
2020-03-16,169.3000030517578,162.97854614257812
2020-03-17,182.13999938964844,175.33914184570312
2020-03-18,176.60000610351562,170.00599670410156
2020-03-19,177.66000366210938,171.02638244628906
2020-03-20,170.6999969482422,164.3262939453125
2020-03-23,170.4600067138672,164.4449462890625
2020-03-24,183.66000366210938,177.17916870117188
2020-03-25,182.3000030517578,175.86715698242188
2020-03-26,191.89999389648438,185.12840270996094
2020-03-27,185.3000030517578,178.7613067626953
2020-03-30,192.0399932861328,185.26341247558594
2020-03-31,190.39999389648438,183.6813201904297
2020-04-01,182.30999755859375,175.87677001953125
2020-04-02,186.00999450683594,179.44622802734375
2020-04-03,183.3699951171875,176.89938354492188
2020-04-06,196.47999572753906,189.54676818847656
2020-04-07,196.39999389648438,189.46963500976562
2020-04-08,200.57000732421875,193.49240112304688
2020-04-09,200.86000061035156,193.772216796875
2020-04-13,203.02999877929688,195.8656005859375
2020-04-14,211.86000061035156,204.384033203125
2020-04-15,209.42999267578125,202.03976440429688
2020-04-16,213.25,205.72499084472656
2020-04-17,215.2899932861328,207.69305419921875
2020-04-20,212.74000549316406,205.23300170898438
2020-04-21,204.88999938964844,197.65997314453125
2020-04-22,210.97000122070312,203.52545166015625
2020-04-23,210.52000427246094,203.0913543701172
2020-04-24,213.83999633789062,206.29417419433594
2020-04-27,215.55999755859375,207.9534912109375
2020-04-28,211.5,204.03677368164062
2020-04-29,219.0,211.27212524414062
2020-04-30,218.91000366210938,211.18527221679688
2020-05-01,212.74000549316406,205.23300170898438
2020-05-04,215.22000122070312,207.62551879882812
2020-05-05,217.66000366210938,209.97940063476562
2020-05-06,219.0,211.27212524414062
2020-05-07,221.82000732421875,213.99258422851562
2020-05-08,224.86000061035156,216.9253387451172
2020-05-11,226.8699951171875,218.86434936523438
2020-05-12,222.1199951171875,214.28199768066406
2020-05-13,219.33999633789062,211.60011291503906
2020-05-14,221.8300018310547,214.00221252441406
2020-05-15,223.27000427246094,215.39144897460938
2020-05-18,227.42999267578125,219.4046173095703
2020-05-19,226.86000061035156,218.85476684570312
2020-05-20,231.38999938964844,223.22486877441406
2020-05-21,228.8699951171875,220.7937774658203
2020-05-22,229.66000366210938,221.55592346191406
2020-05-26,229.0399932861328,220.9578094482422
2020-05-27,230.2899932861328,222.1636962890625
2020-05-28,229.99000549316406,221.8743133544922
2020-05-29,233.36000061035156,225.12538146972656
2020-06-01,234.05999755859375,225.80064392089844
2020-06-02,235.6300048828125,227.31529235839844
2020-06-03,236.69000244140625,228.33782958984375
2020-06-04,235.02999877929688,226.7364501953125
2020-06-05,239.69000244140625,231.23199462890625
2020-06-08,241.5500030517578,233.0263214111328
2020-06-09,243.3000030517578,234.71461486816406
2020-06-10,246.22000122070312,237.5316162109375
2020-06-11,234.02000427246094,225.7620849609375
2020-06-12,235.8800048828125,227.5564422607422
2020-06-15,238.75,230.32518005371094
2020-06-16,242.85000610351562,234.28050231933594
2020-06-17,243.6199951171875,235.0233154296875
2020-06-18,244.27999877929688,235.66004943847656
2020-06-19,244.24000549316406,235.62142944335938
2020-06-22,246.74000549316406,238.44723510742188
2020-06-23,248.83999633789062,240.4766082763672
2020-06-24,243.7100067138672,235.51902770996094
2020-06-25,246.02999877929688,237.76104736328125
2020-06-26,240.22000122070312,232.14630126953125
2020-06-29,242.83999633789062,234.67823791503906
2020-06-30,247.60000610351562,239.2782745361328
2020-07-01,250.49000549316406,242.07115173339844
2020-07-02,252.19000244140625,243.71401977539062
2020-07-06,258.3900146484375,249.7056427001953
2020-07-07,256.6099853515625,247.98541259765625
2020-07-08,259.989990234375,251.25181579589844
2020-07-09,262.17999267578125,253.3681640625
2020-07-10,263.9700012207031,255.09805297851562
2020-07-13,258.5400085449219,249.85057067871094
2020-07-14,260.3699951171875,251.61915588378906
2020-07-15,260.8999938964844,252.1312255859375
2020-07-16,259.1199951171875,250.4110870361328
2020-07-17,259.4200134277344,250.70101928710938
2020-07-20,266.7799987792969,257.8136291503906
2020-07-21,264.0,255.12709045410156
2020-07-22,264.92999267578125,256.02581787109375
2020-07-23,258.010009765625,249.3384552001953
2020-07-24,255.55999755859375,246.9707489013672
2020-07-27,260.1199951171875,251.37745666503906
2020-07-28,256.80999755859375,248.1787109375
2020-07-29,259.7699890136719,251.03921508789062
2020-07-30,261.1300048828125,252.3535614013672
2020-07-31,265.7900085449219,256.8569641113281
2020-08-03,269.3800048828125,260.32623291015625
2020-08-04,270.3800048828125,261.2926940917969
2020-08-05,271.04998779296875,261.94012451171875
2020-08-06,274.6400146484375,265.4095153808594
2020-08-07,271.4700012207031,262.3459777832031
2020-08-10,270.30999755859375,261.2249755859375
2020-08-11,265.19000244140625,256.2771301269531
2020-08-12,271.8599853515625,262.7229309082031
2020-08-13,272.4800109863281,263.322021484375
2020-08-14,272.1600036621094,263.0127868652344
2020-08-17,275.32000732421875,266.0665588378906
2020-08-18,277.9700012207031,268.6275329589844
2020-08-19,276.1000061035156,266.8203125
2020-08-20,279.92999267578125,270.521728515625
2020-08-21,281.8699951171875,272.3964538574219
2020-08-24,283.6300048828125,274.0973205566406
2020-08-25,285.8599853515625,276.2524108886719
2020-08-26,291.9599914550781,282.1473693847656
2020-08-27,291.04998779296875,281.26788330078125
2020-08-28,292.5299987792969,282.69818115234375
2020-08-31,294.8800048828125,284.96923828125
2020-09-01,299.9200134277344,289.83978271484375
2020-09-02,302.760009765625,292.5843505859375
2020-09-03,287.4100036621094,277.75030517578125
2020-09-04,283.5799865722656,274.04901123046875
2020-09-08,269.95001220703125,260.8770751953125
2020-09-09,277.8800048828125,268.54058837890625
2020-09-10,272.3399963378906,263.18670654296875
2020-09-11,270.45001220703125,261.3603515625
2020-09-14,275.1600036621094,265.91204833984375
2020-09-15,279.05999755859375,269.68096923828125
2020-09-16,274.6099853515625,265.38037109375
2020-09-17,270.32000732421875,261.23468017578125
2020-09-18,266.8699951171875,257.90057373046875
2020-09-21,267.510009765625,258.5190734863281
2020-09-22,272.4800109863281,263.322021484375
2020-09-23,264.1600036621094,255.2816619873047
2020-09-24,265.3900146484375,256.4703369140625
2020-09-25,271.55999755859375,262.4329528808594
2020-09-28,277.20001220703125,267.88348388671875
2020-09-29,275.95001220703125,266.6753845214844
2020-09-30,277.8399963378906,268.5019226074219
2020-10-01,282.25,272.7637023925781
2020-10-02,274.30999755859375,265.090576171875
2020-10-05,280.1600036621094,270.7440185546875
2020-10-06,275.1600036621094,265.91204833984375
2020-10-07,279.9200134277344,270.5119934082031
2020-10-08,281.4100036621094,271.9519348144531
2020-10-09,285.7099914550781,276.10736083984375
2020-10-12,294.5299987792969,284.63092041015625
2020-10-13,294.5199890136719,284.6213684082031
2020-10-14,292.05999755859375,282.24395751953125
2020-10-15,290.1000061035156,280.349853515625
2020-10-16,288.510009765625,278.81329345703125
2020-10-19,283.79998779296875,274.26153564453125
2020-10-20,284.4100036621094,274.85107421875
2020-10-21,284.19000244140625,274.63848876953125
2020-10-22,284.17999267578125,274.6288146972656
2020-10-23,284.739990234375,275.1700134277344
2020-10-26,280.4700012207031,271.04351806640625
2020-10-27,282.6600036621094,273.15985107421875
2020-10-28,271.6400146484375,262.5103759765625
2020-10-29,276.3900146484375,267.1006774902344
2020-10-30,269.3800048828125,260.32623291015625
2020-11-02,269.9800109863281,260.906005859375
2020-11-03,274.6499938964844,265.4190979003906
2020-11-04,286.9100036621094,277.2671203613281
2020-11-05,294.3900146484375,284.4956970214844
2020-11-06,294.6099853515625,284.7082214355469
2020-11-09,288.5899963378906,278.8906555175781
2020-11-10,283.4200134277344,273.8944091796875
2020-11-11,289.760009765625,280.02130126953125
2020-11-12,288.3999938964844,278.70697021484375
2020-11-13,290.92999267578125,281.1519470214844
2020-11-16,293.20001220703125,283.3456726074219
2020-11-17,292.2699890136719,282.4469299316406
2020-11-18,290.1099853515625,280.3595275878906
2020-11-19,292.3800048828125,282.55328369140625
2020-11-20,290.3800048828125,280.6204833984375
2020-11-23,290.3900146484375,280.63018798828125
2020-11-24,294.4700012207031,284.572998046875
2020-11-25,296.2799987792969,286.3221130371094
2020-11-27,299.010009765625,288.96038818359375
2020-11-30,299.6199951171875,289.54986572265625
2020-12-01,303.4599914550781,293.2608947753906
2020-12-02,303.8500061035156,293.6377258300781
2020-12-03,304.2799987792969,294.0533447265625
2020-12-04,305.5199890136719,295.2515869140625
2020-12-07,307.25,296.92340087890625
2020-12-08,308.2900085449219,297.9284362792969
2020-12-09,301.30999755859375,291.18310546875
2020-12-10,302.5199890136719,292.3523864746094
2020-12-11,301.8500061035156,291.70489501953125
2020-12-14,304.0400085449219,293.8214416503906
2020-12-15,307.2900085449219,296.9621276855469
2020-12-16,308.9800109863281,298.5953369140625
2020-12-17,311.0,300.54742431640625
2020-12-18,310.05999755859375,299.6389465332031
2020-12-21,308.9200134277344,299.0784606933594
2020-12-22,309.760009765625,299.8916931152344
2020-12-23,308.20001220703125,298.3814392089844
2020-12-24,309.55999755859375,299.69805908203125
2020-12-28,312.67999267578125,302.7186279296875
2020-12-29,312.9599914550781,302.9897766113281
2020-12-30,312.9700012207031,302.9994201660156
2020-12-31,313.739990234375,303.744873046875
2021-01-04,309.30999755859375,299.4559631347656
2021-01-05,311.8599853515625,301.9247741699219
2021-01-06,307.5400085449219,297.742431640625
2021-01-07,314.9800109863281,304.9454040527344
2021-01-08,319.0299987792969,308.8664245605469
2021-01-11,314.4200134277344,304.4033203125
2021-01-12,313.9200134277344,303.9190979003906
2021-01-13,316.0400085449219,305.9715881347656
2021-01-14,314.3500061035156,304.3354797363281
2021-01-15,311.8599853515625,301.9247741699219
2021-01-19,316.4100036621094,306.3298645019531
2021-01-20,323.7699890136719,313.45538330078125
2021-01-21,326.3599853515625,315.96282958984375
2021-01-22,325.4200134277344,315.05279541015625
2021-01-25,328.1099853515625,317.6570739746094
2021-01-26,328.5899963378906,318.1217346191406
2021-01-27,319.42999267578125,309.2536315917969
2021-01-28,321.32000732421875,311.0834045410156
2021-01-29,314.55999755859375,304.53875732421875
2021-02-01,322.4200134277344,312.1483459472656
2021-02-02,327.67999267578125,317.24078369140625
2021-02-03,326.3800048828125,315.9822082519531
2021-02-04,330.239990234375,319.71923828125
2021-02-05,331.3599853515625,320.8035888671875
2021-02-08,333.5799865722656,322.95281982421875
2021-02-09,333.510009765625,322.88507080078125
2021-02-10,332.75,322.1492614746094
2021-02-11,334.5799865722656,323.92095947265625
2021-02-12,336.45001220703125,325.7313537597656
2021-02-16,335.5400085449219,324.8504638671875
2021-02-17,333.92999267578125,323.2917175292969
2021-02-18,332.4700012207031,321.8782043457031
2021-02-19,331.0199890136719,320.47442626953125
2021-02-22,322.44000244140625,312.1676940917969
2021-02-23,321.4800109863281,311.2384338378906
2021-02-24,324.1300048828125,313.8038635253906
2021-02-25,312.8299865722656,302.86383056640625
2021-02-26,314.1400146484375,304.13214111328125
2021-03-01,323.5899963378906,313.28118896484375
2021-03-02,318.3999938964844,308.25640869140625
2021-03-03,309.1600036621094,299.310791015625
2021-03-04,304.1000061035156,294.412109375
2021-03-05,308.67999267578125,298.8460998535156
2021-03-08,299.94000244140625,290.384521484375
2021-03-09,311.7699890136719,301.837646484375
2021-03-10,310.8800048828125,300.9760437011719
2021-03-11,318.0400085449219,307.9079895019531
2021-03-12,315.4599914550781,305.41009521484375
2021-03-15,318.8299865722656,308.6726989746094
2021-03-16,320.5799865722656,310.366943359375
2021-03-17,321.8999938964844,311.64483642578125
2021-03-18,312.0400085449219,302.0989990234375
2021-03-19,313.1400146484375,303.1640625
2021-03-22,318.6099853515625,308.84942626953125
2021-03-23,317.2200012207031,307.5019226074219
2021-03-24,311.8699951171875,302.3158264160156
2021-03-25,311.3299865722656,301.7923889160156
2021-03-26,316.0,306.31927490234375
2021-03-29,315.9100036621094,306.2320861816406
2021-03-30,314.32000732421875,304.6908264160156
2021-03-31,319.1300048828125,309.3534240722656
2021-04-01,324.57000732421875,314.6268005371094
2021-04-05,331.04998779296875,320.9082336425781
2021-04-06,330.82000732421875,320.68524169921875
2021-04-07,331.6199951171875,321.4608459472656
2021-04-08,335.0799865722656,324.8148193359375
2021-04-09,337.1099853515625,326.7824401855469
2021-04-12,336.6700134277344,326.35614013671875
2021-04-13,340.6000061035156,330.1656799316406
2021-04-14,336.510009765625,326.2008972167969
2021-04-15,341.6099853515625,331.14471435546875
2021-04-16,342.010009765625,331.532470703125
2021-04-19,338.8800048828125,328.4983215332031
2021-04-20,336.4100036621094,326.1040344238281
2021-04-21,339.2900085449219,328.89581298828125
2021-04-22,335.20001220703125,324.9312438964844
2021-04-23,339.4200134277344,329.02178955078125
2021-04-26,341.6300048828125,331.1642150878906
2021-04-27,340.1499938964844,329.7294616699219
2021-04-28,339.0,328.61468505859375
2021-04-29,340.2200012207031,329.7972717285156
2021-04-30,337.989990234375,327.6357116699219
2021-05-03,336.19000244140625,325.89080810546875
2021-05-04,330.1400146484375,320.0260925292969
2021-05-05,329.0299987792969,318.9500427246094
2021-05-06,331.510009765625,321.3541259765625
2021-05-07,334.20001220703125,323.9617919921875
2021-05-10,325.760009765625,315.7802734375
2021-05-11,325.30999755859375,315.3441162109375
2021-05-12,316.8900146484375,307.18206787109375
2021-05-13,319.3399963378906,309.5569763183594
2021-05-14,326.3900146484375,316.3909606933594
2021-05-17,324.4100036621094,314.4716796875
2021-05-18,322.2200012207031,312.348876953125
2021-05-19,322.5899963378906,312.7073974609375
2021-05-20,328.8299865722656,318.75616455078125
2021-05-21,327.010009765625,316.99200439453125
2021-05-24,332.510009765625,322.3235168457031
2021-05-25,332.9700012207031,322.76947021484375
2021-05-26,334.1300048828125,323.8938903808594
2021-05-27,332.8800048828125,322.6822204589844
2021-05-28,333.92999267578125,323.70001220703125
2021-06-01,332.82000732421875,322.6239929199219
2021-06-02,333.4700012207031,323.25408935546875
2021-06-03,330.0,319.890380859375
2021-06-04,335.6000061035156,325.31884765625
2021-06-07,336.6000061035156,326.2882385253906
2021-06-08,336.760009765625,326.4433288574219
2021-06-09,336.8399963378906,326.5208435058594
2021-06-10,340.3500061035156,329.92333984375
2021-06-11,341.239990234375,330.78607177734375
2021-06-14,344.510009765625,333.9558410644531
2021-06-15,342.260009765625,331.7747802734375
2021-06-16,341.010009765625,330.5630798339844
2021-06-17,345.3399963378906,334.76043701171875
2021-06-18,342.6300048828125,332.1334533691406
2021-06-21,344.3599853515625,334.1976318359375
2021-06-22,347.57000732421875,337.31298828125
2021-06-23,347.739990234375,337.47796630859375
2021-06-24,349.8900146484375,339.56451416015625
2021-06-25,349.4599914550781,339.14715576171875
2021-06-28,353.7099914550781,343.2717590332031
2021-06-29,354.989990234375,344.5140075683594
2021-06-30,354.42999267578125,343.970458984375
2021-07-01,354.57000732421875,344.1064147949219
2021-07-02,358.6400146484375,348.0562744140625
2021-07-06,360.19000244140625,349.5605163574219
2021-07-07,360.95001220703125,350.2981872558594
2021-07-08,358.7699890136719,348.18243408203125
2021-07-09,361.010009765625,350.3563537597656
2021-07-12,362.4200134277344,351.7247009277344
2021-07-13,362.4200134277344,351.7247009277344
2021-07-14,363.07000732421875,352.3556213378906
2021-07-15,360.5199890136719,349.88079833984375
2021-07-16,357.6000061035156,347.0469970703125
2021-07-19,354.6700134277344,344.2034606933594
2021-07-20,358.7900085449219,348.20184326171875
2021-07-21,361.55999755859375,350.89013671875
2021-07-22,363.95001220703125,353.2096862792969
2021-07-23,368.20001220703125,357.334228515625
2021-07-26,368.489990234375,357.6156311035156
2021-07-27,364.42999267578125,353.6754455566406
2021-07-28,365.8299865722656,355.0340881347656
2021-07-29,366.4800109863281,355.6649169921875
2021-07-30,364.57000732421875,353.8112487792969
2021-08-02,364.6000061035156,353.8404235839844
2021-08-03,366.80999755859375,355.985107421875
2021-08-04,367.3399963378906,356.4996032714844
2021-08-05,369.6700134277344,358.76080322265625
2021-08-06,368.04998779296875,357.1885681152344
2021-08-09,368.7300109863281,357.8486022949219
2021-08-10,366.8399963378906,356.01434326171875
2021-08-11,366.2099914550781,355.40289306640625
2021-08-12,367.5299987792969,356.68389892578125
2021-08-13,368.82000732421875,357.9358825683594
2021-08-16,368.9800109863281,358.0911560058594
2021-08-17,365.7300109863281,354.9371032714844
2021-08-18,362.2099914550781,351.5209045410156
2021-08-19,363.9599914550781,353.21923828125
2021-08-20,367.7300109863281,356.8781433105469
2021-08-23,373.2300109863281,362.21575927734375
2021-08-24,374.3699951171875,363.322021484375
2021-08-25,374.79998779296875,363.7394104003906
2021-08-26,372.4200134277344,361.4295654296875
2021-08-27,376.0400085449219,364.9428405761719
2021-08-30,380.260009765625,369.038330078125
2021-08-31,379.95001220703125,368.7374267578125
2021-09-01,380.5799865722656,369.3487548828125
2021-09-02,380.3999938964844,369.17413330078125
2021-09-03,381.57000732421875,370.3096008300781
2021-09-07,382.1099853515625,370.83367919921875
2021-09-08,380.7799987792969,369.5428771972656
2021-09-09,379.4700012207031,368.2716064453125
2021-09-10,376.5899963378906,365.4765930175781
2021-09-13,376.3299865722656,365.2242126464844
2021-09-14,375.260009765625,364.18585205078125
2021-09-15,378.04998779296875,366.89349365234375
2021-09-16,378.30999755859375,367.14581298828125
2021-09-17,373.8299865722656,362.7980651855469
2021-09-20,365.70001220703125,355.3014221191406
2021-09-21,366.1499938964844,355.7386474609375
2021-09-22,369.57000732421875,359.06134033203125
2021-09-23,372.9800109863281,362.3744201660156
2021-09-24,373.3299865722656,362.7144470214844
2021-09-27,370.3500061035156,359.8192443847656
2021-09-28,359.8699951171875,349.63720703125
2021-09-29,359.2799987792969,349.0639343261719
2021-09-30,357.9599914550781,347.7815246582031
2021-10-01,360.17999267578125,349.9383850097656
2021-10-04,352.6199951171875,342.59332275390625
2021-10-05,357.3800048828125,347.21807861328125
2021-10-06,359.6700134277344,349.4429016113281
2021-10-07,362.9700012207031,352.6490173339844
2021-10-08,361.1600036621094,350.89056396484375
2021-10-11,358.3900146484375,348.1993103027344
2021-10-12,357.1400146484375,346.98486328125
2021-10-13,360.0,349.7635192871094
2021-10-14,366.6300048828125,356.2050476074219
2021-10-15,368.94000244140625,358.44927978515625
2021-10-18,372.6499938964844,362.0538330078125
2021-10-19,375.4700012207031,364.7935791015625
2021-10-20,374.9800109863281,364.31756591796875
2021-10-21,377.2699890136719,366.5425109863281
2021-10-22,374.1000061035156,363.4625549316406
2021-10-25,377.92999267578125,367.1837158203125
2021-10-26,379.1199951171875,368.3398132324219
2021-10-27,380.0,369.1947937011719
2021-10-28,384.2200012207031,373.2947998046875
2021-10-29,386.1099853515625,375.1310119628906
2021-11-01,387.42999267578125,376.4134826660156
2021-11-02,389.04998779296875,377.9874572753906
2021-11-03,393.17999267578125,382.0000305175781
2021-11-04,398.2200012207031,386.8966979980469
2021-11-05,398.6000061035156,387.26593017578125
2021-11-08,398.05999755859375,386.74127197265625
2021-11-09,395.32000732421875,384.07916259765625
2021-11-10,389.510009765625,378.43438720703125
2021-11-11,390.5899963378906,379.4836730957031
2021-11-12,394.70001220703125,383.476806640625
2021-11-15,394.6099853515625,383.38934326171875
2021-11-16,397.4200134277344,386.1194763183594
2021-11-17,397.6300048828125,386.3235168457031
2021-11-18,401.75,390.32635498046875
2021-11-19,403.989990234375,392.502685546875
2021-11-22,399.29998779296875,387.9460144042969
2021-11-23,397.4800109863281,386.17779541015625
2021-11-24,398.760009765625,387.42138671875
2021-11-26,391.20001220703125,380.07635498046875
2021-11-29,399.69000244140625,388.324951171875
2021-11-30,393.82000732421875,382.6218566894531
2021-12-01,387.1199951171875,376.11236572265625
2021-12-02,389.9100036621094,378.82305908203125
2021-12-03,383.1300048828125,372.23577880859375
2021-12-06,386.20001220703125,375.2185363769531
2021-12-07,397.8299865722656,386.5177917480469
2021-12-08,399.6099853515625,388.2472229003906
2021-12-09,393.7300109863281,382.5343933105469
2021-12-10,398.010009765625,386.69268798828125
2021-12-13,392.260009765625,381.1062316894531
2021-12-14,388.20001220703125,377.1616516113281
2021-12-15,397.04998779296875,385.760009765625
2021-12-16,386.8399963378906,375.84027099609375
2021-12-17,384.9100036621094,373.9651794433594
2021-12-20,380.69000244140625,370.3375549316406
2021-12-21,389.2099914550781,378.6259765625
2021-12-22,393.95001220703125,383.23699951171875
2021-12-23,396.9200134277344,386.1261901855469
2021-12-27,403.4800109863281,392.5078430175781
2021-12-28,401.6099853515625,390.6886901855469
2021-12-29,401.54998779296875,390.63037109375
2021-12-30,400.3500061035156,389.4628601074219
2021-12-31,397.8500061035156,387.03094482421875
2022-01-03,401.67999267578125,390.7568054199219
2022-01-04,396.4700012207031,385.6884460449219
2022-01-05,384.2900085449219,373.8397216796875
2022-01-06,384.0199890136719,373.57696533203125
2022-01-07,379.8599853515625,369.5301818847656
2022-01-10,380.1099853515625,369.77337646484375
2022-01-11,385.82000732421875,375.3280944824219
2022-01-12,387.3500061035156,376.81646728515625
2022-01-13,377.6600036621094,367.3900146484375
2022-01-14,380.010009765625,369.6760559082031
2022-01-18,370.54998779296875,360.4732971191406
2022-01-19,366.4800109863281,356.51397705078125
2022-01-20,361.7200012207031,351.8834533691406
2022-01-21,351.69000244140625,342.1261901855469
2022-01-24,353.29998779296875,343.6924133300781
2022-01-25,345.1099853515625,335.7251892089844
2022-01-26,344.57000732421875,335.19989013671875
2022-01-27,341.1000061035156,331.8242492675781
2022-01-28,351.79998779296875,342.2331848144531
2022-01-31,363.04998779296875,353.17724609375
2022-02-01,365.5199890136719,355.5801086425781
2022-02-02,368.489990234375,358.4693298339844
2022-02-03,353.54998779296875,343.93560791015625
2022-02-04,358.010009765625,348.2743835449219
2022-02-07,355.1300048828125,345.47265625
2022-02-08,359.1199951171875,349.3542175292969
2022-02-09,366.7300109863281,356.75726318359375
2022-02-10,358.42999267578125,348.682861328125
2022-02-11,347.05999755859375,337.6221008300781
2022-02-14,347.489990234375,338.0404052734375
2022-02-15,356.1300048828125,346.44549560546875
2022-02-16,356.0400085449219,346.35791015625
2022-02-17,345.45001220703125,336.0559387207031
2022-02-18,341.510009765625,332.22308349609375
2022-02-22,338.0799865722656,328.88629150390625
2022-02-23,329.4200134277344,320.4618225097656
2022-02-24,340.489990234375,331.23077392578125
2022-02-25,345.7699890136719,336.3671875
2022-02-28,346.79998779296875,337.3691711425781
2022-03-01,341.489990234375,332.20355224609375
2022-03-02,347.2200012207031,337.77777099609375
2022-03-03,342.260009765625,332.95269775390625
2022-03-04,337.29998779296875,328.1274719238281
2022-03-07,324.8599853515625,316.0257568359375
2022-03-08,323.3500061035156,314.5568542480469
2022-03-09,334.989990234375,325.8804016113281
2022-03-10,331.2699890136719,322.26153564453125
2022-03-11,324.3999938964844,315.57830810546875
2022-03-14,318.1700134277344,309.5177307128906
2022-03-15,328.1499938964844,319.2264099121094
2022-03-16,340.32000732421875,331.06549072265625
2022-03-17,344.44000244140625,335.0733642578125
2022-03-18,351.489990234375,341.9316101074219
2022-03-21,350.0799865722656,340.98101806640625
2022-03-22,356.9599914550781,347.68218994140625
2022-03-23,351.8299865722656,342.685546875
2022-03-24,359.6499938964844,350.30230712890625
2022-03-25,359.3500061035156,350.0101318359375
2022-03-28,364.9100036621094,355.4255676269531
2022-03-29,371.19000244140625,361.54241943359375
2022-03-30,367.0899963378906,357.5489501953125
2022-03-31,362.5400085449219,353.1171875
2022-04-01,361.8500061035156,352.4451599121094
2022-04-04,369.29998779296875,359.7014465332031
2022-04-05,361.1000061035156,351.7145690917969
2022-04-06,353.260009765625,344.078369140625
2022-04-07,354.1000061035156,344.8965759277344
2022-04-08,349.1499938964844,340.0752258300781
2022-04-11,340.8900146484375,332.0299377441406
2022-04-12,339.45001220703125,330.6272888183594
2022-04-13,346.3500061035156,337.34796142578125
2022-04-14,338.42999267578125,329.6337890625
2022-04-18,338.69000244140625,329.88702392578125
2022-04-19,346.260009765625,337.2602844238281
2022-04-20,341.2099914550781,332.3415222167969
2022-04-21,334.1499938964844,325.4649963378906
2022-04-22,325.3999938964844,316.9425354003906
2022-04-25,329.5799865722656,321.0137939453125
2022-04-26,317.1400146484375,308.8971862792969
2022-04-27,316.760009765625,308.52703857421875
2022-04-28,328.010009765625,319.484619140625
2022-04-29,313.25,305.1083068847656
2022-05-02,318.4800109863281,310.2023620605469
2022-05-03,318.82000732421875,310.5335388183594
2022-05-04,329.6000061035156,321.03338623046875
2022-05-05,313.0,304.8647766113281
2022-05-06,309.25,301.2122802734375
2022-05-09,297.1499938964844,289.4266662597656
2022-05-10,300.760009765625,292.94287109375
2022-05-11,291.8399963378906,284.2547607421875
2022-05-12,291.1499938964844,283.5826721191406
2022-05-13,301.94000244140625,294.09228515625
2022-05-16,298.44000244140625,290.6832275390625
2022-05-17,306.1700134277344,298.2122802734375
2022-05-18,291.1400146484375,283.572998046875
2022-05-19,289.5799865722656,282.0534973144531
2022-05-20,288.67999267578125,281.1768493652344
2022-05-23,293.4800109863281,285.8521423339844
2022-05-24,287.239990234375,279.77435302734375
2022-05-25,291.260009765625,283.6897888183594
2022-05-26,299.3299865722656,291.5500793457031
2022-05-27,309.1000061035156,301.0661926269531
2022-05-31,308.2799987792969,300.2674560546875
2022-06-01,306.0,298.04669189453125
2022-06-02,314.3800048828125,306.20892333984375
2022-06-03,306.20001220703125,298.241455078125
2022-06-06,307.2200012207031,299.2350158691406
2022-06-07,309.8699951171875,301.81610107421875
2022-06-08,307.6400146484375,299.6441345214844
2022-06-09,299.3999938964844,291.6182861328125
2022-06-10,288.8399963378906,281.3327331542969
2022-06-13,275.4100036621094,268.2518005371094
2022-06-14,275.9100036621094,268.73876953125
2022-06-15,282.79998779296875,275.4496765136719
2022-06-16,271.3900146484375,264.3362121582031
2022-06-17,274.69000244140625,267.55047607421875
2022-06-21,281.0799865722656,274.3006591796875
2022-06-22,280.6700134277344,273.9005432128906
2022-06-23,284.8500061035156,277.979736328125
2022-06-24,294.6099853515625,287.5043029785156
2022-06-27,292.45001220703125,285.3963928222656
2022-06-28,283.5400085449219,276.70135498046875
2022-06-29,283.79998779296875,276.9549865722656
2022-06-30,280.2799987792969,273.5199890136719
2022-07-01,282.1300048828125,275.3253479003906
2022-07-05,286.9599914550781,280.0388488769531
2022-07-06,288.79998779296875,281.8345031738281
2022-07-07,294.9800109863281,287.865478515625
2022-07-08,295.3500061035156,288.2265319824219
2022-07-11,289.0400085449219,282.0687255859375
2022-07-12,286.239990234375,279.33624267578125
2022-07-13,285.6499938964844,278.7604675292969
2022-07-14,286.6700134277344,279.7558288574219
2022-07-15,291.8699951171875,284.8304138183594
2022-07-18,289.3999938964844,282.4200439453125
2022-07-19,298.29998779296875,291.1053466796875
2022-07-20,303.0299987792969,295.72125244140625
2022-07-21,307.3800048828125,299.96636962890625
2022-07-22,301.989990234375,294.7063903808594
2022-07-25,300.2699890136719,293.0278015136719
2022-07-26,294.3699951171875,287.2701416015625
2022-07-27,306.80999755859375,299.41009521484375
2022-07-28,309.80999755859375,302.3377380371094
2022-07-29,315.4599914550781,307.8514709472656
2022-08-01,315.2699890136719,307.6660461425781
2022-08-02,314.3299865722656,306.7486877441406
2022-08-03,322.8900146484375,315.1022644042969
2022-08-04,324.3999938964844,316.5757751464844
2022-08-05,321.75,313.98974609375
2022-08-08,320.7099914550781,312.974853515625
2022-08-09,317.0799865722656,309.4323425292969
2022-08-10,325.92999267578125,318.06890869140625
2022-08-11,324.0799865722656,316.26348876953125
2022-08-12,330.3900146484375,322.42138671875
2022-08-15,333.05999755859375,325.0269775390625
2022-08-16,332.2799987792969,324.2657470703125
2022-08-17,328.489990234375,320.56719970703125
2022-08-18,329.2799987792969,321.338134765625
2022-08-19,322.8599853515625,315.07293701171875
2022-08-22,314.3599853515625,306.7779541015625
2022-08-23,314.1000061035156,306.5242919921875
2022-08-24,315.010009765625,307.412353515625
2022-08-25,320.5799865722656,312.8479919433594
2022-08-26,307.44000244140625,300.0249328613281
2022-08-29,304.4100036621094,297.0679626464844
2022-08-30,301.0199890136719,293.759765625
2022-08-31,299.2699890136719,292.05194091796875
2022-09-01,299.3999938964844,292.1788330078125
2022-09-02,295.1700134277344,288.0508728027344
2022-09-06,293.04998779296875,285.9819030761719
2022-09-07,298.9700012207031,291.7591857910156
2022-09-08,300.5199890136719,293.2717590332031
2022-09-09,307.0899963378906,299.683349609375
2022-09-12,310.739990234375,303.2453308105469
2022-09-13,293.70001220703125,286.6162109375
2022-09-14,296.0299987792969,288.8901062011719
2022-09-15,291.1000061035156,284.07904052734375
2022-09-16,289.32000732421875,282.3420104980469
2022-09-19,291.04998779296875,284.5406188964844
2022-09-20,288.7300109863281,282.2724914550781
2022-09-21,283.55999755859375,277.2181701660156
2022-09-22,280.07000732421875,273.8062438964844
2022-09-23,275.510009765625,269.34820556640625
2022-09-26,274.3699951171875,268.233642578125
2022-09-27,274.4800109863281,268.3411865234375
2022-09-28,279.94000244140625,273.6791076660156
2022-09-29,271.8699951171875,265.7896423339844
2022-09-30,267.260009765625,261.28277587890625
2022-10-03,273.5299987792969,267.4124755859375
2022-10-04,282.1300048828125,275.8200988769531
2022-10-05,281.9800109863281,275.6735534667969
2022-10-06,279.760009765625,273.5031433105469
2022-10-07,269.1000061035156,263.0815124511719
2022-10-10,266.4100036621094,260.4516906738281
2022-10-11,262.75,256.87359619140625
2022-10-12,262.6600036621094,256.7855529785156
2022-10-13,268.82000732421875,262.8077697753906
2022-10-14,260.739990234375,254.90853881835938
2022-10-17,269.3500061035156,263.3259582519531
2022-10-18,271.4800109863281,265.4083251953125
2022-10-19,270.489990234375,264.44049072265625
2022-10-20,269.1099853515625,263.09130859375
2022-10-21,275.4200134277344,269.26025390625
2022-10-24,278.45001220703125,272.22247314453125
2022-10-25,284.2099914550781,277.8536071777344
2022-10-26,277.92999267578125,271.71405029296875
2022-10-27,272.8699951171875,266.7672119140625
2022-10-28,281.2200012207031,274.9304504394531
2022-10-31,277.95001220703125,271.733642578125
2022-11-01,275.1099853515625,268.9571228027344
2022-11-02,265.67999267578125,259.738037109375
2022-11-03,260.489990234375,254.66412353515625
2022-11-04,264.67999267578125,258.7604064941406
2022-11-07,267.5899963378906,261.60528564453125
2022-11-08,269.5400085449219,263.51171875
2022-11-09,263.32000732421875,257.43084716796875
2022-11-10,282.75,276.4262390136719
2022-11-11,287.9599914550781,281.51971435546875
2022-11-14,285.44000244140625,279.05615234375
2022-11-15,289.3900146484375,282.91778564453125
2022-11-16,285.44000244140625,279.05615234375
2022-11-17,284.80999755859375,278.4400939941406
2022-11-18,284.82000732421875,278.4500427246094
2022-11-21,281.8900146484375,275.58551025390625
2022-11-22,285.95001220703125,279.5546569824219
2022-11-23,288.82000732421875,282.3605651855469
2022-11-25,286.9200134277344,280.5030212402344
2022-11-28,282.7099914550781,276.38720703125
2022-11-29,280.57000732421875,274.29498291015625
2022-11-30,293.3599853515625,286.7989501953125
2022-12-01,293.7200012207031,287.1510314941406
2022-12-02,292.54998779296875,286.007080078125
2022-12-05,287.6400146484375,281.2069091796875
2022-12-06,281.67999267578125,275.3801574707031
2022-12-07,280.5299987792969,274.2558898925781
2022-12-08,283.8500061035156,277.5016174316406
2022-12-09,282.0400085449219,275.732177734375
2022-12-12,285.5799865722656,279.19293212890625
2022-12-13,288.6499938964844,282.19427490234375
2022-12-14,286.510009765625,280.1021423339844
2022-12-15,276.8900146484375,270.697265625
2022-12-16,274.25,268.11639404296875
2022-12-19,269.75,264.34832763671875
2022-12-20,269.5400085449219,264.1425476074219
2022-12-21,273.45001220703125,267.9742736816406
2022-12-22,266.760009765625,261.41827392578125
2022-12-23,267.3599853515625,262.0062255859375
2022-12-27,263.5799865722656,258.3018493652344
2022-12-28,260.1000061035156,254.89157104492188
2022-12-29,266.44000244140625,261.1046447753906
2022-12-30,266.2799987792969,260.94781494140625
2023-01-03,264.4800109863281,259.18389892578125
2023-01-04,265.739990234375,260.41864013671875
2023-01-05,261.5799865722656,256.34197998046875
2023-01-06,268.79998779296875,263.4173583984375
2023-01-09,270.5400085449219,265.12255859375
2023-01-10,272.8299865722656,267.36669921875
2023-01-11,277.54998779296875,271.9921569824219
2023-01-12,279.04998779296875,273.46209716796875
2023-01-13,280.9700012207031,275.34368896484375
2023-01-17,281.5400085449219,275.90228271484375
2023-01-18,277.8800048828125,272.3155212402344
2023-01-19,275.1499938964844,269.6402587890625
2023-01-20,282.67999267578125,277.0194091796875
2023-01-23,288.9599914550781,283.1737365722656
2023-01-24,288.3699951171875,282.5955505371094
2023-01-25,287.7300109863281,281.9684143066406
2023-01-26,293.3399963378906,287.46600341796875
2023-01-27,296.260009765625,290.3275451660156
2023-01-30,290.2699890136719,284.45745849609375
2023-01-31,294.6199951171875,288.7203674316406
2023-02-01,300.9200134277344,294.8942565917969
2023-02-02,311.7200012207031,305.4779052734375
2023-02-03,306.17999267578125,300.04888916015625
2023-02-06,303.5899963378906,297.5107421875
2023-02-07,309.8800048828125,303.67474365234375
2023-02-08,304.3699951171875,298.2751159667969
2023-02-09,301.67999267578125,295.6389465332031
2023-02-10,299.70001220703125,293.6986389160156
2023-02-13,304.5,298.4024658203125
2023-02-14,306.75,300.60748291015625
2023-02-15,309.1000061035156,302.9103698730469
2023-02-16,303.29998779296875,297.2265319824219
2023-02-17,301.1600036621094,295.12945556640625
2023-02-21,294.0299987792969,288.14215087890625
2023-02-22,294.25,288.3578186035156
2023-02-23,296.82000732421875,290.8763122558594
2023-02-24,291.8500061035156,286.0058288574219
2023-02-27,293.94000244140625,288.05401611328125
2023-02-28,293.55999755859375,287.6816101074219
2023-03-01,291.20001220703125,285.3688659667969
2023-03-02,293.6099853515625,287.73052978515625
2023-03-03,299.67999267578125,293.6789855957031
2023-03-06,300.0199890136719,294.0122375488281
2023-03-07,296.3399963378906,290.4058837890625
2023-03-08,297.82000732421875,291.8562927246094
2023-03-09,292.6600036621094,286.79962158203125
2023-03-10,288.54998779296875,282.7718505859375
2023-03-13,290.69000244140625,284.8690185546875
2023-03-14,297.3699951171875,291.415283203125
2023-03-15,298.92999267578125,292.944091796875
2023-03-16,306.80999755859375,300.6662902832031
2023-03-17,305.3599853515625,299.2453308105469
2023-03-20,305.9700012207031,300.3072509765625
2023-03-21,310.3399963378906,304.5964050292969
2023-03-22,306.1199951171875,300.4544982910156
2023-03-23,309.75,304.01727294921875
2023-03-24,310.8900146484375,305.13623046875
2023-03-27,308.760009765625,303.0456237792969
2023-03-28,307.1199951171875,301.43597412109375
2023-03-29,312.7200012207031,306.93231201171875
2023-03-30,315.67999267578125,309.8374938964844
2023-03-31,320.92999267578125,314.9903869628906
2023-04-03,320.1499938964844,314.2248229980469
2023-04-04,319.07000732421875,313.1648254394531
2023-04-05,315.9200134277344,310.0731506347656
2023-04-06,318.04998779296875,312.1637268066406
2023-04-10,317.8699951171875,311.9870300292969
2023-04-11,315.8299865722656,309.9847717285156
2023-04-12,313.0400085449219,307.2464599609375
2023-04-13,319.1700134277344,313.26300048828125
2023-04-14,318.57000732421875,312.674072265625
2023-04-17,318.8399963378906,312.9390869140625
2023-04-18,318.8599853515625,312.958740234375
2023-04-19,318.7099914550781,312.8114318847656
2023-04-20,316.2799987792969,310.42645263671875
2023-04-21,316.6099853515625,310.75030517578125
2023-04-24,315.95001220703125,310.1025695800781
2023-04-25,309.989990234375,304.2528381347656
2023-04-26,311.8699951171875,306.09808349609375
2023-04-27,320.3500061035156,314.4211120605469
2023-04-28,322.55999755859375,316.5902404785156
2023-05-01,322.19000244140625,316.2270812988281
2023-05-02,319.3800048828125,313.4690856933594
2023-05-03,317.2900085449219,311.41778564453125
2023-05-04,316.1700134277344,310.3184814453125
2023-05-05,322.8900146484375,316.9140930175781
2023-05-08,323.69000244140625,317.69927978515625
2023-05-09,321.6400146484375,315.687255859375
2023-05-10,325.1400146484375,319.1225280761719
2023-05-11,326.20001220703125,320.16290283203125
2023-05-12,325.0299987792969,319.0145263671875
2023-05-15,326.7900085449219,320.741943359375
2023-05-16,327.1600036621094,321.1051025390625
2023-05-17,331.1199951171875,324.9917907714844
2023-05-18,337.2699890136719,331.0279846191406
2023-05-19,336.510009765625,330.2820739746094
2023-05-22,337.6400146484375,331.3911437988281
2023-05-23,333.3599853515625,327.19036865234375
2023-05-24,331.6499938964844,325.511962890625
2023-05-25,339.7200012207031,333.43267822265625
2023-05-26,348.3999938964844,341.9519958496094
2023-05-30,349.9800109863281,343.5027160644531
2023-05-31,347.989990234375,341.549560546875
2023-06-01,352.010009765625,345.4952087402344
2023-06-02,354.6499938964844,348.0863952636719
2023-06-05,354.8999938964844,348.33172607421875
2023-06-06,354.8399963378906,348.2728271484375
2023-06-07,348.82000732421875,342.3642578125
2023-06-08,353.1499938964844,346.6141052246094
2023-06-09,354.5,347.9391174316406
2023-06-12,360.489990234375,353.81829833984375
2023-06-13,363.260009765625,356.5369567871094
2023-06-14,365.8999938964844,359.1281433105469
2023-06-15,370.260009765625,363.407470703125
2023-06-16,367.92999267578125,361.1205139160156
2023-06-20,366.8999938964844,360.60357666015625
2023-06-21,361.8999938964844,355.6893615722656
2023-06-22,366.1700134277344,359.8861999511719
2023-06-23,362.5400085449219,356.3184509277344
2023-06-26,357.67999267578125,351.5417785644531
2023-06-27,363.8299865722656,357.58624267578125
2023-06-28,364.5400085449219,358.2840881347656
2023-06-29,363.80999755859375,357.5666198730469
2023-06-30,369.4200134277344,363.0804138183594
2023-07-03,370.2900085449219,363.9354248046875
2023-07-05,370.2799987792969,363.925537109375
2023-07-06,367.4599914550781,361.1540222167969
2023-07-07,366.239990234375,359.9548645019531
2023-07-10,366.3599853515625,360.0728759765625
2023-07-11,368.1700134277344,361.851806640625
2023-07-12,372.82000732421875,366.4219665527344
2023-07-13,379.1499938964844,372.643310546875
2023-07-14,379.07000732421875,372.5647277832031
2023-07-17,382.6099853515625,376.0439758300781
2023-07-18,385.739990234375,379.1202697753906
2023-07-19,385.6499938964844,379.03179931640625
2023-07-20,376.760009765625,370.2943420410156
2023-07-21,375.6300048828125,369.18377685546875
2023-07-24,376.2300109863281,369.7734680175781
2023-07-25,378.7799987792969,372.27972412109375
2023-07-26,377.5199890136719,371.0412902832031
2023-07-27,376.6199951171875,370.15679931640625
2023-07-28,383.4800109863281,376.8990478515625
2023-07-31,383.67999267578125,377.0955810546875
2023-08-01,382.7900085449219,376.2209167480469
2023-08-02,374.3900146484375,367.9649963378906
2023-08-03,373.7900085449219,367.3753662109375
2023-08-04,372.0400085449219,365.6553955078125
2023-08-07,375.19000244140625,368.75128173828125
2023-08-08,372.0,365.6160583496094
2023-08-09,367.9100036621094,361.59625244140625
2023-08-10,368.5899963378906,362.2645263671875
2023-08-11,366.239990234375,359.9548645019531
2023-08-14,370.3500061035156,363.9944152832031
2023-08-15,366.4200134277344,360.1318054199219
2023-08-16,362.5400085449219,356.3184509277344
2023-08-17,358.5799865722656,352.4263000488281
2023-08-18,358.1300048828125,351.984130859375
2023-08-21,363.8999938964844,357.6550598144531
2023-08-22,363.3800048828125,357.14404296875
2023-08-23,369.1099853515625,362.775634765625
2023-08-24,361.2200012207031,355.0210876464844
2023-08-25,364.0199890136719,357.77301025390625
2023-08-28,366.760009765625,360.4660339355469
2023-08-29,374.7699890136719,368.3385314941406
2023-08-30,376.8599853515625,370.3926696777344
2023-08-31,377.989990234375,371.5032653808594
2023-09-01,377.5899963378906,371.110107421875
2023-09-05,378.07000732421875,371.5819396972656
2023-09-06,374.739990234375,368.3090515136719
2023-09-07,372.05999755859375,365.67498779296875
2023-09-08,372.5799865722656,366.1861572265625
2023-09-11,376.9700012207031,370.5008239746094
2023-09-12,372.7900085449219,366.39251708984375
2023-09-13,374.2099914550781,367.7881164550781
2023-09-14,377.2699890136719,370.79559326171875
2023-09-15,370.80999755859375,364.4465026855469
2023-09-18,370.6600036621094,364.82635498046875
2023-09-19,369.8699951171875,364.04888916015625
2023-09-20,364.5400085449219,358.8027038574219
2023-09-21,357.8599853515625,352.2278747558594
2023-09-22,357.9100036621094,352.277099609375
2023-09-25,359.6099853515625,353.95025634765625
2023-09-26,354.2099914550781,348.63525390625
2023-09-27,355.0400085449219,349.4523010253906
2023-09-28,358.010009765625,352.3755187988281
2023-09-29,358.2699890136719,352.6313781738281
2023-10-02,361.260009765625,355.5743408203125
2023-10-03,354.9200134277344,349.3341369628906
2023-10-04,359.75,354.0881652832031
2023-10-05,358.69000244140625,353.0447998046875
2023-10-06,364.70001220703125,358.96026611328125
2023-10-09,366.55999755859375,360.7909240722656
2023-10-10,368.5899963378906,362.7889404296875
2023-10-11,371.2200012207031,365.3775329589844
2023-10-12,369.92999267578125,364.1078796386719
2023-10-13,365.2799987792969,359.5310974121094
2023-10-16,369.4100036621094,363.5960388183594
2023-10-17,368.20001220703125,362.4051208496094
2023-10-18,363.3699951171875,357.651123046875
2023-10-19,359.9700012207031,354.3045959472656
2023-10-20,354.6000061035156,349.0191955566406
2023-10-23,355.6700134277344,350.07232666015625
2023-10-24,359.1300048828125,353.47784423828125
2023-10-25,350.3399963378906,344.8262023925781
2023-10-26,343.6600036621094,338.2513732910156
2023-10-27,345.30999755859375,339.87530517578125
2023-10-30,349.20001220703125,343.7041320800781
2023-10-31,350.8699951171875,345.347900390625
2023-11-01,356.9599914550781,351.342041015625
2023-11-02,363.44000244140625,357.7200012207031
2023-11-03,367.7099914550781,361.9228515625
2023-11-06,369.2099914550781,363.3992004394531
2023-11-07,372.70001220703125,366.8343505859375
2023-11-08,372.94000244140625,367.0704650878906
2023-11-09,370.07000732421875,364.2456359863281
2023-11-10,378.3900146484375,372.4346923828125
2023-11-13,377.2099914550781,371.2733154296875
2023-11-14,385.3299865722656,379.2655029296875
2023-11-15,385.6199951171875,379.55096435546875
2023-11-16,385.95001220703125,379.8757629394531
2023-11-17,386.0400085449219,379.9643859863281
2023-11-20,390.739990234375,384.5903625488281
2023-11-21,388.4700012207031,382.3560485839844
2023-11-22,390.05999755859375,383.92108154296875
2023-11-24,389.510009765625,383.3797912597656
2023-11-27,389.1700134277344,383.0451354980469
2023-11-28,390.19000244140625,384.04901123046875
2023-11-29,389.80999755859375,383.6750183105469
2023-11-30,388.8299865722656,382.71044921875
2023-12-01,389.94000244140625,383.8030090332031
2023-12-04,386.32000732421875,380.23992919921875
2023-12-05,387.2900085449219,381.19464111328125
2023-12-06,385.04998779296875,378.98992919921875
2023-12-07,390.42999267578125,384.2852783203125
2023-12-08,392.1700134277344,385.9978332519531
2023-12-11,395.5199890136719,389.2951354980469
2023-12-12,398.6700134277344,392.39556884765625
2023-12-13,403.739990234375,397.3857116699219
2023-12-14,403.3900146484375,397.0412292480469
2023-12-15,405.3399963378906,398.9605712890625
2023-12-18,407.0799865722656,401.4734802246094
2023-12-19,409.1600036621094,403.5248718261719
2023-12-20,403.0799865722656,397.5285949707031
2023-12-21,407.7699890136719,402.15399169921875
2023-12-22,408.3800048828125,402.7555847167969
2023-12-26,410.8800048828125,405.22113037109375
2023-12-27,411.5,406.0461120605469
2023-12-28,411.29998779296875,405.8487243652344
2023-12-29,409.5199890136719,404.0923156738281
2024-01-02,402.5899963378906,397.25408935546875
2024-01-03,398.3299865722656,393.0506591796875
2024-01-04,396.2799987792969,391.02783203125
2024-01-05,396.75,391.4915771484375
2024-01-08,404.95001220703125,399.58294677734375
2024-01-09,405.75,400.3722839355469
2024-01-10,408.5,403.0859375
2024-01-11,409.3500061035156,403.92462158203125
2024-01-12,409.55999755859375,404.1318054199219
2024-01-16,409.5199890136719,404.0923156738281
2024-01-17,407.2099914550781,401.81292724609375
2024-01-18,412.989990234375,407.5163269042969
2024-01-19,421.17999267578125,415.5978088378906
2024-01-22,421.7300109863281,416.14056396484375
2024-01-23,423.4800109863281,417.8673400878906
2024-01-24,425.8299865722656,420.1861572265625
2024-01-25,426.3500061035156,420.69927978515625
2024-01-26,423.80999755859375,418.1929626464844
2024-01-29,428.1499938964844,422.47540283203125
2024-01-30,425.29998779296875,419.66314697265625
2024-01-31,416.9700012207031,411.4435729980469
2024-02-01,421.8800048828125,416.2885437011719
2024-02-02,429.010009765625,423.32403564453125
2024-02-05,428.45001220703125,422.7715148925781
2024-02-06,427.5899963378906,421.9228210449219
2024-02-07,431.989990234375,426.2644958496094
2024-02-08,432.7900085449219,427.0539245605469
2024-02-09,437.04998779296875,431.2574768066406
2024-02-12,435.3399963378906,429.5700988769531
2024-02-13,428.54998779296875,422.8701171875
2024-02-14,433.2200012207031,427.478271484375
2024-02-15,434.510009765625,428.75115966796875
2024-02-16,430.57000732421875,424.8633728027344
2024-02-20,427.32000732421875,421.6563720703125
2024-02-21,425.6099853515625,419.96905517578125
2024-02-22,438.07000732421875,432.2638854980469
2024-02-23,436.7799987792969,430.99102783203125
2024-02-26,436.54998779296875,430.76409912109375
2024-02-27,437.6000061035156,431.8002014160156
2024-02-28,435.2699890136719,429.5010681152344
2024-02-29,439.0,433.181640625
2024-03-01,445.6099853515625,439.70404052734375
2024-03-04,444.0199890136719,438.1350402832031
2024-03-05,436.04998779296875,430.27069091796875
2024-03-06,438.7900085449219,432.9743957519531
2024-03-07,445.45001220703125,439.546142578125
2024-03-08,439.0199890136719,433.20135498046875
2024-03-11,437.3900146484375,431.5929870605469
2024-03-12,443.6600036621094,437.7798767089844
2024-03-13,440.25,434.4150390625
2024-03-14,439.1400146484375,433.3197937011719
2024-03-15,433.9200134277344,428.1689758300781
2024-03-18,437.4800109863281,432.25262451171875
2024-03-19,438.57000732421875,433.32952880859375
2024-03-20,443.7699890136719,438.4673767089844
2024-03-21,445.8699951171875,440.54229736328125
2024-03-22,446.3800048828125,441.0462646484375
2024-03-25,444.760009765625,439.4456481933594
2024-03-26,443.32000732421875,438.0228271484375
2024-03-27,444.8299865722656,439.5147399902344
2024-03-28,444.010009765625,438.7045593261719
2024-04-01,444.95001220703125,439.6333312988281
2024-04-02,441.1099853515625,435.83917236328125
2024-04-03,442.1000061035156,436.8173828125
2024-04-04,435.3399963378906,430.1380920410156
2024-04-05,440.4700012207031,435.20684814453125
2024-04-08,440.6000061035156,435.3353271484375
2024-04-09,442.2300109863281,436.94580078125
2024-04-10,438.3699951171875,433.1319274902344
2024-04-11,445.3699951171875,440.0483093261719
2024-04-12,438.2699890136719,433.03314208984375
2024-04-15,431.05999755859375,425.90924072265625
2024-04-16,431.1000061035156,425.94879150390625
2024-04-17,425.8399963378906,420.75164794921875
2024-04-18,423.4100036621094,418.3506774902344
2024-04-19,414.6499938964844,409.6953430175781
2024-04-22,418.82000732421875,413.8155517578125
2024-04-23,425.07000732421875,419.9908752441406
2024-04-24,426.510009765625,421.4136962890625
2024-04-25,424.45001220703125,419.3782653808594
2024-04-26,431.0,425.8499755859375
2024-04-29,432.75,427.5790710449219
2024-04-30,424.5899963378906,419.5166015625
2024-05-01,421.5199890136719,416.4833068847656
2024-05-02,426.8999938964844,421.7989501953125
2024-05-03,435.4800109863281,430.2764587402344
2024-05-06,440.25,434.9894714355469
2024-05-07,440.32000732421875,435.05859375
2024-05-08,440.05999755859375,434.8017272949219
2024-05-09,441.0199890136719,435.750244140625
2024-05-10,442.05999755859375,436.7778625488281
2024-05-13,443.0799865722656,437.78564453125
2024-05-14,445.92999267578125,440.60162353515625
2024-05-15,452.8999938964844,447.48834228515625
2024-05-16,451.9800109863281,446.5793151855469
2024-05-17,451.760009765625,446.3619079589844
2024-05-20,454.9100036621094,449.4743347167969
2024-05-21,455.79998779296875,450.3536682128906
2024-05-22,455.7099914550781,450.26483154296875
2024-05-23,453.6600036621094,448.2392578125
2024-05-24,457.95001220703125,452.4779968261719
2024-05-28,459.67999267578125,454.1872863769531
2024-05-29,456.44000244140625,450.9859924316406
2024-05-30,451.54998779296875,446.15447998046875
2024-05-31,450.7099914550781,445.3244934082031
2024-06-03,453.1300048828125,447.71551513671875
2024-06-04,454.3699951171875,448.9407653808594
2024-06-05,463.5299987792969,457.9913024902344
2024-06-06,463.3699951171875,457.833251953125
2024-06-07,462.9599914550781,457.42816162109375
2024-06-10,464.8299865722656,459.2757568359375
2024-06-11,468.0199890136719,462.4277038574219
2024-06-12,474.1499938964844,468.48443603515625
2024-06-13,476.7200012207031,471.023681640625
2024-06-14,479.19000244140625,473.4641418457031
2024-06-17,485.05999755859375,479.26397705078125
2024-06-18,485.2099914550781,479.41229248046875
2024-06-20,481.4700012207031,475.71697998046875
2024-06-21,480.17999267578125,474.4423828125
2024-06-24,473.9599914550781,469.0409851074219
2024-06-25,479.3800048828125,474.40478515625
2024-06-26,480.3699951171875,475.38446044921875
2024-06-27,481.6099853515625,476.611572265625
2024-06-28,479.1099853515625,474.1375427246094
2024-07-01,481.9200134277344,476.9184265136719
2024-07-02,486.9800109863281,481.9258728027344
2024-07-03,491.0400085449219,485.9437561035156
2024-07-05,496.1600036621094,491.0105895996094
2024-07-08,497.3399963378906,492.1783447265625
2024-07-09,497.7699890136719,492.6038818359375
2024-07-10,502.9599914550781,497.739990234375
2024-07-11,491.92999267578125,486.8244934082031
2024-07-12,494.82000732421875,489.68450927734375
2024-07-15,496.1499938964844,491.0007019042969
2024-07-16,496.3399963378906,491.1887512207031
2024-07-17,481.7699890136719,476.7699890136719
2024-07-18,479.489990234375,474.5135803222656
2024-07-19,475.239990234375,470.30767822265625
2024-07-22,482.32000732421875,477.314208984375
2024-07-23,480.6199951171875,475.6318664550781
2024-07-24,463.3800048828125,458.57080078125
2024-07-25,458.2699890136719,453.5138244628906
2024-07-26,462.9700012207031,458.16510009765625
2024-07-29,463.8999938964844,459.08544921875
2024-07-30,457.5299987792969,452.781494140625
2024-07-31,471.07000732421875,466.18096923828125
2024-08-01,459.6600036621094,454.8894348144531
2024-08-02,448.75,444.0926208496094
2024-08-05,435.3699951171875,430.8515319824219
2024-08-06,439.5299987792969,434.9683532714844
2024-08-07,434.7699890136719,430.2577209472656
2024-08-08,448.07000732421875,443.41973876953125
2024-08-09,450.4100036621094,445.7354431152344
2024-08-12,451.3800048828125,446.6953430175781
2024-08-13,462.5799865722656,457.779052734375
2024-08-14,462.7300109863281,457.9275817871094
2024-08-15,474.4200134277344,469.4962463378906
2024-08-16,475.0299987792969,470.0998840332031
2024-08-19,481.2699890136719,476.275146484375
2024-08-20,480.260009765625,475.2756652832031
2024-08-21,482.5,477.49237060546875
2024-08-22,474.8500061035156,469.92181396484375
2024-08-23,480.0,475.018310546875
2024-08-26,475.3399963378906,470.40667724609375
2024-08-27,476.760009765625,471.81195068359375
2024-08-28,471.3500061035156,466.45806884765625
2024-08-29,470.6600036621094,465.7752380371094
2024-08-30,476.2699890136719,471.3269958496094
2024-09-03,461.80999755859375,457.0171203613281
2024-09-04,460.6099853515625,455.8294982910156
2024-09-05,461.0400085449219,456.25506591796875
2024-09-06,448.69000244140625,444.0332946777344
2024-09-09,454.4599914550781,449.7433776855469
2024-09-10,458.6600036621094,453.8998718261719
2024-09-11,468.6199951171875,463.75640869140625
2024-09-12,473.2200012207031,468.30865478515625
2024-09-13,475.3399963378906,470.40667724609375
2024-09-16,473.239990234375,468.3284606933594
2024-09-17,473.489990234375,468.5758972167969
2024-09-18,471.44000244140625,466.5471496582031
2024-09-19,483.3599853515625,478.34344482421875
2024-09-20,482.44000244140625,477.4330139160156
2024-09-23,483.0400085449219,478.69854736328125
2024-09-24,485.3699951171875,481.0075378417969
2024-09-25,485.82000732421875,481.4535217285156
2024-09-26,489.4700012207031,485.0706787109375
2024-09-27,486.75,482.37518310546875
2024-09-30,488.07000732421875,483.6833190917969
2024-10-01,481.2699890136719,476.9444274902344
2024-10-02,481.95001220703125,477.6183166503906
2024-10-03,481.5899963378906,477.2615051269531
2024-10-04,487.32000732421875,482.94000244140625
2024-10-07,482.1000061035156,477.7669982910156
2024-10-08,489.29998779296875,484.9022216796875
2024-10-09,493.1499938964844,488.7176513671875
2024-10-10,492.5899963378906,488.16265869140625
2024-10-11,493.3599853515625,488.9257507324219
2024-10-14,497.5,493.02850341796875
2024-10-15,490.8500061035156,486.4383239746094
2024-10-16,490.9100036621094,486.497802734375
2024-10-17,491.25,486.834716796875
2024-10-18,494.4700012207031,490.0257568359375
2024-10-21,495.4200134277344,490.9672546386719
2024-10-22,495.9599914550781,491.50244140625
2024-10-23,488.3599853515625,483.9706726074219
2024-10-24,492.32000732421875,487.89508056640625
2024-10-25,495.32000732421875,490.8681335449219
2024-10-28,495.3999938964844,490.94744873046875
2024-10-29,500.1600036621094,495.6646728515625
2024-10-30,496.3800048828125,491.9185791015625
2024-10-31,483.8500061035156,479.50128173828125
2024-11-01,487.42999267578125,483.049072265625
2024-11-04,486.010009765625,481.6418151855469
2024-11-05,492.2099914550781,487.78607177734375
2024-11-06,505.5799865722656,501.0359191894531
2024-11-07,513.5399780273438,508.92431640625
2024-11-08,514.1400146484375,509.5190124511719
2024-11-11,513.8400268554688,509.22174072265625
2024-11-12,512.9099731445312,508.300048828125
2024-11-13,512.25,507.64599609375
2024-11-14,508.69000244140625,504.1180114746094
2024-11-15,496.57000732421875,492.1069030761719
2024-11-18,500.0199890136719,495.5259094238281
2024-11-19,503.4599914550781,498.9349670410156
2024-11-20,503.1700134277344,498.6476135253906
2024-11-21,504.9800109863281,500.4413757324219
2024-11-22,505.7900085449219,501.2440490722656
2024-11-25,506.5899963378906,502.0368347167969
2024-11-26,509.30999755859375,504.732421875
2024-11-27,505.29998779296875,500.7584228515625
2024-11-29,509.739990234375,505.15850830078125
2024-12-02,515.2899780273438,510.65869140625
2024-12-03,516.8699951171875,512.2244262695312
2024-12-04,523.260009765625,518.5570678710938
2024-12-05,521.8099975585938,517.1200561523438
2024-12-06,526.47998046875,521.7481079101562
2024-12-09,522.3800048828125,517.6848754882812
2024-12-10,520.5999755859375,515.9209594726562
2024-12-11,529.9199829101562,525.1571655273438
2024-12-12,526.5,521.767822265625
2024-12-13,530.530029296875,525.76171875
2024-12-16,538.1699829101562,533.3330078125
2024-12-17,535.7999877929688,530.984375
2024-12-18,516.469970703125,511.8279724121094
2024-12-19,514.1699829101562,509.54876708984375
2024-12-20,518.6599731445312,513.998291015625
2024-12-23,522.8699951171875,519.006103515625
2024-12-24,529.9600219726562,526.043701171875
2024-12-26,529.5999755859375,525.6863403320312
2024-12-27,522.5599975585938,518.6983642578125
2024-12-30,515.6099853515625,511.79974365234375
2024-12-31,511.2300109863281,507.4521179199219
2025-01-02,510.2300109863281,506.4595031738281
2025-01-03,518.5800170898438,514.7477416992188
2025-01-06,524.5399780273438,520.6636962890625
2025-01-07,515.1799926757812,511.37286376953125
2025-01-08,515.27001953125,511.4622497558594
2025-01-10,507.19000244140625,503.4420166015625
2025-01-13,505.55999755859375,501.823974609375
2025-01-14,505.0799865722656,501.3475341796875
2025-01-15,516.7000122070312,512.8816528320312
2025-01-16,513.0800170898438,509.2884521484375
2025-01-17,521.739990234375,517.8843994140625
2025-01-21,524.7999877929688,520.921875
2025-01-22,531.510009765625,527.5822143554688
2025-01-23,532.6400146484375,528.7039184570312
2025-01-24,529.6300048828125,525.7161865234375
2025-01-27,514.2100219726562,510.41009521484375
2025-01-28,521.8099975585938,517.9539184570312
2025-01-29,520.8300170898438,516.981201171875
2025-01-30,523.0499877929688,519.1847534179688
2025-01-31,522.2899780273438,518.430419921875
2025-02-03,518.1099853515625,514.28125
2025-02-04,524.469970703125,520.5942993164062
2025-02-05,526.8499755859375,522.9566650390625
2025-02-06,529.5999755859375,525.6863403320312
2025-02-07,522.9199829101562,519.0557250976562
2025-02-10,529.25,525.3389892578125
2025-02-11,527.989990234375,524.0882568359375
2025-02-12,528.2999877929688,524.3959350585938
2025-02-13,535.9000244140625,531.9398803710938
2025-02-14,538.1500244140625,534.1732177734375
2025-02-18,539.3699951171875,535.3841552734375
2025-02-19,539.52001953125,535.5330200195312
2025-02-20,537.22998046875,533.2598266601562
2025-02-21,526.0800170898438,522.1923828125
2025-02-24,519.8699951171875,516.0281982421875
2025-02-25,513.3200073242188,509.5267028808594
2025-02-26,514.5599975585938,510.75762939453125
2025-02-27,500.2699890136719,496.5731201171875
2025-02-28,508.1700134277344,504.4147644042969
2025-03-03,497.04998779296875,493.3768615722656
2025-03-04,495.54998779296875,491.8879699707031
2025-03-05,502.010009765625,498.30023193359375
2025-03-06,488.20001220703125,484.59234619140625
2025-03-07,491.7900085449219,488.15576171875
2025-03-10,472.7300109863281,469.23663330078125
2025-03-11,471.6000061035156,468.1149597167969
2025-03-12,476.9200134277344,473.39569091796875
2025-03-13,468.3399963378906,464.8790283203125
2025-03-14,479.6600036621094,476.11541748046875
2025-03-17,482.7699890136719,479.202392578125
2025-03-18,474.5400085449219,471.03326416015625
2025-03-19,480.8900146484375,477.3363037109375
2025-03-20,479.260009765625,475.7183837890625
2025-03-21,480.8399963378906,477.2866516113281
2025-03-24,490.6600036621094,487.7604064941406
2025-03-25,493.4599914550781,490.54388427734375
2025-03-26,484.3800048828125,481.51751708984375
2025-03-27,481.6199951171875,478.77386474609375
2025-03-28,468.94000244140625,466.16876220703125
2025-03-31,468.9200134277344,466.14892578125
2025-04-01,472.70001220703125,469.90655517578125
2025-04-02,476.1499938964844,473.3361511230469
2025-04-03,450.6600036621094,447.9967956542969
2025-04-04,422.6700134277344,420.1722106933594
2025-04-07,423.69000244140625,421.1861877441406
2025-04-08,416.05999755859375,413.60125732421875
2025-04-09,466.0,463.24615478515625
2025-04-10,446.17999267578125,443.5433044433594
2025-04-11,454.3999938964844,451.71466064453125
2025-04-14,457.4800109863281,454.7765197753906
2025-04-15,457.989990234375,455.283447265625
2025-04-16,444.17999267578125,441.5550537109375
2025-04-17,444.1000061035156,441.4755859375
2025-04-21,433.1099853515625,430.5505065917969
2025-04-22,444.4800109863281,441.85333251953125
2025-04-23,454.55999755859375,451.873779296875
2025-04-24,467.3500061035156,464.5881652832031
2025-04-25,472.55999755859375,469.76739501953125
2025-04-28,472.4100036621094,469.61822509765625
2025-04-29,475.5299987792969,472.7198181152344
2025-04-30,475.4700012207031,472.6601867675781
2025-05-01,481.67999267578125,478.8334655761719
2025-05-02,488.8299865722656,485.94122314453125
2025-05-05,485.92999267578125,483.0583190917969
2025-05-06,481.4100036621094,478.5650634765625
2025-05-07,483.29998779296875,480.44390869140625
2025-05-08,488.2900085449219,485.4044494628906
2025-05-09,487.9700012207031,485.0863037109375
2025-05-12,507.8500061035156,504.8488464355469
2025-05-13,515.5900268554688,512.5431518554688
2025-05-14,518.6799926757812,515.6148681640625
2025-05-15,519.25,516.1814575195312
2025-05-16,521.510009765625,518.4281616210938
2025-05-19,522.010009765625,518.9251708984375
2025-05-20,520.27001953125,517.1954345703125
2025-05-21,513.0399780273438,510.0080871582031
2025-05-22,514.0,510.9624938964844
2025-05-23,509.239990234375,506.2306213378906
2025-05-27,521.219970703125,518.1398315429688
2025-05-28,518.9099731445312,515.8433837890625
2025-05-29,519.9299926757812,516.857421875
2025-05-30,519.1099853515625,516.042236328125
2025-06-02,523.2100219726562,520.1180419921875
2025-06-03,527.2999877929688,524.183837890625
2025-06-04,528.77001953125,525.6452026367188
2025-06-05,524.7899780273438,521.6886596679688
2025-06-06,529.9199829101562,526.7883911132812
2025-06-09,530.7000122070312,527.5638427734375
2025-06-10,534.2100219726562,531.0530395507812
2025-06-11,532.4099731445312,529.2636108398438
2025-06-12,533.6599731445312,530.5062866210938
2025-06-13,526.9600219726562,523.8458862304688
2025-06-16,534.2899780273438,531.132568359375
2025-06-17,529.0800170898438,525.9534301757812
2025-06-18,528.989990234375,525.8639526367188
2025-06-20,526.8300170898438,523.7166748046875
2025-06-23,531.6500244140625,529.1017456054688
2025-06-24,539.780029296875,537.1928100585938
2025-06-25,541.1599731445312,538.566162109375
2025-06-26,546.219970703125,543.6018676757812
2025-06-27,548.0900268554688,545.4629516601562
2025-06-30,551.6400146484375,548.9960327148438
2025-07-01,546.989990234375,544.3681640625
2025-07-02,550.7999877929688,548.159912109375
2025-07-03,556.219970703125,553.5538940429688
2025-07-07,552.030029296875,549.3840942382812
2025-07-08,552.3400268554688,549.6925659179688
2025-07-09,556.25,553.5838623046875
2025-07-10,555.4500122070312,552.7877197265625
2025-07-11,554.2000122070312,551.543701171875
2025-07-14,556.2100219726562,553.5440063476562
2025-07-15,556.719970703125,554.0515747070312
2025-07-16,557.2899780273438,554.6188354492188
2025-07-17,561.7999877929688,559.1072387695312
2025-07-18,561.260009765625,558.56982421875
2025-07-21,564.1699829101562,561.4658203125
2025-07-22,561.25,558.5599365234375
2025-07-23,563.8099975585938,561.107666015625
2025-07-24,565.010009765625,562.3018798828125
2025-07-25,566.3699951171875,563.6553344726562
2025-07-28,568.1400146484375,565.4169311523438
2025-07-29,567.260009765625,564.5410766601562
2025-07-30,568.02001953125,565.2974243164062
2025-07-31,565.010009765625,562.3018798828125
2025-08-01,553.8800048828125,551.2251586914062
2025-08-04,564.0999755859375,561.3961791992188
2025-08-05,560.27001953125,557.5845336914062
2025-08-06,567.3200073242188,564.6007690429688
2025-08-07,569.239990234375,566.5115966796875
2025-08-08,574.5499877929688,571.7960815429688
2025-08-11,572.8499755859375,570.104248046875
2025-08-12,580.0499877929688,577.269775390625
2025-08-13,580.3400268554688,577.558349609375
2025-08-14,579.8900146484375,577.1105346679688
2025-08-15,577.3400268554688,574.57275390625
2025-08-18,577.1099853515625,574.3438110351562
2025-08-19,569.280029296875,566.5513916015625
2025-08-20,565.9000244140625,563.1876220703125
2025-08-21,563.280029296875,560.5802001953125
2025-08-22,571.969970703125,569.2284545898438
2025-08-25,570.3200073242188,567.58642578125
2025-08-26,572.6099853515625,569.8653564453125
2025-08-27,573.489990234375,570.7412109375
2025-08-28,577.0800170898438,574.3140258789062
2025-08-29,570.4000244140625,567.666015625
2025-09-02,565.6199951171875,562.9088745117188
2025-09-03,570.0700073242188,567.3375854492188
2025-09-04,575.22998046875,572.4728393554688
2025-09-05,576.0599975585938,573.298828125
2025-09-08,578.8699951171875,576.0953979492188
2025-09-09,580.510009765625,577.7275390625
2025-09-10,580.7000122070312,577.9166870117188
2025-09-11,584.0800170898438,581.2803955078125
2025-09-12,586.6599731445312,583.8480834960938
2025-09-15,591.6799926757812,588.843994140625
2025-09-16,591.1799926757812,588.3463745117188
2025-09-17,590.0,587.1720581054688
2025-09-18,595.3200073242188,592.466552734375
2025-09-19,599.3499755859375,596.4771728515625
2025-09-22,602.2000122070312,600.0083618164062
2025-09-23,598.2000122070312,596.0228881835938
2025-09-24,596.0999755859375,593.9305419921875
2025-09-25,593.530029296875,591.3699340820312
2025-09-26,595.969970703125,593.8009643554688
2025-09-29,598.72998046875,596.5509643554688
2025-09-30,600.3699951171875,598.1849975585938
2025-10-01,603.25,601.0545043945312
2025-10-02,605.72998046875,603.5255126953125
2025-10-03,603.1799926757812,600.9848022460938
2025-10-06,607.7100219726562,605.498291015625
2025-10-07,604.510009765625,602.3099975585938
2025-10-08,611.4400024414062,609.2147216796875
2025-10-09,610.7000122070312,608.4774169921875
2025-10-10,589.5,587.3545532226562
2025-10-13,602.010009765625,599.8190307617188
2025-10-14,598.0,595.8236694335938
2025-10-15,602.219970703125,600.0282592773438
2025-10-16,599.989990234375,597.806396484375
2025-10-17,603.9299926757812,601.7320556640625
2025-10-20,611.5399780273438,609.3143310546875
2025-10-21,611.3800048828125,609.1549072265625
2025-10-22,605.489990234375,603.286376953125
2025-10-23,610.5800170898438,608.35791015625
2025-10-24,617.0999755859375,614.8540649414062
2025-10-27,628.0900268554688,625.80419921875
2025-10-28,632.9199829101562,630.6165161132812
2025-10-29,635.77001953125,633.4561767578125
2025-10-30,626.0499877929688,623.7715454101562
2025-10-31,629.0700073242188,626.7805786132812
2025-11-03,632.0800170898438,629.7796630859375
2025-11-04,619.25,616.996337890625
2025-11-05,623.280029296875,621.0116577148438
2025-11-06,611.6699829101562,609.44384765625
2025-11-07,609.739990234375,607.5209350585938
2025-11-10,623.22998046875,620.9617919921875
2025-11-11,621.5700073242188,619.307861328125
2025-11-12,621.0800170898438,618.8196411132812
2025-11-13,608.4000244140625,606.1858520507812
2025-11-14,608.8599853515625,606.64404296875
2025-11-17,603.6599731445312,601.4630126953125
2025-11-18,596.3099975585938,594.1397705078125
2025-11-19,599.8699951171875,597.6868286132812
2025-11-20,585.6699829101562,583.5385131835938
2025-11-21,590.0700073242188,587.9224853515625
2025-11-24,605.1599731445312,602.9575805664062
2025-11-25,608.8900146484375,606.674072265625
2025-11-26,614.27001953125,612.034423828125
2025-11-28,619.25,616.996337890625
2025-12-01,617.1699829101562,614.923828125
2025-12-02,622.0,619.7362670898438
2025-12-03,623.52001953125,621.2507934570312
2025-12-04,622.9400024414062,620.6728515625
2025-12-05,625.47998046875,623.2036743164062
2025-12-08,624.280029296875,622.0079956054688
2025-12-09,625.0499877929688,622.7752075195312
2025-12-10,627.6099853515625,625.3258666992188
2025-12-11,625.5800170898438,623.3033447265625
2025-12-12,613.6199951171875,611.3867797851562
2025-12-15,610.5399780273438,608.3179931640625
2025-12-16,611.75,609.5235595703125
2025-12-17,600.4099731445312,598.2247924804688
2025-12-18,609.1099853515625,606.8931884765625
2025-12-19,617.0499877929688,614.8042602539062
2025-12-22,619.2100219726562,617.7513427734375
2025-12-23,622.1099853515625,620.6444702148438
2025-12-24,623.9299926757812,622.460205078125
2025-12-26,623.8900146484375,622.4203491210938
2025-12-29,620.8699951171875,619.4074096679688
2025-12-30,619.4299926757812,617.9707641601562
2025-12-31,614.3099975585938,612.8628540039062
2026-01-02,613.1199951171875,611.6756591796875
2026-01-05,617.989990234375,616.5341796875
2026-01-06,623.4199829101562,621.951416015625
2026-01-07,624.02001953125,622.550048828125
2026-01-08,620.469970703125,619.0083618164062
2026-01-09,626.6500244140625,625.173828125
2026-01-12,627.1699829101562,625.6925659179688
2026-01-13,626.239990234375,624.7647705078125
2026-01-14,619.5499877929688,618.0905151367188
2026-01-15,621.780029296875,620.3153076171875
2026-01-16,621.260009765625,619.7965087890625
2026-01-20,608.0599975585938,606.6276245117188
2026-01-21,616.280029296875,614.8282470703125
2026-01-22,620.760009765625,619.2976684570312
2026-01-23,622.719970703125,621.2530517578125
2026-01-26,625.4600219726562,623.9866333007812
2026-01-27,631.1300048828125,629.6432495117188
2026-01-28,633.219970703125,631.728271484375
2026-01-29,629.4299926757812,627.9472045898438
2026-01-30,621.8699951171875,620.405029296875
2026-02-02,626.1400146484375,624.6650390625
2026-02-03,616.52001953125,615.0676879882812
2026-02-04,605.75,604.322998046875
2026-02-05,597.030029296875,595.6235961914062
2026-02-06,609.6500244140625,608.2138671875
2026-02-09,614.3200073242188,612.8728637695312
2026-02-10,611.469970703125,610.029541015625
2026-02-11,613.1099853515625,611.6657104492188
2026-02-12,600.6400146484375,599.22509765625
2026-02-13,601.9199829101562,600.5020141601562
2026-02-17,601.2999877929688,599.8834838867188
2026-02-18,605.7899780273438,604.3629760742188
2026-02-19,603.469970703125,602.04833984375
2026-02-20,608.8099975585938,607.3757934570312
2026-02-23,601.4099731445312,599.9932250976562
2026-02-24,607.8699951171875,606.4380493164062
2026-02-25,616.6799926757812,615.227294921875
2026-02-26,609.239990234375,607.8048095703125
2026-02-27,607.2899780273438,605.8594360351562
2026-03-02,608.0900268554688,606.6575317382812
2026-03-03,601.5800170898438,600.162841796875
2026-03-04,610.75,609.3112182617188
2026-03-05,608.9099731445312,607.4755859375
2026-03-06,599.75,598.337158203125
2026-03-09,607.760009765625,606.3283081054688
2026-03-10,607.77001953125,606.3383178710938
2026-03-11,607.6900024414062,606.2584228515625
2026-03-12,597.260009765625,595.85302734375
2026-03-13,593.719970703125,592.3213500976562
2026-03-16,600.3800048828125,598.9656982421875
2026-03-17,603.3099975585938,601.8887939453125
2026-03-18,594.9000244140625,593.4986572265625
2026-03-19,593.02001953125,591.623046875
2026-03-20,582.0599975585938,580.6888427734375
2026-03-23,588.0,587.3545532226562
2026-03-24,583.97998046875,583.3389282226562
2026-03-25,587.8200073242188,587.1747436523438
2026-03-26,573.7899780273438,573.1600952148438
2026-03-27,562.5800170898438,561.9624633789062
2026-03-30,558.280029296875,557.6671752929688
2026-03-31,577.1799926757812,576.54638671875
2026-04-01,584.3099975585938,583.6685791015625
2026-04-02,584.97998046875,584.3378295898438
2026-04-06,588.5,587.85400390625
2026-04-07,588.5900268554688,587.9439086914062
2026-04-08,606.0900268554688,605.4246826171875
2026-04-09,610.1900024414062,609.5202026367188
2026-04-10,611.0700073242188,610.3992309570312
2026-04-13,617.3900146484375,616.7122802734375
2026-04-14,628.5999755859375,627.909912109375
2026-04-15,637.4000244140625,636.7003173828125
2026-04-16,640.469970703125,639.7669067382812
2026-04-17,648.8499755859375,648.1376953125
2026-04-20,646.7899780273438,646.0799560546875
2026-04-21,644.3300170898438,643.6226806640625
2026-04-22,655.1099853515625,654.390869140625
2026-04-23,651.4199829101562,650.7048950195312
2026-04-24,663.8800048828125,663.1512451171875
2026-04-27,664.22998046875,663.5008544921875
2026-04-28,657.5499877929688,656.8281860351562
2026-04-29,661.5700073242188,660.84375
2026-04-30,667.739990234375,667.0069580078125
2026-05-01,674.1500244140625,673.4099731445312
2026-05-04,672.8800048828125,672.141357421875
2026-05-05,681.6099853515625,680.8617553710938
2026-05-06,695.77001953125,695.0062255859375
2026-05-07,694.9400024414062,694.1771240234375
2026-05-08,711.22998046875,710.44921875
2026-05-11,713.2899780273438,712.5069580078125
2026-05-12,707.239990234375,706.463623046875
2026-05-13,714.7100219726562,713.9254760742188
2026-05-14,719.7899780273438,718.9998168945312
2026-05-15,708.9299926757812,708.1517944335938
2026-05-18,705.8800048828125,705.1051025390625
2026-05-19,701.530029296875,700.7599487304688
2026-05-20,713.1500244140625,712.3671875
2026-05-21,714.510009765625,713.7256469726562
2026-05-22,717.5399780273438,716.7523193359375
2026-05-26,730.280029296875,729.4783935546875
2026-05-27,729.4500122070312,728.6492919921875
2026-05-28,735.5999755859375,734.79248046875
2026-05-29,738.3099975585938,737.49951171875
2026-06-01,742.739990234375,741.9246826171875
2026-06-02,746.1599731445312,745.3408813476562
2026-06-03,744.2100219726562,743.39306640625
2026-06-04,740.6099853515625,739.7969970703125
2026-06-05,705.0599975585938,704.2860107421875
2026-06-08,716.0700073242188,715.283935546875
2026-06-09,707.8300170898438,707.052978515625
2026-06-10,693.6900024414062,692.9285278320312
2026-06-11,717.1199951171875,716.332763671875
2026-06-12,721.3400268554688,720.5481567382812
2026-06-15,744.0,743.1832885742188
2026-06-16,729.8599853515625,729.0587768554688
2026-06-17,722.510009765625,721.7168579101562
2026-06-18,740.6199951171875,739.8070068359375
2026-06-22,737.9500122070312,737.9500122070312
2026-06-23,713.6500244140625,713.6500244140625
2026-06-24,710.6199951171875,710.6199951171875
2026-06-25,716.3800048828125,716.3800048828125
2026-06-26,706.52001953125,706.52001953125
2026-06-29,724.0800170898438,724.0800170898438
2026-06-30,736.4000244140625,736.4000244140625
2026-07-01,725.1699829101562,725.1699829101562
2026-07-02,712.5999755859375,712.5999755859375
2026-07-06,722.8200073242188,722.8200073242188
2026-07-07,709.4299926757812,709.4299926757812
2026-07-08,711.4400024414062,711.4400024414062
2026-07-09,723.280029296875,723.280029296875
2026-07-10,725.510009765625,725.510009765625
2026-07-13,711.739990234375,711.739990234375
2026-07-14,719.6900024414062,719.6900024414062
2026-07-15,717.739990234375,717.739990234375
2026-07-16,705.9400024414062,705.9400024414062
2026-07-17,695.3300170898438,695.3300170898438
2026-07-20,696.0599975585938,696.0599975585938
2026-07-21,708.969970703125,708.969970703125
2026-07-22,705.3499755859375,705.3499755859375
2026-07-23,691.9600219726562,691.9600219726562
2026-07-24,684.22998046875,684.22998046875
2026-07-27,682.1199951171875,682.1199951171875
2026-07-28,675.489990234375,675.489990234375
2026-07-29,661.72998046875,661.72998046875
2026-07-30,683.5499877929688,683.5499877929688
2026-07-31,687.989990234375,687.989990234375
2026-08-03,700.0700073242188,700.0700073242188
2026-08-04,723.8499755859375,723.8499755859375
2026-08-05,717.2999877929688,717.2999877929688
2026-08-06,714.6500244140625,714.6500244140625
2026-08-07,723.030029296875,723.030029296875
2026-08-10,720.8699951171875,720.8699951171875
2026-08-11,718.4500122070312,718.4500122070312
2026-08-12,723.7000122070312,723.7000122070312
2026-08-13,732.0700073242188,732.0700073242188
2026-08-14,731.0700073242188,731.0700073242188
2026-08-17,729.8699951171875,729.8699951171875
2026-08-18,717.510009765625,717.510009765625
2026-08-19,716.0800170898438,716.0800170898438
2026-08-20,710.9299926757812,710.9299926757812
2026-08-21,713.4400024414062,713.4400024414062
2026-08-24,706.3200073242188,706.3200073242188
2026-08-25,710.719970703125,710.719970703125
2026-08-26,711.3699951171875,711.3699951171875
2026-08-27,721.1099853515625,721.1099853515625
2026-08-28,716.4299926757812,716.4299926757812
2026-08-31,716.760009765625,716.760009765625
2026-09-01,707.6400146484375,707.6400146484375
2026-09-02,709.239990234375,709.239990234375
2026-09-03,717.6699829101562,717.6699829101562
2026-09-04,718.9600219726562,718.9600219726562
2026-09-08,718.3599853515625,718.3599853515625
2026-09-09,716.3099975585938,716.3099975585938
2026-09-10,708.6900024414062,708.6900024414062
2026-09-11,714.8800048828125,714.8800048828125
